type,name,segment,latitude,longitude,elevation_m,time
trackpoint,Monday Morning Walk,1,38.571513,-78.293021,238.9,2026-04-20T11:20:40.298Z
trackpoint,Monday Morning Walk,1,38.571635,-78.293002,241.7,2026-04-20T11:20:47.000Z
trackpoint,Monday Morning Walk,1,38.571608,-78.293032,243.7,2026-04-20T11:20:52.000Z
trackpoint,Monday Morning Walk,1,38.571512,-78.293064,241.6,2026-04-20T11:20:57.000Z
trackpoint,Monday Morning Walk,1,38.571442,-78.293082,240.8,2026-04-20T11:21:02.000Z
trackpoint,Monday Morning Walk,1,38.571437,-78.293092,241.7,2026-04-20T11:21:07.000Z
trackpoint,Monday Morning Walk,1,38.571445,-78.293111,244.9,2026-04-20T11:21:12.000Z
trackpoint,Monday Morning Walk,1,38.571447,-78.293126,246,2026-04-20T11:21:17.000Z
trackpoint,Monday Morning Walk,1,38.571487,-78.293112,246.8,2026-04-20T11:21:22.000Z
trackpoint,Monday Morning Walk,1,38.571473,-78.293107,250.7,2026-04-20T11:21:27.000Z
trackpoint,Monday Morning Walk,1,38.571475,-78.293096,252.9,2026-04-20T11:21:32.000Z
trackpoint,Monday Morning Walk,1,38.57147,-78.293067,258.6,2026-04-20T11:21:37.000Z
trackpoint,Monday Morning Walk,1,38.571475,-78.293061,261.7,2026-04-20T11:21:42.000Z
trackpoint,Monday Morning Walk,1,38.571478,-78.293052,263.2,2026-04-20T11:21:47.000Z
trackpoint,Monday Morning Walk,1,38.571457,-78.293061,263.2,2026-04-20T11:21:53.000Z
trackpoint,Monday Morning Walk,1,38.571422,-78.293067,262.6,2026-04-20T11:21:58.000Z
trackpoint,Monday Morning Walk,1,38.571383,-78.293092,262.6,2026-04-20T11:22:03.000Z
trackpoint,Monday Morning Walk,1,38.571375,-78.293101,262.4,2026-04-20T11:22:08.000Z
trackpoint,Monday Morning Walk,1,38.57138,-78.293097,262.3,2026-04-20T11:22:13.000Z
trackpoint,Monday Morning Walk,1,38.571398,-78.293092,262.2,2026-04-20T11:22:18.000Z
trackpoint,Monday Morning Walk,1,38.571403,-78.293099,262.2,2026-04-20T11:22:23.000Z
trackpoint,Monday Morning Walk,1,38.57139,-78.293119,262.4,2026-04-20T11:22:28.000Z
trackpoint,Monday Morning Walk,1,38.571382,-78.293126,262.4,2026-04-20T11:22:33.000Z
trackpoint,Monday Morning Walk,1,38.571295,-78.293164,262.5,2026-04-20T11:22:38.000Z
trackpoint,Monday Morning Walk,1,38.571302,-78.293176,262.7,2026-04-20T11:22:42.000Z
trackpoint,Monday Morning Walk,1,38.571265,-78.293156,263.4,2026-04-20T11:22:49.000Z
trackpoint,Monday Morning Walk,1,38.57119,-78.293196,264.3,2026-04-20T11:22:54.000Z
trackpoint,Monday Morning Walk,1,38.571168,-78.293167,264.9,2026-04-20T11:23:00.000Z
trackpoint,Monday Morning Walk,1,38.571143,-78.293156,265.7,2026-04-20T11:23:05.000Z
trackpoint,Monday Morning Walk,1,38.571247,-78.293134,266.7,2026-04-20T11:23:10.000Z
trackpoint,Monday Morning Walk,1,38.571222,-78.293147,267,2026-04-20T11:23:15.000Z
trackpoint,Monday Morning Walk,1,38.57123,-78.293106,267.6,2026-04-20T11:23:20.000Z
trackpoint,Monday Morning Walk,1,38.57117,-78.293124,268.3,2026-04-20T11:23:25.000Z
trackpoint,Monday Morning Walk,1,38.57111,-78.293179,270.5,2026-04-20T11:23:30.000Z
trackpoint,Monday Morning Walk,1,38.5711,-78.293207,273.9,2026-04-20T11:23:35.000Z
trackpoint,Monday Morning Walk,1,38.571083,-78.293206,275,2026-04-20T11:23:40.000Z
trackpoint,Monday Morning Walk,1,38.571082,-78.293202,275.6,2026-04-20T11:23:46.000Z
trackpoint,Monday Morning Walk,1,38.571085,-78.293202,276.8,2026-04-20T11:23:51.000Z
trackpoint,Monday Morning Walk,1,38.571085,-78.293204,277,2026-04-20T11:23:56.000Z
trackpoint,Monday Morning Walk,1,38.571103,-78.293197,277.5,2026-04-20T11:24:01.000Z
trackpoint,Monday Morning Walk,1,38.571108,-78.293196,277.5,2026-04-20T11:24:06.000Z
trackpoint,Monday Morning Walk,1,38.571098,-78.293194,277.5,2026-04-20T11:24:11.000Z
trackpoint,Monday Morning Walk,1,38.571103,-78.293199,277.5,2026-04-20T11:24:16.000Z
trackpoint,Monday Morning Walk,1,38.57111,-78.293221,277.5,2026-04-20T11:24:21.000Z
trackpoint,Monday Morning Walk,1,38.571102,-78.293224,277.5,2026-04-20T11:24:26.000Z
trackpoint,Monday Morning Walk,1,38.571102,-78.293226,277.6,2026-04-20T11:24:31.000Z
trackpoint,Monday Morning Walk,1,38.57108,-78.293224,277.6,2026-04-20T11:24:36.000Z
trackpoint,Monday Morning Walk,1,38.571065,-78.293257,277.9,2026-04-20T11:24:41.000Z
trackpoint,Monday Morning Walk,1,38.571045,-78.293311,278.7,2026-04-20T11:24:46.000Z
trackpoint,Monday Morning Walk,1,38.571012,-78.293371,279.9,2026-04-20T11:24:52.000Z
trackpoint,Monday Morning Walk,1,38.570947,-78.293429,281.1,2026-04-20T11:24:57.000Z
trackpoint,Monday Morning Walk,1,38.57089,-78.293492,281.9,2026-04-20T11:25:02.000Z
trackpoint,Monday Morning Walk,1,38.570885,-78.293497,282.3,2026-04-20T11:25:07.000Z
trackpoint,Monday Morning Walk,1,38.570887,-78.293507,282.8,2026-04-20T11:25:12.000Z
trackpoint,Monday Morning Walk,1,38.570892,-78.293511,283,2026-04-20T11:25:17.000Z
trackpoint,Monday Morning Walk,1,38.570893,-78.293511,283,2026-04-20T11:25:22.000Z
trackpoint,Monday Morning Walk,1,38.570897,-78.293517,283.2,2026-04-20T11:25:27.000Z
trackpoint,Monday Morning Walk,1,38.570892,-78.293509,283.3,2026-04-20T11:25:32.000Z
trackpoint,Monday Morning Walk,1,38.57089,-78.293502,283.5,2026-04-20T11:25:37.000Z
trackpoint,Monday Morning Walk,1,38.570898,-78.293511,283.7,2026-04-20T11:25:42.000Z
trackpoint,Monday Morning Walk,1,38.57091,-78.293532,284.1,2026-04-20T11:25:48.000Z
trackpoint,Monday Morning Walk,1,38.570898,-78.293524,284.4,2026-04-20T11:25:53.000Z
trackpoint,Monday Morning Walk,1,38.570892,-78.293521,284.6,2026-04-20T11:25:58.000Z
trackpoint,Monday Morning Walk,1,38.570918,-78.293511,285.5,2026-04-20T11:26:03.000Z
trackpoint,Monday Morning Walk,1,38.57094,-78.293502,286.7,2026-04-20T11:26:08.000Z
trackpoint,Monday Morning Walk,1,38.570953,-78.293501,287.1,2026-04-20T11:26:13.000Z
trackpoint,Monday Morning Walk,1,38.570963,-78.293504,287.5,2026-04-20T11:26:18.000Z
trackpoint,Monday Morning Walk,1,38.570957,-78.293506,287.8,2026-04-20T11:26:23.000Z
trackpoint,Monday Morning Walk,1,38.570957,-78.293509,287.7,2026-04-20T11:26:28.000Z
trackpoint,Monday Morning Walk,1,38.570952,-78.293514,287.8,2026-04-20T11:26:33.000Z
trackpoint,Monday Morning Walk,1,38.57095,-78.293514,287.8,2026-04-20T11:26:38.000Z
trackpoint,Monday Morning Walk,1,38.57095,-78.293514,287.8,2026-04-20T11:26:43.000Z
trackpoint,Monday Morning Walk,1,38.570952,-78.293519,287.8,2026-04-20T11:26:48.000Z
trackpoint,Monday Morning Walk,1,38.570953,-78.293511,287.8,2026-04-20T11:26:54.000Z
trackpoint,Monday Morning Walk,1,38.570972,-78.293496,287.8,2026-04-20T11:26:59.000Z
trackpoint,Monday Morning Walk,1,38.570968,-78.293491,287.9,2026-04-20T11:27:04.000Z
trackpoint,Monday Morning Walk,1,38.570968,-78.293492,287.8,2026-04-20T11:27:09.000Z
trackpoint,Monday Morning Walk,1,38.57096,-78.293497,287.9,2026-04-20T11:27:14.000Z
trackpoint,Monday Morning Walk,1,38.570953,-78.293497,287.9,2026-04-20T11:27:19.000Z
trackpoint,Monday Morning Walk,1,38.570958,-78.293489,287.9,2026-04-20T11:27:24.000Z
trackpoint,Monday Morning Walk,1,38.57095,-78.293494,288,2026-04-20T11:27:29.000Z
trackpoint,Monday Morning Walk,1,38.570945,-78.293489,287.9,2026-04-20T11:27:34.000Z
trackpoint,Monday Morning Walk,1,38.57094,-78.293497,288,2026-04-20T11:27:39.000Z
trackpoint,Monday Morning Walk,1,38.570932,-78.293494,288,2026-04-20T11:27:45.000Z
trackpoint,Monday Morning Walk,1,38.570927,-78.293507,287.9,2026-04-20T11:27:50.000Z
trackpoint,Monday Morning Walk,1,38.570892,-78.293552,287.9,2026-04-20T11:27:55.000Z
trackpoint,Monday Morning Walk,1,38.570848,-78.293614,288.4,2026-04-20T11:28:00.000Z
trackpoint,Monday Morning Walk,1,38.570788,-78.293684,289.1,2026-04-20T11:28:05.000Z
trackpoint,Monday Morning Walk,1,38.570735,-78.293714,290,2026-04-20T11:28:10.000Z
trackpoint,Monday Morning Walk,1,38.570662,-78.293719,291.2,2026-04-20T11:28:15.000Z
trackpoint,Monday Morning Walk,1,38.570647,-78.293722,292,2026-04-20T11:28:20.000Z
trackpoint,Monday Morning Walk,1,38.570645,-78.293712,292.4,2026-04-20T11:28:25.000Z
trackpoint,Monday Morning Walk,1,38.57059,-78.293706,292.8,2026-04-20T11:28:30.000Z
trackpoint,Monday Morning Walk,1,38.570545,-78.293691,293.3,2026-04-20T11:28:35.000Z
trackpoint,Monday Morning Walk,1,38.570582,-78.293689,293.9,2026-04-20T11:28:40.000Z
trackpoint,Monday Morning Walk,1,38.570723,-78.293654,294.7,2026-04-20T11:28:46.000Z
trackpoint,Monday Morning Walk,1,38.570727,-78.293656,295.5,2026-04-20T11:28:51.000Z
trackpoint,Monday Morning Walk,1,38.570737,-78.293632,296.7,2026-04-20T11:28:56.000Z
trackpoint,Monday Morning Walk,1,38.570737,-78.293606,298,2026-04-20T11:29:01.000Z
trackpoint,Monday Morning Walk,1,38.570692,-78.293587,299.5,2026-04-20T11:29:06.000Z
trackpoint,Monday Morning Walk,1,38.570572,-78.293602,300.5,2026-04-20T11:29:11.000Z
trackpoint,Monday Morning Walk,1,38.570468,-78.293606,301.2,2026-04-20T11:29:16.000Z
trackpoint,Monday Morning Walk,1,38.570412,-78.293592,300.9,2026-04-20T11:29:21.000Z
trackpoint,Monday Morning Walk,1,38.570362,-78.293589,301.4,2026-04-20T11:29:26.000Z
trackpoint,Monday Morning Walk,1,38.570313,-78.293592,301,2026-04-20T11:29:31.000Z
trackpoint,Monday Morning Walk,1,38.570275,-78.293601,301.3,2026-04-20T11:29:36.000Z
trackpoint,Monday Morning Walk,1,38.570238,-78.293626,302.1,2026-04-20T11:29:42.000Z
trackpoint,Monday Morning Walk,1,38.570217,-78.293651,302.8,2026-04-20T11:29:47.000Z
trackpoint,Monday Morning Walk,1,38.57021,-78.293666,303.6,2026-04-20T11:29:52.000Z
trackpoint,Monday Morning Walk,1,38.570202,-78.293667,304.7,2026-04-20T11:29:57.000Z
trackpoint,Monday Morning Walk,1,38.570135,-78.293707,305.7,2026-04-20T11:30:02.000Z
trackpoint,Monday Morning Walk,1,38.570072,-78.293764,306.7,2026-04-20T11:30:07.000Z
trackpoint,Monday Morning Walk,1,38.570032,-78.293801,306.9,2026-04-20T11:30:12.000Z
trackpoint,Monday Morning Walk,1,38.569993,-78.293829,307.6,2026-04-20T11:30:17.000Z
trackpoint,Monday Morning Walk,1,38.56997,-78.293862,308.3,2026-04-20T11:30:22.000Z
trackpoint,Monday Morning Walk,1,38.569868,-78.293922,308.9,2026-04-20T11:30:27.000Z
trackpoint,Monday Morning Walk,1,38.569793,-78.293982,310,2026-04-20T11:30:32.000Z
trackpoint,Monday Morning Walk,1,38.569778,-78.294031,310.5,2026-04-20T11:30:37.000Z
trackpoint,Monday Morning Walk,1,38.56972,-78.294059,310.1,2026-04-20T11:30:42.000Z
trackpoint,Monday Morning Walk,1,38.569705,-78.294094,310.7,2026-04-20T11:30:48.000Z
trackpoint,Monday Morning Walk,1,38.569685,-78.294104,311.5,2026-04-20T11:30:53.000Z
trackpoint,Monday Morning Walk,1,38.569677,-78.294134,312.3,2026-04-20T11:30:58.000Z
trackpoint,Monday Morning Walk,1,38.56968,-78.294144,312.5,2026-04-20T11:31:03.000Z
trackpoint,Monday Morning Walk,1,38.569648,-78.294151,313.1,2026-04-20T11:31:08.000Z
trackpoint,Monday Morning Walk,1,38.569578,-78.294171,314.3,2026-04-20T11:31:13.000Z
trackpoint,Monday Morning Walk,1,38.569583,-78.294142,314.7,2026-04-20T11:31:18.000Z
trackpoint,Monday Morning Walk,1,38.56959,-78.294136,316.7,2026-04-20T11:31:23.000Z
trackpoint,Monday Morning Walk,1,38.569577,-78.294106,319.3,2026-04-20T11:31:28.000Z
trackpoint,Monday Morning Walk,1,38.569533,-78.294077,321.3,2026-04-20T11:31:33.000Z
trackpoint,Monday Morning Walk,1,38.569447,-78.294072,323.3,2026-04-20T11:31:38.000Z
trackpoint,Monday Morning Walk,1,38.569423,-78.294111,325.8,2026-04-20T11:31:43.000Z
trackpoint,Monday Morning Walk,1,38.569332,-78.294127,327.4,2026-04-20T11:31:49.000Z
trackpoint,Monday Morning Walk,1,38.56926,-78.294132,327.5,2026-04-20T11:31:54.000Z
trackpoint,Monday Morning Walk,1,38.569213,-78.294107,329.3,2026-04-20T11:31:59.000Z
trackpoint,Monday Morning Walk,1,38.569198,-78.294047,330.4,2026-04-20T11:32:04.000Z
trackpoint,Monday Morning Walk,1,38.56915,-78.294024,331.1,2026-04-20T11:32:09.000Z
trackpoint,Monday Morning Walk,1,38.569123,-78.294019,331.6,2026-04-20T11:32:14.000Z
trackpoint,Monday Morning Walk,1,38.56909,-78.294054,331.9,2026-04-20T11:32:19.000Z
trackpoint,Monday Morning Walk,1,38.569032,-78.294086,332.4,2026-04-20T11:32:24.000Z
trackpoint,Monday Morning Walk,1,38.568963,-78.294129,333.9,2026-04-20T11:32:29.000Z
trackpoint,Monday Morning Walk,1,38.568945,-78.294144,334.7,2026-04-20T11:32:34.000Z
trackpoint,Monday Morning Walk,1,38.568888,-78.294136,334.6,2026-04-20T11:32:39.000Z
trackpoint,Monday Morning Walk,1,38.568838,-78.294122,334,2026-04-20T11:32:44.000Z
trackpoint,Monday Morning Walk,1,38.568777,-78.294107,333.1,2026-04-20T11:32:50.000Z
trackpoint,Monday Morning Walk,1,38.568763,-78.294092,332.6,2026-04-20T11:32:55.000Z
trackpoint,Monday Morning Walk,1,38.568753,-78.294064,331.7,2026-04-20T11:33:00.000Z
trackpoint,Monday Morning Walk,1,38.568718,-78.294066,330,2026-04-20T11:33:05.000Z
trackpoint,Monday Morning Walk,1,38.568745,-78.294024,329.4,2026-04-20T11:33:10.000Z
trackpoint,Monday Morning Walk,1,38.568812,-78.293987,328.8,2026-04-20T11:33:15.000Z
trackpoint,Monday Morning Walk,1,38.56885,-78.293914,328.4,2026-04-20T11:33:20.000Z
trackpoint,Monday Morning Walk,1,38.568883,-78.293896,328.7,2026-04-20T11:33:25.000Z
trackpoint,Monday Morning Walk,1,38.568845,-78.293919,329.2,2026-04-20T11:33:30.000Z
trackpoint,Monday Morning Walk,1,38.56883,-78.293912,328.2,2026-04-20T11:33:35.000Z
trackpoint,Monday Morning Walk,1,38.568797,-78.293927,328.2,2026-04-20T11:33:40.000Z
trackpoint,Monday Morning Walk,1,38.568785,-78.293937,328.1,2026-04-20T11:33:46.000Z
trackpoint,Monday Morning Walk,1,38.568757,-78.293952,328.8,2026-04-20T11:33:51.000Z
trackpoint,Monday Morning Walk,1,38.568717,-78.293976,330,2026-04-20T11:33:56.000Z
trackpoint,Monday Morning Walk,1,38.56869,-78.293987,331.1,2026-04-20T11:34:01.000Z
trackpoint,Monday Morning Walk,1,38.568608,-78.294026,331.2,2026-04-20T11:34:06.000Z
trackpoint,Monday Morning Walk,1,38.568573,-78.294044,331.4,2026-04-20T11:34:11.000Z
trackpoint,Monday Morning Walk,1,38.568505,-78.294067,331.5,2026-04-20T11:34:16.000Z
trackpoint,Monday Morning Walk,1,38.568487,-78.294091,330.9,2026-04-20T11:34:21.000Z
trackpoint,Monday Morning Walk,1,38.56847,-78.294129,330.9,2026-04-20T11:34:26.000Z
trackpoint,Monday Morning Walk,1,38.568443,-78.294164,330.5,2026-04-20T11:34:31.000Z
trackpoint,Monday Morning Walk,1,38.568447,-78.294194,331.7,2026-04-20T11:34:36.000Z
trackpoint,Monday Morning Walk,1,38.568392,-78.294231,332.8,2026-04-20T11:34:41.000Z
trackpoint,Monday Morning Walk,1,38.568338,-78.294267,333.9,2026-04-20T11:34:46.000Z
trackpoint,Monday Morning Walk,1,38.568362,-78.294249,336.1,2026-04-20T11:34:52.000Z
trackpoint,Monday Morning Walk,1,38.568362,-78.294231,336.8,2026-04-20T11:34:57.000Z
trackpoint,Monday Morning Walk,1,38.568312,-78.294219,337.5,2026-04-20T11:35:02.000Z
trackpoint,Monday Morning Walk,1,38.568292,-78.294196,338.8,2026-04-20T11:35:07.000Z
trackpoint,Monday Morning Walk,1,38.568225,-78.294222,339.7,2026-04-20T11:35:12.000Z
trackpoint,Monday Morning Walk,1,38.568165,-78.294242,341.4,2026-04-20T11:35:17.000Z
trackpoint,Monday Morning Walk,1,38.568123,-78.294281,342.9,2026-04-20T11:35:22.000Z
trackpoint,Monday Morning Walk,1,38.56806,-78.294282,345.2,2026-04-20T11:35:27.000Z
trackpoint,Monday Morning Walk,1,38.567958,-78.294277,347.6,2026-04-20T11:35:32.000Z
trackpoint,Monday Morning Walk,1,38.567917,-78.294271,349.1,2026-04-20T11:35:37.000Z
trackpoint,Monday Morning Walk,1,38.5679,-78.294282,350.2,2026-04-20T11:35:42.000Z
trackpoint,Monday Morning Walk,1,38.567842,-78.294326,351.6,2026-04-20T11:35:48.000Z
trackpoint,Monday Morning Walk,1,38.567783,-78.294361,351.8,2026-04-20T11:35:53.000Z
trackpoint,Monday Morning Walk,1,38.567732,-78.294359,351.8,2026-04-20T11:35:58.000Z
trackpoint,Monday Morning Walk,1,38.567708,-78.294349,351.5,2026-04-20T11:36:03.000Z
trackpoint,Monday Morning Walk,1,38.56767,-78.294332,351.5,2026-04-20T11:36:08.000Z
trackpoint,Monday Morning Walk,1,38.567657,-78.294327,350.7,2026-04-20T11:36:13.000Z
trackpoint,Monday Morning Walk,1,38.567643,-78.294337,350.2,2026-04-20T11:36:18.000Z
trackpoint,Monday Morning Walk,1,38.567675,-78.294346,349.6,2026-04-20T11:36:23.000Z
trackpoint,Monday Morning Walk,1,38.567662,-78.294376,350,2026-04-20T11:36:28.000Z
trackpoint,Monday Morning Walk,1,38.567635,-78.294379,350.2,2026-04-20T11:36:33.000Z
trackpoint,Monday Morning Walk,1,38.5676,-78.294379,349.5,2026-04-20T11:36:38.000Z
trackpoint,Monday Morning Walk,1,38.567543,-78.294381,348.4,2026-04-20T11:36:44.000Z
trackpoint,Monday Morning Walk,1,38.567505,-78.294391,347.5,2026-04-20T11:36:49.000Z
trackpoint,Monday Morning Walk,1,38.567425,-78.294391,348.2,2026-04-20T11:36:54.000Z
trackpoint,Monday Morning Walk,1,38.567413,-78.294379,348.7,2026-04-20T11:36:59.000Z
trackpoint,Monday Morning Walk,1,38.5674,-78.294371,349.3,2026-04-20T11:37:04.000Z
trackpoint,Monday Morning Walk,1,38.567343,-78.294359,350.2,2026-04-20T11:37:09.000Z
trackpoint,Monday Morning Walk,1,38.567345,-78.294349,350.8,2026-04-20T11:37:14.000Z
trackpoint,Monday Morning Walk,1,38.567305,-78.294317,351.7,2026-04-20T11:37:19.000Z
trackpoint,Monday Morning Walk,1,38.56721,-78.294312,351.7,2026-04-20T11:37:24.000Z
trackpoint,Monday Morning Walk,1,38.567162,-78.294337,352.3,2026-04-20T11:37:34.000Z
trackpoint,Monday Morning Walk,1,38.567142,-78.294339,352.6,2026-04-20T11:37:40.000Z
trackpoint,Monday Morning Walk,1,38.567068,-78.294332,352.9,2026-04-20T11:37:45.000Z
trackpoint,Monday Morning Walk,1,38.566993,-78.294349,354.4,2026-04-20T11:37:50.000Z
trackpoint,Monday Morning Walk,1,38.566972,-78.294359,355.4,2026-04-20T11:37:55.000Z
trackpoint,Monday Morning Walk,1,38.566943,-78.294354,355.9,2026-04-20T11:38:00.000Z
trackpoint,Monday Morning Walk,1,38.56695,-78.294354,356.6,2026-04-20T11:38:05.000Z
trackpoint,Monday Morning Walk,1,38.566908,-78.294367,357.3,2026-04-20T11:38:10.000Z
trackpoint,Monday Morning Walk,1,38.566852,-78.294376,359.3,2026-04-20T11:38:16.000Z
trackpoint,Monday Morning Walk,1,38.566842,-78.294391,360.5,2026-04-20T11:38:21.000Z
trackpoint,Monday Morning Walk,1,38.566818,-78.294401,361.5,2026-04-20T11:38:26.000Z
trackpoint,Monday Morning Walk,1,38.566772,-78.294429,363.1,2026-04-20T11:38:31.000Z
trackpoint,Monday Morning Walk,1,38.566735,-78.294459,364.5,2026-04-20T11:38:36.000Z
trackpoint,Monday Morning Walk,1,38.566715,-78.294474,365.6,2026-04-20T11:38:41.000Z
trackpoint,Monday Morning Walk,1,38.566693,-78.294501,366,2026-04-20T11:38:46.000Z
trackpoint,Monday Morning Walk,1,38.566655,-78.294537,366.2,2026-04-20T11:38:51.000Z
trackpoint,Monday Morning Walk,1,38.566653,-78.294556,366.1,2026-04-20T11:38:56.000Z
trackpoint,Monday Morning Walk,1,38.566662,-78.294564,365.8,2026-04-20T11:39:01.000Z
trackpoint,Monday Morning Walk,1,38.566648,-78.294596,366.1,2026-04-20T11:39:06.000Z
trackpoint,Monday Morning Walk,1,38.566632,-78.294644,367.1,2026-04-20T11:39:11.000Z
trackpoint,Monday Morning Walk,1,38.56663,-78.294686,368.1,2026-04-20T11:39:17.000Z
trackpoint,Monday Morning Walk,1,38.566602,-78.294692,369.7,2026-04-20T11:39:22.000Z
trackpoint,Monday Morning Walk,1,38.566587,-78.294716,371.3,2026-04-20T11:39:27.000Z
trackpoint,Monday Morning Walk,1,38.566552,-78.294731,372.6,2026-04-20T11:39:32.000Z
trackpoint,Monday Morning Walk,1,38.566508,-78.294724,373,2026-04-20T11:39:37.000Z
trackpoint,Monday Morning Walk,1,38.566468,-78.294727,373.7,2026-04-20T11:39:42.000Z
trackpoint,Monday Morning Walk,1,38.566408,-78.294732,374.8,2026-04-20T11:39:47.000Z
trackpoint,Monday Morning Walk,1,38.566395,-78.294741,376.2,2026-04-20T11:39:52.000Z
trackpoint,Monday Morning Walk,1,38.566365,-78.294736,377.4,2026-04-20T11:39:57.000Z
trackpoint,Monday Morning Walk,1,38.566358,-78.294701,377.9,2026-04-20T11:40:02.000Z
trackpoint,Monday Morning Walk,1,38.566322,-78.294696,378.1,2026-04-20T11:40:07.000Z
trackpoint,Monday Morning Walk,1,38.566272,-78.294689,379.9,2026-04-20T11:40:12.000Z
trackpoint,Monday Morning Walk,1,38.566232,-78.294691,379.5,2026-04-20T11:40:18.000Z
trackpoint,Monday Morning Walk,1,38.566223,-78.294702,379.3,2026-04-20T11:40:23.000Z
trackpoint,Monday Morning Walk,1,38.566225,-78.294727,379.6,2026-04-20T11:40:28.000Z
trackpoint,Monday Morning Walk,1,38.56624,-78.294736,380.7,2026-04-20T11:40:33.000Z
trackpoint,Monday Morning Walk,1,38.566243,-78.294774,381.9,2026-04-20T11:40:38.000Z
trackpoint,Monday Morning Walk,1,38.566198,-78.294856,382,2026-04-20T11:40:43.000Z
trackpoint,Monday Morning Walk,1,38.56615,-78.294902,381.8,2026-04-20T11:40:48.000Z
trackpoint,Monday Morning Walk,1,38.566118,-78.294914,382.3,2026-04-20T11:40:53.000Z
trackpoint,Monday Morning Walk,1,38.566098,-78.294934,383.8,2026-04-20T11:40:58.000Z
trackpoint,Monday Morning Walk,1,38.566043,-78.294952,385.7,2026-04-20T11:41:03.000Z
trackpoint,Monday Morning Walk,1,38.565983,-78.294951,387.4,2026-04-20T11:41:08.000Z
trackpoint,Monday Morning Walk,1,38.565972,-78.294959,389.3,2026-04-20T11:41:13.000Z
trackpoint,Monday Morning Walk,1,38.565992,-78.294979,388.6,2026-04-20T11:41:19.000Z
trackpoint,Monday Morning Walk,1,38.565967,-78.295007,388.8,2026-04-20T11:41:24.000Z
trackpoint,Monday Morning Walk,1,38.565943,-78.295019,389,2026-04-20T11:41:29.000Z
trackpoint,Monday Morning Walk,1,38.565942,-78.295047,389,2026-04-20T11:41:34.000Z
trackpoint,Monday Morning Walk,1,38.565938,-78.295069,389.6,2026-04-20T11:41:39.000Z
trackpoint,Monday Morning Walk,1,38.565897,-78.295081,390.8,2026-04-20T11:41:44.000Z
trackpoint,Monday Morning Walk,1,38.565893,-78.295101,390.9,2026-04-20T11:41:49.000Z
trackpoint,Monday Morning Walk,1,38.565973,-78.295164,389.5,2026-04-20T11:41:54.000Z
trackpoint,Monday Morning Walk,1,38.565958,-78.295219,388.8,2026-04-20T11:41:59.000Z
trackpoint,Monday Morning Walk,1,38.565937,-78.295294,388.2,2026-04-20T11:42:04.000Z
trackpoint,Monday Morning Walk,1,38.56593,-78.295352,387.8,2026-04-20T11:42:09.000Z
trackpoint,Monday Morning Walk,1,38.565942,-78.295379,387.8,2026-04-20T11:42:14.000Z
trackpoint,Monday Morning Walk,1,38.565925,-78.295437,387.7,2026-04-20T11:42:20.000Z
trackpoint,Monday Morning Walk,1,38.565943,-78.295452,387.6,2026-04-20T11:42:25.000Z
trackpoint,Monday Morning Walk,1,38.565958,-78.295487,387.8,2026-04-20T11:42:30.000Z
trackpoint,Monday Morning Walk,1,38.56593,-78.295527,388.8,2026-04-20T11:42:35.000Z
trackpoint,Monday Morning Walk,1,38.565957,-78.295544,389.8,2026-04-20T11:42:40.000Z
trackpoint,Monday Morning Walk,1,38.565977,-78.295601,390.5,2026-04-20T11:42:45.000Z
trackpoint,Monday Morning Walk,1,38.566,-78.295666,391.2,2026-04-20T11:42:50.000Z
trackpoint,Monday Morning Walk,1,38.566025,-78.295696,392.4,2026-04-20T11:42:55.000Z
trackpoint,Monday Morning Walk,1,38.566038,-78.295711,392.1,2026-04-20T11:43:00.000Z
trackpoint,Monday Morning Walk,1,38.566068,-78.295739,393.3,2026-04-20T11:43:05.000Z
trackpoint,Monday Morning Walk,1,38.566077,-78.295757,394,2026-04-20T11:43:10.000Z
trackpoint,Monday Morning Walk,1,38.566068,-78.295811,394.3,2026-04-20T11:43:16.000Z
trackpoint,Monday Morning Walk,1,38.566125,-78.295896,394.8,2026-04-20T11:43:21.000Z
trackpoint,Monday Morning Walk,1,38.566172,-78.295959,394.7,2026-04-20T11:43:26.000Z
trackpoint,Monday Morning Walk,1,38.566153,-78.296034,395.6,2026-04-20T11:43:31.000Z
trackpoint,Monday Morning Walk,1,38.566147,-78.296116,396.4,2026-04-20T11:43:36.000Z
trackpoint,Monday Morning Walk,1,38.566113,-78.296204,397.7,2026-04-20T11:43:41.000Z
trackpoint,Monday Morning Walk,1,38.566115,-78.296249,399,2026-04-20T11:43:46.000Z
trackpoint,Monday Morning Walk,1,38.566152,-78.296301,400,2026-04-20T11:43:51.000Z
trackpoint,Monday Morning Walk,1,38.566152,-78.296342,400.7,2026-04-20T11:43:56.000Z
trackpoint,Monday Morning Walk,1,38.566128,-78.296391,401.2,2026-04-20T11:44:01.000Z
trackpoint,Monday Morning Walk,1,38.566122,-78.296436,401,2026-04-20T11:44:06.000Z
trackpoint,Monday Morning Walk,1,38.566088,-78.296537,400.7,2026-04-20T11:44:12.000Z
trackpoint,Monday Morning Walk,1,38.566088,-78.296584,400.7,2026-04-20T11:44:17.000Z
trackpoint,Monday Morning Walk,1,38.566048,-78.296629,401,2026-04-20T11:44:22.000Z
trackpoint,Monday Morning Walk,1,38.566037,-78.296649,401.1,2026-04-20T11:44:27.000Z
trackpoint,Monday Morning Walk,1,38.566052,-78.296701,400.7,2026-04-20T11:44:32.000Z
trackpoint,Monday Morning Walk,1,38.566048,-78.296737,401.4,2026-04-20T11:44:37.000Z
trackpoint,Monday Morning Walk,1,38.566018,-78.296767,402.8,2026-04-20T11:44:42.000Z
trackpoint,Monday Morning Walk,1,38.565993,-78.296841,404.1,2026-04-20T11:44:47.000Z
trackpoint,Monday Morning Walk,1,38.566018,-78.296894,404.5,2026-04-20T11:44:52.000Z
trackpoint,Monday Morning Walk,1,38.566008,-78.296927,405.2,2026-04-20T11:44:57.000Z
trackpoint,Monday Morning Walk,1,38.56598,-78.296977,405.9,2026-04-20T11:45:02.000Z
trackpoint,Monday Morning Walk,1,38.565985,-78.297069,406.4,2026-04-20T11:45:07.000Z
trackpoint,Monday Morning Walk,1,38.565978,-78.297119,406.6,2026-04-20T11:45:13.000Z
trackpoint,Monday Morning Walk,1,38.56594,-78.297192,407.2,2026-04-20T11:45:18.000Z
trackpoint,Monday Morning Walk,1,38.56588,-78.297192,407.3,2026-04-20T11:45:23.000Z
trackpoint,Monday Morning Walk,1,38.565798,-78.297209,407,2026-04-20T11:45:28.000Z
trackpoint,Monday Morning Walk,1,38.565777,-78.297271,406.3,2026-04-20T11:45:33.000Z
trackpoint,Monday Morning Walk,1,38.565698,-78.297277,404.9,2026-04-20T11:45:38.000Z
trackpoint,Monday Morning Walk,1,38.56562,-78.297307,403.4,2026-04-20T11:45:43.000Z
trackpoint,Monday Morning Walk,1,38.565603,-78.297392,403.3,2026-04-20T11:45:48.000Z
trackpoint,Monday Morning Walk,1,38.56559,-78.297452,403.4,2026-04-20T11:45:53.000Z
trackpoint,Monday Morning Walk,1,38.565583,-78.297492,403.3,2026-04-20T11:45:58.000Z
trackpoint,Monday Morning Walk,1,38.565538,-78.297552,403.1,2026-04-20T11:46:03.000Z
trackpoint,Monday Morning Walk,1,38.565525,-78.297659,402.8,2026-04-20T11:46:09.000Z
trackpoint,Monday Morning Walk,1,38.565587,-78.297664,402.9,2026-04-20T11:46:14.000Z
trackpoint,Monday Morning Walk,1,38.565597,-78.297656,401.9,2026-04-20T11:46:19.000Z
trackpoint,Monday Morning Walk,1,38.5656,-78.297656,401.8,2026-04-20T11:46:24.000Z
trackpoint,Monday Morning Walk,1,38.565603,-78.297714,401.4,2026-04-20T11:46:29.000Z
trackpoint,Monday Morning Walk,1,38.565613,-78.297747,401,2026-04-20T11:46:34.000Z
trackpoint,Monday Morning Walk,1,38.565648,-78.297814,400.5,2026-04-20T11:46:39.000Z
trackpoint,Monday Morning Walk,1,38.565643,-78.297874,401.9,2026-04-20T11:46:44.000Z
trackpoint,Monday Morning Walk,1,38.565695,-78.297909,402.6,2026-04-20T11:46:49.000Z
trackpoint,Monday Morning Walk,1,38.565725,-78.297939,402.2,2026-04-20T11:46:54.000Z
trackpoint,Monday Morning Walk,1,38.565745,-78.297967,400.6,2026-04-20T11:46:59.000Z
trackpoint,Monday Morning Walk,1,38.56575,-78.298019,400.4,2026-04-20T11:47:04.000Z
trackpoint,Monday Morning Walk,1,38.565772,-78.298061,400.7,2026-04-20T11:47:09.000Z
trackpoint,Monday Morning Walk,1,38.565775,-78.298122,400.9,2026-04-20T11:47:15.000Z
trackpoint,Monday Morning Walk,1,38.565802,-78.298174,400.6,2026-04-20T11:47:20.000Z
trackpoint,Monday Morning Walk,1,38.565827,-78.298214,400.3,2026-04-20T11:47:25.000Z
trackpoint,Monday Morning Walk,1,38.565888,-78.298199,399.4,2026-04-20T11:47:30.000Z
trackpoint,Monday Morning Walk,1,38.565927,-78.298212,398.8,2026-04-20T11:47:35.000Z
trackpoint,Monday Morning Walk,1,38.565973,-78.298322,398.8,2026-04-20T11:47:40.000Z
trackpoint,Monday Morning Walk,1,38.565967,-78.298411,398.9,2026-04-20T11:47:45.000Z
trackpoint,Monday Morning Walk,1,38.565955,-78.298477,399.8,2026-04-20T11:47:50.000Z
trackpoint,Monday Morning Walk,1,38.565932,-78.298517,400,2026-04-20T11:47:55.000Z
trackpoint,Monday Morning Walk,1,38.56595,-78.298554,400.5,2026-04-20T11:48:00.000Z
trackpoint,Monday Morning Walk,1,38.565997,-78.298569,401,2026-04-20T11:48:05.000Z
trackpoint,Monday Morning Walk,1,38.566028,-78.298629,400.9,2026-04-20T11:48:11.000Z
trackpoint,Monday Morning Walk,1,38.566025,-78.298692,401.3,2026-04-20T11:48:16.000Z
trackpoint,Monday Morning Walk,1,38.566037,-78.298751,401,2026-04-20T11:48:21.000Z
trackpoint,Monday Morning Walk,1,38.566028,-78.298804,400.7,2026-04-20T11:48:26.000Z
trackpoint,Monday Morning Walk,1,38.566063,-78.298849,400.8,2026-04-20T11:48:31.000Z
trackpoint,Monday Morning Walk,1,38.566062,-78.298956,401,2026-04-20T11:48:36.000Z
trackpoint,Monday Morning Walk,1,38.566048,-78.299022,401.2,2026-04-20T11:48:41.000Z
trackpoint,Monday Morning Walk,1,38.566077,-78.299136,401,2026-04-20T11:48:46.000Z
trackpoint,Monday Morning Walk,1,38.566095,-78.299204,401,2026-04-20T11:48:51.000Z
trackpoint,Monday Morning Walk,1,38.566048,-78.299122,401.2,2026-04-20T11:48:56.000Z
trackpoint,Monday Morning Walk,1,38.566105,-78.299136,401.4,2026-04-20T11:49:01.000Z
trackpoint,Monday Morning Walk,1,38.5661,-78.299161,400.8,2026-04-20T11:49:06.000Z
trackpoint,Monday Morning Walk,1,38.566108,-78.299207,400.2,2026-04-20T11:49:11.000Z
trackpoint,Monday Morning Walk,1,38.566092,-78.299271,401.1,2026-04-20T11:49:17.000Z
trackpoint,Monday Morning Walk,1,38.566087,-78.299304,401.5,2026-04-20T11:49:22.000Z
trackpoint,Monday Morning Walk,1,38.566062,-78.299352,401.3,2026-04-20T11:49:27.000Z
trackpoint,Monday Morning Walk,1,38.566017,-78.299406,401.4,2026-04-20T11:49:32.000Z
trackpoint,Monday Morning Walk,1,38.565968,-78.299439,401.3,2026-04-20T11:49:37.000Z
trackpoint,Monday Morning Walk,1,38.565883,-78.299466,401.6,2026-04-20T11:49:42.000Z
trackpoint,Monday Morning Walk,1,38.565863,-78.299494,402.6,2026-04-20T11:49:47.000Z
trackpoint,Monday Morning Walk,1,38.565872,-78.299502,403.7,2026-04-20T11:49:52.000Z
trackpoint,Monday Morning Walk,1,38.565842,-78.299531,404.7,2026-04-20T11:49:57.000Z
trackpoint,Monday Morning Walk,1,38.565843,-78.299589,405.3,2026-04-20T11:50:02.000Z
trackpoint,Monday Morning Walk,1,38.56584,-78.299647,405.4,2026-04-20T11:50:07.000Z
trackpoint,Monday Morning Walk,1,38.565777,-78.299659,405.6,2026-04-20T11:50:12.000Z
trackpoint,Monday Morning Walk,1,38.565707,-78.299644,406.1,2026-04-20T11:50:18.000Z
trackpoint,Monday Morning Walk,1,38.565695,-78.299724,404.7,2026-04-20T11:50:23.000Z
trackpoint,Monday Morning Walk,1,38.565693,-78.299787,404.6,2026-04-20T11:50:28.000Z
trackpoint,Monday Morning Walk,1,38.565715,-78.299834,405.4,2026-04-20T11:50:33.000Z
trackpoint,Monday Morning Walk,1,38.565723,-78.299886,405.7,2026-04-20T11:50:38.000Z
trackpoint,Monday Morning Walk,1,38.565708,-78.299916,405.6,2026-04-20T11:50:43.000Z
trackpoint,Monday Morning Walk,1,38.56568,-78.299966,404.3,2026-04-20T11:50:48.000Z
trackpoint,Monday Morning Walk,1,38.56565,-78.300002,404.3,2026-04-20T11:50:53.000Z
trackpoint,Monday Morning Walk,1,38.565618,-78.300061,402.7,2026-04-20T11:50:58.000Z
trackpoint,Monday Morning Walk,1,38.565628,-78.300164,402.1,2026-04-20T11:51:03.000Z
trackpoint,Monday Morning Walk,1,38.565643,-78.300216,401.2,2026-04-20T11:51:08.000Z
trackpoint,Monday Morning Walk,1,38.565625,-78.300307,400.2,2026-04-20T11:51:13.000Z
trackpoint,Monday Morning Walk,1,38.565615,-78.300337,398.5,2026-04-20T11:51:19.000Z
trackpoint,Monday Morning Walk,1,38.56564,-78.300362,398.2,2026-04-20T11:51:24.000Z
trackpoint,Monday Morning Walk,1,38.565645,-78.300376,397.7,2026-04-20T11:51:29.000Z
trackpoint,Monday Morning Walk,1,38.565612,-78.300397,397,2026-04-20T11:51:34.000Z
trackpoint,Monday Morning Walk,1,38.5656,-78.300387,396.3,2026-04-20T11:51:39.000Z
trackpoint,Monday Morning Walk,1,38.565613,-78.300382,395.9,2026-04-20T11:51:44.000Z
trackpoint,Monday Morning Walk,1,38.56558,-78.300287,395.1,2026-04-20T11:51:49.000Z
trackpoint,Monday Morning Walk,1,38.565592,-78.300286,394.4,2026-04-20T11:51:54.000Z
trackpoint,Monday Morning Walk,1,38.565568,-78.300302,393.6,2026-04-20T11:51:59.000Z
trackpoint,Monday Morning Walk,1,38.56559,-78.300329,392.7,2026-04-20T11:52:04.000Z
trackpoint,Monday Morning Walk,1,38.565598,-78.300312,392.2,2026-04-20T11:52:09.000Z
trackpoint,Monday Morning Walk,1,38.56561,-78.300277,391.9,2026-04-20T11:52:14.000Z
trackpoint,Monday Morning Walk,1,38.565595,-78.300307,390.8,2026-04-20T11:52:20.000Z
trackpoint,Monday Morning Walk,1,38.565527,-78.300377,391,2026-04-20T11:52:25.000Z
trackpoint,Monday Morning Walk,1,38.56548,-78.300437,392.1,2026-04-20T11:52:30.000Z
trackpoint,Monday Morning Walk,1,38.565493,-78.300482,393.1,2026-04-20T11:52:35.000Z
trackpoint,Monday Morning Walk,1,38.565467,-78.300501,394.5,2026-04-20T11:52:40.000Z
trackpoint,Monday Morning Walk,1,38.56542,-78.300526,395.3,2026-04-20T11:52:45.000Z
trackpoint,Monday Morning Walk,1,38.565393,-78.300549,394.9,2026-04-20T11:52:50.000Z
trackpoint,Monday Morning Walk,1,38.565373,-78.300569,394.7,2026-04-20T11:52:55.000Z
trackpoint,Monday Morning Walk,1,38.565342,-78.300644,396,2026-04-20T11:53:00.000Z
trackpoint,Monday Morning Walk,1,38.565328,-78.300676,396.6,2026-04-20T11:53:05.000Z
trackpoint,Monday Morning Walk,1,38.565293,-78.300712,396.5,2026-04-20T11:53:10.000Z
trackpoint,Monday Morning Walk,1,38.565275,-78.300766,396.1,2026-04-20T11:53:15.000Z
trackpoint,Monday Morning Walk,1,38.565282,-78.300829,396.5,2026-04-20T11:53:21.000Z
trackpoint,Monday Morning Walk,1,38.565292,-78.300864,397,2026-04-20T11:53:26.000Z
trackpoint,Monday Morning Walk,1,38.565265,-78.300874,397.2,2026-04-20T11:53:31.000Z
trackpoint,Monday Morning Walk,1,38.565228,-78.300892,397.2,2026-04-20T11:53:36.000Z
trackpoint,Monday Morning Walk,1,38.565192,-78.300916,397,2026-04-20T11:53:41.000Z
trackpoint,Monday Morning Walk,1,38.56517,-78.300959,397.2,2026-04-20T11:53:46.000Z
trackpoint,Monday Morning Walk,1,38.565145,-78.300989,397.3,2026-04-20T11:53:51.000Z
trackpoint,Monday Morning Walk,1,38.565112,-78.301027,398,2026-04-20T11:53:56.000Z
trackpoint,Monday Morning Walk,1,38.56509,-78.301056,398.9,2026-04-20T11:54:01.000Z
trackpoint,Monday Morning Walk,1,38.565088,-78.301109,399.6,2026-04-20T11:54:06.000Z
trackpoint,Monday Morning Walk,1,38.565073,-78.301177,401.9,2026-04-20T11:54:11.000Z
trackpoint,Monday Morning Walk,1,38.56501,-78.301217,403.5,2026-04-20T11:54:16.000Z
trackpoint,Monday Morning Walk,1,38.564922,-78.301287,405.2,2026-04-20T11:54:22.000Z
trackpoint,Monday Morning Walk,1,38.564927,-78.301334,406.6,2026-04-20T11:54:27.000Z
trackpoint,Monday Morning Walk,1,38.564948,-78.301349,407.8,2026-04-20T11:54:32.000Z
trackpoint,Monday Morning Walk,1,38.564955,-78.301366,409.2,2026-04-20T11:54:37.000Z
trackpoint,Monday Morning Walk,1,38.564957,-78.301367,410.1,2026-04-20T11:54:42.000Z
trackpoint,Monday Morning Walk,1,38.564948,-78.301392,411.1,2026-04-20T11:54:47.000Z
trackpoint,Monday Morning Walk,1,38.564915,-78.301432,411.5,2026-04-20T11:54:52.000Z
trackpoint,Monday Morning Walk,1,38.564895,-78.301452,411.6,2026-04-20T11:54:57.000Z
trackpoint,Monday Morning Walk,1,38.564847,-78.301456,411.4,2026-04-20T11:55:02.000Z
trackpoint,Monday Morning Walk,1,38.564817,-78.301451,411.5,2026-04-20T11:55:07.000Z
trackpoint,Monday Morning Walk,1,38.564818,-78.301457,411.5,2026-04-20T11:55:12.000Z
trackpoint,Monday Morning Walk,1,38.564803,-78.301496,411.4,2026-04-20T11:55:17.000Z
trackpoint,Monday Morning Walk,1,38.564775,-78.301521,411.7,2026-04-20T11:55:23.000Z
trackpoint,Monday Morning Walk,1,38.564733,-78.301516,412.3,2026-04-20T11:55:28.000Z
trackpoint,Monday Morning Walk,1,38.564693,-78.301531,412.1,2026-04-20T11:55:33.000Z
trackpoint,Monday Morning Walk,1,38.564698,-78.301524,412,2026-04-20T11:55:38.000Z
trackpoint,Monday Morning Walk,1,38.564702,-78.301521,412.5,2026-04-20T11:55:43.000Z
trackpoint,Monday Morning Walk,1,38.564675,-78.301544,414.4,2026-04-20T11:55:48.000Z
trackpoint,Monday Morning Walk,1,38.56465,-78.301526,415.7,2026-04-20T11:55:53.000Z
trackpoint,Monday Morning Walk,1,38.564632,-78.301529,415.4,2026-04-20T11:55:58.000Z
trackpoint,Monday Morning Walk,1,38.564568,-78.301574,414,2026-04-20T11:56:03.000Z
trackpoint,Monday Morning Walk,1,38.564543,-78.301629,413,2026-04-20T11:56:08.000Z
trackpoint,Monday Morning Walk,1,38.564512,-78.301677,412.4,2026-04-20T11:56:13.000Z
trackpoint,Monday Morning Walk,1,38.564503,-78.301731,412.8,2026-04-20T11:56:19.000Z
trackpoint,Monday Morning Walk,1,38.564482,-78.301774,413.4,2026-04-20T11:56:24.000Z
trackpoint,Monday Morning Walk,1,38.564452,-78.301772,413.4,2026-04-20T11:56:29.000Z
trackpoint,Monday Morning Walk,1,38.56441,-78.301796,413.3,2026-04-20T11:56:34.000Z
trackpoint,Monday Morning Walk,1,38.564387,-78.301844,413.8,2026-04-20T11:56:39.000Z
trackpoint,Monday Morning Walk,1,38.564392,-78.301854,414.2,2026-04-20T11:56:44.000Z
trackpoint,Monday Morning Walk,1,38.564363,-78.301891,415.1,2026-04-20T11:56:49.000Z
trackpoint,Monday Morning Walk,1,38.564333,-78.301914,414.3,2026-04-20T11:56:54.000Z
trackpoint,Monday Morning Walk,1,38.564333,-78.301931,414,2026-04-20T11:56:59.000Z
trackpoint,Monday Morning Walk,1,38.564298,-78.301936,414.3,2026-04-20T11:57:04.000Z
trackpoint,Monday Morning Walk,1,38.564247,-78.301954,413.8,2026-04-20T11:57:09.000Z
trackpoint,Monday Morning Walk,1,38.564207,-78.301974,414.2,2026-04-20T11:57:14.000Z
trackpoint,Monday Morning Walk,1,38.564193,-78.301992,414.4,2026-04-20T11:57:19.000Z
trackpoint,Monday Morning Walk,1,38.564157,-78.301972,413.9,2026-04-20T11:57:25.000Z
trackpoint,Monday Morning Walk,1,38.56415,-78.301991,413.9,2026-04-20T11:57:30.000Z
trackpoint,Monday Morning Walk,1,38.564115,-78.302029,414.4,2026-04-20T11:57:35.000Z
trackpoint,Monday Morning Walk,1,38.564122,-78.302027,414.2,2026-04-20T11:57:40.000Z
trackpoint,Monday Morning Walk,1,38.564147,-78.301986,414.2,2026-04-20T11:57:45.000Z
trackpoint,Monday Morning Walk,1,38.564122,-78.302009,414.5,2026-04-20T11:57:50.000Z
trackpoint,Monday Morning Walk,1,38.564065,-78.302042,414.8,2026-04-20T11:57:55.000Z
trackpoint,Monday Morning Walk,1,38.563992,-78.302071,415.1,2026-04-20T11:58:00.000Z
trackpoint,Monday Morning Walk,1,38.56395,-78.302079,415.6,2026-04-20T11:58:05.000Z
trackpoint,Monday Morning Walk,1,38.563912,-78.302091,417,2026-04-20T11:58:10.000Z
trackpoint,Monday Morning Walk,1,38.563883,-78.302111,418.3,2026-04-20T11:58:15.000Z
trackpoint,Monday Morning Walk,1,38.563828,-78.302119,418.2,2026-04-20T11:58:21.000Z
trackpoint,Monday Morning Walk,1,38.563785,-78.302124,417.9,2026-04-20T11:58:26.000Z
trackpoint,Monday Morning Walk,1,38.563732,-78.302151,418,2026-04-20T11:58:31.000Z
trackpoint,Monday Morning Walk,1,38.563718,-78.302162,417.8,2026-04-20T11:58:36.000Z
trackpoint,Monday Morning Walk,1,38.563682,-78.302132,417.1,2026-04-20T11:58:41.000Z
trackpoint,Monday Morning Walk,1,38.563633,-78.302127,417.4,2026-04-20T11:58:46.000Z
trackpoint,Monday Morning Walk,1,38.563607,-78.302124,418.3,2026-04-20T11:58:51.000Z
trackpoint,Monday Morning Walk,1,38.563575,-78.302116,418.8,2026-04-20T11:58:56.000Z
trackpoint,Monday Morning Walk,1,38.563522,-78.302147,419.4,2026-04-20T11:59:01.000Z
trackpoint,Monday Morning Walk,1,38.563463,-78.302134,419.1,2026-04-20T11:59:06.000Z
trackpoint,Monday Morning Walk,1,38.563405,-78.302154,419.6,2026-04-20T11:59:11.000Z
trackpoint,Monday Morning Walk,1,38.563382,-78.302187,421.2,2026-04-20T11:59:16.000Z
trackpoint,Monday Morning Walk,1,38.563402,-78.302196,422.8,2026-04-20T11:59:22.000Z
trackpoint,Monday Morning Walk,1,38.563443,-78.302207,423.7,2026-04-20T11:59:27.000Z
trackpoint,Monday Morning Walk,1,38.563423,-78.302229,424,2026-04-20T11:59:32.000Z
trackpoint,Monday Morning Walk,1,38.563368,-78.302276,424.4,2026-04-20T11:59:37.000Z
trackpoint,Monday Morning Walk,1,38.563358,-78.302314,425.4,2026-04-20T11:59:42.000Z
trackpoint,Monday Morning Walk,1,38.563353,-78.302326,425.3,2026-04-20T11:59:47.000Z
trackpoint,Monday Morning Walk,1,38.563313,-78.302347,425.2,2026-04-20T11:59:52.000Z
trackpoint,Monday Morning Walk,1,38.563277,-78.302382,424.4,2026-04-20T11:59:57.000Z
trackpoint,Monday Morning Walk,1,38.563268,-78.302431,422.7,2026-04-20T12:00:02.000Z
trackpoint,Monday Morning Walk,1,38.563245,-78.302459,421.8,2026-04-20T12:00:07.000Z
trackpoint,Monday Morning Walk,1,38.563268,-78.302497,421.8,2026-04-20T12:00:12.000Z
trackpoint,Monday Morning Walk,1,38.56328,-78.302547,422.6,2026-04-20T12:00:17.000Z
trackpoint,Monday Morning Walk,1,38.563253,-78.302626,423.5,2026-04-20T12:00:23.000Z
trackpoint,Monday Morning Walk,1,38.563212,-78.302644,424.8,2026-04-20T12:00:28.000Z
trackpoint,Monday Morning Walk,1,38.563145,-78.302741,427.1,2026-04-20T12:00:33.000Z
trackpoint,Monday Morning Walk,1,38.563182,-78.302809,428.4,2026-04-20T12:00:38.000Z
trackpoint,Monday Morning Walk,1,38.563178,-78.302857,428.2,2026-04-20T12:00:43.000Z
trackpoint,Monday Morning Walk,1,38.563173,-78.302892,429.2,2026-04-20T12:00:48.000Z
trackpoint,Monday Morning Walk,1,38.563153,-78.302956,430.1,2026-04-20T12:00:53.000Z
trackpoint,Monday Morning Walk,1,38.563155,-78.303004,430.3,2026-04-20T12:00:58.000Z
trackpoint,Monday Morning Walk,1,38.563152,-78.303034,430.9,2026-04-20T12:01:03.000Z
trackpoint,Monday Morning Walk,1,38.563172,-78.303042,431.3,2026-04-20T12:01:08.000Z
trackpoint,Monday Morning Walk,1,38.563175,-78.303071,431.8,2026-04-20T12:01:13.000Z
trackpoint,Monday Morning Walk,1,38.563142,-78.303101,431.9,2026-04-20T12:01:19.000Z
trackpoint,Monday Morning Walk,1,38.56312,-78.303147,431.7,2026-04-20T12:01:24.000Z
trackpoint,Monday Morning Walk,1,38.563053,-78.303197,432,2026-04-20T12:01:29.000Z
trackpoint,Monday Morning Walk,1,38.563012,-78.303242,432.2,2026-04-20T12:01:34.000Z
trackpoint,Monday Morning Walk,1,38.562967,-78.303282,432.3,2026-04-20T12:01:39.000Z
trackpoint,Monday Morning Walk,1,38.562987,-78.303301,432.3,2026-04-20T12:01:44.000Z
trackpoint,Monday Morning Walk,1,38.562972,-78.303359,432.7,2026-04-20T12:01:49.000Z
trackpoint,Monday Morning Walk,1,38.56292,-78.303399,431.5,2026-04-20T12:01:54.000Z
trackpoint,Monday Morning Walk,1,38.562903,-78.303427,431.2,2026-04-20T12:01:59.000Z
trackpoint,Monday Morning Walk,1,38.562927,-78.303441,431.8,2026-04-20T12:02:04.000Z
trackpoint,Monday Morning Walk,1,38.562915,-78.303464,431.2,2026-04-20T12:02:09.000Z
trackpoint,Monday Morning Walk,1,38.56287,-78.303484,430.1,2026-04-20T12:02:14.000Z
trackpoint,Monday Morning Walk,1,38.562817,-78.303546,429.3,2026-04-20T12:02:19.000Z
trackpoint,Monday Morning Walk,1,38.562815,-78.303602,429.6,2026-04-20T12:02:25.000Z
trackpoint,Monday Morning Walk,1,38.562807,-78.303649,431.2,2026-04-20T12:02:30.000Z
trackpoint,Monday Morning Walk,1,38.562788,-78.303664,432.2,2026-04-20T12:02:35.000Z
trackpoint,Monday Morning Walk,1,38.562752,-78.303679,432.6,2026-04-20T12:02:40.000Z
trackpoint,Monday Morning Walk,1,38.562713,-78.303717,433.3,2026-04-20T12:02:45.000Z
trackpoint,Monday Morning Walk,1,38.562663,-78.303732,433.8,2026-04-20T12:02:50.000Z
trackpoint,Monday Morning Walk,1,38.562605,-78.303789,434.8,2026-04-20T12:02:55.000Z
trackpoint,Monday Morning Walk,1,38.562602,-78.303832,437.1,2026-04-20T12:03:00.000Z
trackpoint,Monday Morning Walk,1,38.562577,-78.303896,438.9,2026-04-20T12:03:05.000Z
trackpoint,Monday Morning Walk,1,38.56258,-78.303952,440.8,2026-04-20T12:03:10.000Z
trackpoint,Monday Morning Walk,1,38.562548,-78.303972,442.9,2026-04-20T12:03:15.000Z
trackpoint,Monday Morning Walk,1,38.562508,-78.303979,444.2,2026-04-20T12:03:21.000Z
trackpoint,Monday Morning Walk,1,38.562435,-78.304004,444.6,2026-04-20T12:03:26.000Z
trackpoint,Monday Morning Walk,1,38.562432,-78.304062,445.1,2026-04-20T12:03:31.000Z
trackpoint,Monday Morning Walk,1,38.562447,-78.304149,444.9,2026-04-20T12:03:36.000Z
trackpoint,Monday Morning Walk,1,38.562463,-78.304169,445.4,2026-04-20T12:03:41.000Z
trackpoint,Monday Morning Walk,1,38.562455,-78.304202,445.7,2026-04-20T12:03:46.000Z
trackpoint,Monday Morning Walk,1,38.562472,-78.304226,445.6,2026-04-20T12:03:51.000Z
trackpoint,Monday Morning Walk,1,38.562437,-78.304231,446.3,2026-04-20T12:03:56.000Z
trackpoint,Monday Morning Walk,1,38.562433,-78.304276,445.9,2026-04-20T12:04:01.000Z
trackpoint,Monday Morning Walk,1,38.5624,-78.304337,445.7,2026-04-20T12:04:06.000Z
trackpoint,Monday Morning Walk,1,38.562397,-78.304379,444.8,2026-04-20T12:04:11.000Z
trackpoint,Monday Morning Walk,1,38.562407,-78.304401,444.6,2026-04-20T12:04:16.000Z
trackpoint,Monday Morning Walk,1,38.562408,-78.304397,444.4,2026-04-20T12:04:21.000Z
trackpoint,Monday Morning Walk,1,38.56238,-78.304404,444.4,2026-04-20T12:04:27.000Z
trackpoint,Monday Morning Walk,1,38.562363,-78.304371,444.7,2026-04-20T12:04:32.000Z
trackpoint,Monday Morning Walk,1,38.562337,-78.304366,445,2026-04-20T12:04:37.000Z
trackpoint,Monday Morning Walk,1,38.56225,-78.304391,445.2,2026-04-20T12:04:42.000Z
trackpoint,Monday Morning Walk,1,38.562178,-78.304394,445.3,2026-04-20T12:04:47.000Z
trackpoint,Monday Morning Walk,1,38.562105,-78.304377,445.2,2026-04-20T12:04:52.000Z
trackpoint,Monday Morning Walk,1,38.562068,-78.304344,445.2,2026-04-20T12:04:57.000Z
trackpoint,Monday Morning Walk,1,38.56209,-78.304324,445.5,2026-04-20T12:05:02.000Z
trackpoint,Monday Morning Walk,1,38.56212,-78.304274,446.1,2026-04-20T12:05:07.000Z
trackpoint,Monday Morning Walk,1,38.5621,-78.304206,447.1,2026-04-20T12:05:12.000Z
trackpoint,Monday Morning Walk,1,38.562078,-78.304146,447.1,2026-04-20T12:05:17.000Z
trackpoint,Monday Morning Walk,1,38.56208,-78.304126,446.6,2026-04-20T12:05:23.000Z
trackpoint,Monday Morning Walk,1,38.56208,-78.304069,446.8,2026-04-20T12:05:28.000Z
trackpoint,Monday Morning Walk,1,38.562082,-78.304044,447.3,2026-04-20T12:05:33.000Z
trackpoint,Monday Morning Walk,1,38.562082,-78.304036,447.5,2026-04-20T12:05:38.000Z
trackpoint,Monday Morning Walk,1,38.562068,-78.303992,447.3,2026-04-20T12:05:43.000Z
trackpoint,Monday Morning Walk,1,38.562052,-78.303966,446.7,2026-04-20T12:05:48.000Z
trackpoint,Monday Morning Walk,1,38.562013,-78.303916,446.7,2026-04-20T12:05:53.000Z
trackpoint,Monday Morning Walk,1,38.562,-78.303904,447.2,2026-04-20T12:05:58.000Z
trackpoint,Monday Morning Walk,1,38.562007,-78.303932,447.8,2026-04-20T12:06:03.000Z
trackpoint,Monday Morning Walk,1,38.56198,-78.303962,448.3,2026-04-20T12:06:08.000Z
trackpoint,Monday Morning Walk,1,38.56197,-78.303961,449.3,2026-04-20T12:06:13.000Z
trackpoint,Monday Morning Walk,1,38.562,-78.303906,451.1,2026-04-20T12:06:18.000Z
trackpoint,Monday Morning Walk,1,38.562012,-78.303836,452.4,2026-04-20T12:06:23.000Z
trackpoint,Monday Morning Walk,1,38.562072,-78.303731,453.7,2026-04-20T12:06:29.000Z
trackpoint,Monday Morning Walk,1,38.562125,-78.303594,455.8,2026-04-20T12:06:34.000Z
trackpoint,Monday Morning Walk,1,38.562142,-78.303571,456.9,2026-04-20T12:06:39.000Z
trackpoint,Monday Morning Walk,1,38.562158,-78.303562,458,2026-04-20T12:06:44.000Z
trackpoint,Monday Morning Walk,1,38.56221,-78.303567,458.3,2026-04-20T12:06:50.000Z
trackpoint,Monday Morning Walk,1,38.562227,-78.303574,458,2026-04-20T12:06:55.000Z
trackpoint,Monday Morning Walk,1,38.562213,-78.303501,457.5,2026-04-20T12:07:00.000Z
trackpoint,Monday Morning Walk,1,38.562247,-78.303441,457.6,2026-04-20T12:07:05.000Z
trackpoint,Monday Morning Walk,1,38.562242,-78.303432,457.6,2026-04-20T12:07:10.000Z
trackpoint,Monday Morning Walk,1,38.562285,-78.303462,457.6,2026-04-20T12:07:20.000Z
trackpoint,Monday Morning Walk,1,38.562265,-78.303482,457.6,2026-04-20T12:07:25.000Z
trackpoint,Monday Morning Walk,1,38.562218,-78.303546,457.5,2026-04-20T12:07:30.000Z
trackpoint,Monday Morning Walk,1,38.562233,-78.303592,456.4,2026-04-20T12:07:35.000Z
trackpoint,Monday Morning Walk,1,38.562232,-78.303642,456.2,2026-04-20T12:07:40.000Z
trackpoint,Monday Morning Walk,1,38.562227,-78.303699,456.4,2026-04-20T12:07:45.000Z
trackpoint,Monday Morning Walk,1,38.562245,-78.303757,456.8,2026-04-20T12:07:50.000Z
trackpoint,Monday Morning Walk,1,38.562233,-78.303806,456.5,2026-04-20T12:07:55.000Z
trackpoint,Monday Morning Walk,1,38.562183,-78.303834,456.4,2026-04-20T12:08:01.000Z
trackpoint,Monday Morning Walk,1,38.562148,-78.303907,455.3,2026-04-20T12:08:06.000Z
trackpoint,Monday Morning Walk,1,38.562105,-78.303956,453.7,2026-04-20T12:08:11.000Z
trackpoint,Monday Morning Walk,1,38.562093,-78.303997,453.4,2026-04-20T12:08:16.000Z
trackpoint,Monday Morning Walk,1,38.562118,-78.304026,453.7,2026-04-20T12:08:21.000Z
trackpoint,Monday Morning Walk,1,38.562107,-78.304054,453.9,2026-04-20T12:08:26.000Z
trackpoint,Monday Morning Walk,1,38.562118,-78.304064,454,2026-04-20T12:08:31.000Z
trackpoint,Monday Morning Walk,1,38.562132,-78.304097,455.7,2026-04-20T12:08:36.000Z
trackpoint,Monday Morning Walk,1,38.562098,-78.304127,456.5,2026-04-20T12:08:41.000Z
trackpoint,Monday Morning Walk,1,38.562103,-78.304147,458.1,2026-04-20T12:08:46.000Z
trackpoint,Monday Morning Walk,1,38.562102,-78.304181,458.3,2026-04-20T12:08:51.000Z
trackpoint,Monday Morning Walk,1,38.562098,-78.304227,457.8,2026-04-20T12:08:56.000Z
trackpoint,Monday Morning Walk,1,38.562088,-78.304266,457.3,2026-04-20T12:09:01.000Z
trackpoint,Monday Morning Walk,1,38.562022,-78.304321,457.8,2026-04-20T12:09:07.000Z
trackpoint,Monday Morning Walk,1,38.561977,-78.304357,460.1,2026-04-20T12:09:12.000Z
trackpoint,Monday Morning Walk,1,38.561913,-78.304391,461.7,2026-04-20T12:09:17.000Z
trackpoint,Monday Morning Walk,1,38.561893,-78.304412,462.6,2026-04-20T12:09:22.000Z
trackpoint,Monday Morning Walk,1,38.561873,-78.304476,462.8,2026-04-20T12:09:27.000Z
trackpoint,Monday Morning Walk,1,38.561858,-78.304531,462.7,2026-04-20T12:09:32.000Z
trackpoint,Monday Morning Walk,1,38.561815,-78.304552,462.6,2026-04-20T12:09:37.000Z
trackpoint,Monday Morning Walk,1,38.561778,-78.304579,463.5,2026-04-20T12:09:42.000Z
trackpoint,Monday Morning Walk,1,38.561752,-78.304587,463.5,2026-04-20T12:09:47.000Z
trackpoint,Monday Morning Walk,1,38.561715,-78.304614,463.1,2026-04-20T12:09:52.000Z
trackpoint,Monday Morning Walk,1,38.56169,-78.304646,462.2,2026-04-20T12:09:58.000Z
trackpoint,Monday Morning Walk,1,38.561643,-78.304672,461.1,2026-04-20T12:10:03.000Z
trackpoint,Monday Morning Walk,1,38.561655,-78.304696,460.8,2026-04-20T12:10:08.000Z
trackpoint,Monday Morning Walk,1,38.561663,-78.304719,459.8,2026-04-20T12:10:13.000Z
trackpoint,Monday Morning Walk,1,38.561642,-78.304736,459.3,2026-04-20T12:10:18.000Z
trackpoint,Monday Morning Walk,1,38.561652,-78.304774,458.6,2026-04-20T12:10:23.000Z
trackpoint,Monday Morning Walk,1,38.561638,-78.304824,459,2026-04-20T12:10:28.000Z
trackpoint,Monday Morning Walk,1,38.561633,-78.304864,459.2,2026-04-20T12:10:33.000Z
trackpoint,Monday Morning Walk,1,38.561633,-78.304891,459.9,2026-04-20T12:10:38.000Z
trackpoint,Monday Morning Walk,1,38.561647,-78.304902,460.9,2026-04-20T12:10:43.000Z
trackpoint,Monday Morning Walk,1,38.561632,-78.304924,461.4,2026-04-20T12:10:48.000Z
trackpoint,Monday Morning Walk,1,38.561592,-78.304944,460.9,2026-04-20T12:10:53.000Z
trackpoint,Monday Morning Walk,1,38.561545,-78.304932,461.3,2026-04-20T12:10:58.000Z
trackpoint,Monday Morning Walk,1,38.561487,-78.304951,461.6,2026-04-20T12:11:03.000Z
trackpoint,Monday Morning Walk,1,38.561448,-78.304956,462,2026-04-20T12:11:09.000Z
trackpoint,Monday Morning Walk,1,38.561397,-78.304967,462.4,2026-04-20T12:11:14.000Z
trackpoint,Monday Morning Walk,1,38.561385,-78.304981,462.6,2026-04-20T12:11:19.000Z
trackpoint,Monday Morning Walk,1,38.5614,-78.304997,462.8,2026-04-20T12:11:24.000Z
trackpoint,Monday Morning Walk,1,38.561363,-78.304999,463.2,2026-04-20T12:11:29.000Z
trackpoint,Monday Morning Walk,1,38.561322,-78.304986,463.3,2026-04-20T12:11:34.000Z
trackpoint,Monday Morning Walk,1,38.561275,-78.304969,463.3,2026-04-20T12:11:39.000Z
trackpoint,Monday Morning Walk,1,38.561218,-78.304976,463.6,2026-04-20T12:11:44.000Z
trackpoint,Monday Morning Walk,1,38.56117,-78.304981,464,2026-04-20T12:11:49.000Z
trackpoint,Monday Morning Walk,1,38.561135,-78.304996,464.4,2026-04-20T12:11:54.000Z
trackpoint,Monday Morning Walk,1,38.561122,-78.305017,465.1,2026-04-20T12:11:59.000Z
trackpoint,Monday Morning Walk,1,38.561092,-78.305022,465.8,2026-04-20T12:12:05.000Z
trackpoint,Monday Morning Walk,1,38.56107,-78.305047,467,2026-04-20T12:12:10.000Z
trackpoint,Monday Morning Walk,1,38.561038,-78.305062,467.7,2026-04-20T12:12:15.000Z
trackpoint,Monday Morning Walk,1,38.561055,-78.305086,468.7,2026-04-20T12:12:20.000Z
trackpoint,Monday Morning Walk,1,38.561078,-78.305086,469.6,2026-04-20T12:12:25.000Z
trackpoint,Monday Morning Walk,1,38.561088,-78.305102,470.7,2026-04-20T12:12:30.000Z
trackpoint,Monday Morning Walk,1,38.561117,-78.305127,472.9,2026-04-20T12:12:35.000Z
trackpoint,Monday Morning Walk,1,38.561082,-78.305186,474.2,2026-04-20T12:12:40.000Z
trackpoint,Monday Morning Walk,1,38.561037,-78.305216,474.7,2026-04-20T12:12:45.000Z
trackpoint,Monday Morning Walk,1,38.560995,-78.305227,475.9,2026-04-20T12:12:50.000Z
trackpoint,Monday Morning Walk,1,38.560965,-78.305242,476.4,2026-04-20T12:12:55.000Z
trackpoint,Monday Morning Walk,1,38.560947,-78.305274,475.8,2026-04-20T12:13:00.000Z
trackpoint,Monday Morning Walk,1,38.56089,-78.305329,475.1,2026-04-20T12:13:06.000Z
trackpoint,Monday Morning Walk,1,38.56087,-78.305361,474.8,2026-04-20T12:13:11.000Z
trackpoint,Monday Morning Walk,1,38.560835,-78.305382,475.7,2026-04-20T12:13:16.000Z
trackpoint,Monday Morning Walk,1,38.560825,-78.305414,476.8,2026-04-20T12:13:21.000Z
trackpoint,Monday Morning Walk,1,38.560792,-78.305419,477.6,2026-04-20T12:13:26.000Z
trackpoint,Monday Morning Walk,1,38.560758,-78.305457,478.8,2026-04-20T12:13:31.000Z
trackpoint,Monday Morning Walk,1,38.560728,-78.305467,479.2,2026-04-20T12:13:36.000Z
trackpoint,Monday Morning Walk,1,38.560705,-78.305444,479,2026-04-20T12:13:41.000Z
trackpoint,Monday Morning Walk,1,38.560672,-78.305449,478.5,2026-04-20T12:13:46.000Z
trackpoint,Monday Morning Walk,1,38.560635,-78.305492,478.3,2026-04-20T12:13:51.000Z
trackpoint,Monday Morning Walk,1,38.560613,-78.305489,478.3,2026-04-20T12:13:56.000Z
trackpoint,Monday Morning Walk,1,38.560558,-78.305509,478.1,2026-04-20T12:14:02.000Z
trackpoint,Monday Morning Walk,1,38.560483,-78.305514,478.5,2026-04-20T12:14:08.000Z
trackpoint,Monday Morning Walk,1,38.560457,-78.305476,478.6,2026-04-20T12:14:13.000Z
trackpoint,Monday Morning Walk,1,38.560448,-78.305471,479.2,2026-04-20T12:14:18.000Z
trackpoint,Monday Morning Walk,1,38.560438,-78.305487,479.5,2026-04-20T12:14:23.000Z
trackpoint,Monday Morning Walk,1,38.560423,-78.305482,479.7,2026-04-20T12:14:28.000Z
trackpoint,Monday Morning Walk,1,38.56042,-78.305487,479.7,2026-04-20T12:14:33.000Z
trackpoint,Monday Morning Walk,1,38.560415,-78.305491,479.8,2026-04-20T12:14:38.000Z
trackpoint,Monday Morning Walk,1,38.560357,-78.305501,480,2026-04-20T12:14:43.000Z
trackpoint,Monday Morning Walk,1,38.560368,-78.305519,480.6,2026-04-20T12:14:48.000Z
trackpoint,Monday Morning Walk,1,38.560418,-78.305537,482.1,2026-04-20T12:14:53.000Z
trackpoint,Monday Morning Walk,1,38.560418,-78.305531,483.5,2026-04-20T12:14:59.000Z
trackpoint,Monday Morning Walk,1,38.560412,-78.305526,483.2,2026-04-20T12:15:04.000Z
trackpoint,Monday Morning Walk,1,38.560418,-78.305504,483.6,2026-04-20T12:15:09.000Z
trackpoint,Monday Morning Walk,1,38.560418,-78.305496,483.8,2026-04-20T12:15:14.000Z
trackpoint,Monday Morning Walk,1,38.560437,-78.305487,484.5,2026-04-20T12:15:19.000Z
trackpoint,Monday Morning Walk,1,38.560415,-78.305477,485.4,2026-04-20T12:15:24.000Z
trackpoint,Monday Morning Walk,1,38.56042,-78.305502,486,2026-04-20T12:15:29.000Z
trackpoint,Monday Morning Walk,1,38.560452,-78.305537,487.2,2026-04-20T12:15:34.000Z
trackpoint,Monday Morning Walk,1,38.56048,-78.305547,489.2,2026-04-20T12:15:39.000Z
trackpoint,Monday Morning Walk,1,38.560483,-78.305521,491.5,2026-04-20T12:15:44.000Z
trackpoint,Monday Morning Walk,1,38.560482,-78.305492,492.7,2026-04-20T12:15:49.000Z
trackpoint,Monday Morning Walk,1,38.560478,-78.305486,492.9,2026-04-20T12:15:54.000Z
trackpoint,Monday Morning Walk,1,38.560497,-78.305477,493.4,2026-04-20T12:15:59.000Z
trackpoint,Monday Morning Walk,1,38.560503,-78.305442,494.1,2026-04-20T12:16:05.000Z
trackpoint,Monday Morning Walk,1,38.560482,-78.305409,495,2026-04-20T12:16:10.000Z
trackpoint,Monday Morning Walk,1,38.560458,-78.305409,495.5,2026-04-20T12:16:15.000Z
trackpoint,Monday Morning Walk,1,38.560463,-78.305416,495.6,2026-04-20T12:16:20.000Z
trackpoint,Monday Morning Walk,1,38.560453,-78.305434,496.3,2026-04-20T12:16:25.000Z
trackpoint,Monday Morning Walk,1,38.560427,-78.305459,496.5,2026-04-20T12:16:30.000Z
trackpoint,Monday Morning Walk,1,38.560363,-78.305527,497.4,2026-04-20T12:16:35.000Z
trackpoint,Monday Morning Walk,1,38.560357,-78.305541,497.7,2026-04-20T12:16:40.000Z
trackpoint,Monday Morning Walk,1,38.560338,-78.305552,497.5,2026-04-20T12:16:45.000Z
trackpoint,Monday Morning Walk,1,38.56032,-78.305557,497.3,2026-04-20T12:16:50.000Z
trackpoint,Monday Morning Walk,1,38.560302,-78.305569,496.8,2026-04-20T12:16:55.000Z
trackpoint,Monday Morning Walk,1,38.56026,-78.305579,496,2026-04-20T12:17:01.000Z
trackpoint,Monday Morning Walk,1,38.560222,-78.305594,495.3,2026-04-20T12:17:06.000Z
trackpoint,Monday Morning Walk,1,38.56017,-78.305637,494.7,2026-04-20T12:17:11.000Z
trackpoint,Monday Morning Walk,1,38.560095,-78.305657,494,2026-04-20T12:17:16.000Z
trackpoint,Monday Morning Walk,1,38.560078,-78.305629,493.2,2026-04-20T12:17:21.000Z
trackpoint,Monday Morning Walk,1,38.560035,-78.305632,492.3,2026-04-20T12:17:26.000Z
trackpoint,Monday Morning Walk,1,38.560003,-78.305679,491.5,2026-04-20T12:17:31.000Z
trackpoint,Monday Morning Walk,1,38.560023,-78.305672,490.9,2026-04-20T12:17:36.000Z
trackpoint,Monday Morning Walk,1,38.560033,-78.305666,490.6,2026-04-20T12:17:41.000Z
trackpoint,Monday Morning Walk,1,38.56002,-78.305687,490.1,2026-04-20T12:17:46.000Z
trackpoint,Monday Morning Walk,1,38.559948,-78.305726,489.5,2026-04-20T12:17:51.000Z
trackpoint,Monday Morning Walk,1,38.559915,-78.305764,489,2026-04-20T12:17:56.000Z
trackpoint,Monday Morning Walk,1,38.55987,-78.305772,488.6,2026-04-20T12:18:01.000Z
trackpoint,Monday Morning Walk,1,38.559793,-78.305796,488.5,2026-04-20T12:18:07.000Z
trackpoint,Monday Morning Walk,1,38.559797,-78.305766,487.8,2026-04-20T12:18:12.000Z
trackpoint,Monday Morning Walk,1,38.559783,-78.305782,487.2,2026-04-20T12:18:17.000Z
trackpoint,Monday Morning Walk,1,38.55978,-78.305806,487,2026-04-20T12:18:22.000Z
trackpoint,Monday Morning Walk,1,38.559767,-78.305827,486.8,2026-04-20T12:18:27.000Z
trackpoint,Monday Morning Walk,1,38.559712,-78.305804,486.4,2026-04-20T12:18:32.000Z
trackpoint,Monday Morning Walk,1,38.559647,-78.305791,486.3,2026-04-20T12:18:37.000Z
trackpoint,Monday Morning Walk,1,38.559592,-78.305774,486.5,2026-04-20T12:18:42.000Z
trackpoint,Monday Morning Walk,1,38.559558,-78.305752,486.9,2026-04-20T12:18:47.000Z
trackpoint,Monday Morning Walk,1,38.559557,-78.305734,487,2026-04-20T12:18:52.000Z
trackpoint,Monday Morning Walk,1,38.559558,-78.305744,486.8,2026-04-20T12:18:57.000Z
trackpoint,Monday Morning Walk,1,38.55954,-78.305757,487,2026-04-20T12:19:03.000Z
trackpoint,Monday Morning Walk,1,38.559463,-78.305766,486.8,2026-04-20T12:19:08.000Z
trackpoint,Monday Morning Walk,1,38.559372,-78.305754,487,2026-04-20T12:19:13.000Z
trackpoint,Monday Morning Walk,1,38.559333,-78.305767,487.8,2026-04-20T12:19:18.000Z
trackpoint,Monday Morning Walk,1,38.559312,-78.305752,488.2,2026-04-20T12:19:23.000Z
trackpoint,Monday Morning Walk,1,38.559375,-78.305687,489.4,2026-04-20T12:19:28.000Z
trackpoint,Monday Morning Walk,1,38.559398,-78.305651,490.1,2026-04-20T12:19:33.000Z
trackpoint,Monday Morning Walk,1,38.559397,-78.305622,490.6,2026-04-20T12:19:38.000Z
trackpoint,Monday Morning Walk,1,38.559378,-78.305606,491,2026-04-20T12:19:43.000Z
trackpoint,Monday Morning Walk,1,38.559363,-78.305584,491.8,2026-04-20T12:19:48.000Z
trackpoint,Monday Morning Walk,1,38.559415,-78.305554,491.7,2026-04-20T12:19:53.000Z
trackpoint,Monday Morning Walk,1,38.559427,-78.305542,492.2,2026-04-20T12:19:58.000Z
trackpoint,Monday Morning Walk,1,38.559457,-78.305496,493,2026-04-20T12:20:03.000Z
trackpoint,Monday Morning Walk,1,38.559628,-78.305457,495.2,2026-04-20T12:20:09.000Z
trackpoint,Monday Morning Walk,1,38.559688,-78.305421,497.5,2026-04-20T12:20:14.000Z
trackpoint,Monday Morning Walk,1,38.559758,-78.305371,500.4,2026-04-20T12:20:19.000Z
trackpoint,Monday Morning Walk,1,38.559793,-78.305352,501.5,2026-04-20T12:20:24.000Z
trackpoint,Monday Morning Walk,1,38.559848,-78.305252,502.1,2026-04-20T12:20:29.000Z
trackpoint,Monday Morning Walk,1,38.559885,-78.305201,503,2026-04-20T12:20:34.000Z
trackpoint,Monday Morning Walk,1,38.559873,-78.305194,504.5,2026-04-20T12:20:39.000Z
trackpoint,Monday Morning Walk,1,38.559898,-78.305157,506.4,2026-04-20T12:20:44.000Z
trackpoint,Monday Morning Walk,1,38.559917,-78.305139,507.1,2026-04-20T12:20:49.000Z
trackpoint,Monday Morning Walk,1,38.559945,-78.305114,508.4,2026-04-20T12:20:54.000Z
trackpoint,Monday Morning Walk,1,38.559965,-78.305111,510.5,2026-04-20T12:20:59.000Z
trackpoint,Monday Morning Walk,1,38.559987,-78.305019,512.5,2026-04-20T12:21:05.000Z
trackpoint,Monday Morning Walk,1,38.560043,-78.304971,513.4,2026-04-20T12:21:10.000Z
trackpoint,Monday Morning Walk,1,38.560037,-78.304982,513.9,2026-04-20T12:21:15.000Z
trackpoint,Monday Morning Walk,1,38.560028,-78.305014,514.6,2026-04-20T12:21:20.000Z
trackpoint,Monday Morning Walk,1,38.56005,-78.304986,515.1,2026-04-20T12:21:25.000Z
trackpoint,Monday Morning Walk,1,38.56009,-78.304974,516.1,2026-04-20T12:21:30.000Z
trackpoint,Monday Morning Walk,1,38.560137,-78.304989,516.3,2026-04-20T12:21:35.000Z
trackpoint,Monday Morning Walk,1,38.560162,-78.305001,517.2,2026-04-20T12:21:40.000Z
trackpoint,Monday Morning Walk,1,38.56018,-78.305009,517.7,2026-04-20T12:21:45.000Z
trackpoint,Monday Morning Walk,1,38.560155,-78.304972,519,2026-04-20T12:21:50.000Z
trackpoint,Monday Morning Walk,1,38.560163,-78.304919,520.3,2026-04-20T12:21:55.000Z
trackpoint,Monday Morning Walk,1,38.560167,-78.304857,521.4,2026-04-20T12:22:00.000Z
trackpoint,Monday Morning Walk,1,38.560218,-78.304776,523.1,2026-04-20T12:22:05.000Z
trackpoint,Monday Morning Walk,1,38.560242,-78.304734,523.8,2026-04-20T12:22:11.000Z
trackpoint,Monday Morning Walk,1,38.560233,-78.304711,524.3,2026-04-20T12:22:16.000Z
trackpoint,Monday Morning Walk,1,38.560253,-78.304671,524.9,2026-04-20T12:22:21.000Z
trackpoint,Monday Morning Walk,1,38.560233,-78.304627,525.5,2026-04-20T12:22:26.000Z
trackpoint,Monday Morning Walk,1,38.560192,-78.304614,527.1,2026-04-20T12:22:31.000Z
trackpoint,Monday Morning Walk,1,38.560198,-78.304557,527.2,2026-04-20T12:22:36.000Z
trackpoint,Monday Morning Walk,1,38.560227,-78.304499,526.4,2026-04-20T12:22:41.000Z
trackpoint,Monday Morning Walk,1,38.56025,-78.304459,524.7,2026-04-20T12:22:46.000Z
trackpoint,Monday Morning Walk,1,38.560247,-78.304459,524.4,2026-04-20T12:22:51.000Z
trackpoint,Monday Morning Walk,1,38.560243,-78.304464,524.9,2026-04-20T12:22:56.000Z
trackpoint,Monday Morning Walk,1,38.560237,-78.304412,525.2,2026-04-20T12:23:01.000Z
trackpoint,Monday Morning Walk,1,38.560243,-78.304382,524.8,2026-04-20T12:23:07.000Z
trackpoint,Monday Morning Walk,1,38.560222,-78.304351,525.4,2026-04-20T12:23:12.000Z
trackpoint,Monday Morning Walk,1,38.5602,-78.304314,527.5,2026-04-20T12:23:17.000Z
trackpoint,Monday Morning Walk,1,38.560245,-78.304249,529.3,2026-04-20T12:23:22.000Z
trackpoint,Monday Morning Walk,1,38.56027,-78.304212,530.4,2026-04-20T12:23:27.000Z
trackpoint,Monday Morning Walk,1,38.560262,-78.304202,531,2026-04-20T12:23:32.000Z
trackpoint,Monday Morning Walk,1,38.560278,-78.304129,532.6,2026-04-20T12:23:37.000Z
trackpoint,Monday Morning Walk,1,38.56029,-78.304129,533.4,2026-04-20T12:23:42.000Z
trackpoint,Monday Morning Walk,1,38.560302,-78.304122,533.9,2026-04-20T12:23:47.000Z
trackpoint,Monday Morning Walk,1,38.5603,-78.304081,534.4,2026-04-20T12:23:52.000Z
trackpoint,Monday Morning Walk,1,38.560317,-78.304042,534.5,2026-04-20T12:23:57.000Z
trackpoint,Monday Morning Walk,1,38.560353,-78.304024,534.6,2026-04-20T12:24:02.000Z
trackpoint,Monday Morning Walk,1,38.560342,-78.304036,535.2,2026-04-20T12:24:07.000Z
trackpoint,Monday Morning Walk,1,38.560395,-78.304067,535.8,2026-04-20T12:24:13.000Z
trackpoint,Monday Morning Walk,1,38.560373,-78.304076,535.1,2026-04-20T12:24:18.000Z
trackpoint,Monday Morning Walk,1,38.560387,-78.304157,535,2026-04-20T12:24:23.000Z
trackpoint,Monday Morning Walk,1,38.560362,-78.304186,535.6,2026-04-20T12:24:28.000Z
trackpoint,Monday Morning Walk,1,38.560338,-78.304192,535.6,2026-04-20T12:24:33.000Z
trackpoint,Monday Morning Walk,1,38.560278,-78.304229,535.4,2026-04-20T12:24:38.000Z
trackpoint,Monday Morning Walk,1,38.56022,-78.304226,535.3,2026-04-20T12:24:43.000Z
trackpoint,Monday Morning Walk,1,38.560193,-78.304239,535,2026-04-20T12:24:48.000Z
trackpoint,Monday Morning Walk,1,38.560158,-78.304271,534.9,2026-04-20T12:24:53.000Z
trackpoint,Monday Morning Walk,1,38.560135,-78.304314,535.1,2026-04-20T12:24:58.000Z
trackpoint,Monday Morning Walk,1,38.560118,-78.304379,534.9,2026-04-20T12:25:03.000Z
trackpoint,Monday Morning Walk,1,38.560098,-78.304444,537.2,2026-04-20T12:25:09.000Z
trackpoint,Monday Morning Walk,1,38.56005,-78.304479,537.7,2026-04-20T12:25:14.000Z
trackpoint,Monday Morning Walk,1,38.56001,-78.304532,538.2,2026-04-20T12:25:19.000Z
trackpoint,Monday Morning Walk,1,38.559972,-78.304592,538.4,2026-04-20T12:25:24.000Z
trackpoint,Monday Morning Walk,1,38.559925,-78.304626,541.1,2026-04-20T12:25:29.000Z
trackpoint,Monday Morning Walk,1,38.559908,-78.304634,542.1,2026-04-20T12:25:34.000Z
trackpoint,Monday Morning Walk,1,38.559877,-78.304607,542.1,2026-04-20T12:25:39.000Z
trackpoint,Monday Morning Walk,1,38.559818,-78.304599,542.2,2026-04-20T12:25:44.000Z
trackpoint,Monday Morning Walk,1,38.559778,-78.304591,542.6,2026-04-20T12:25:49.000Z
trackpoint,Monday Morning Walk,1,38.559792,-78.304614,542.4,2026-04-20T12:25:54.000Z
trackpoint,Monday Morning Walk,1,38.559788,-78.304622,542.2,2026-04-20T12:25:59.000Z
trackpoint,Monday Morning Walk,1,38.559777,-78.304601,542.1,2026-04-20T12:26:04.000Z
trackpoint,Monday Morning Walk,1,38.559753,-78.304574,541.9,2026-04-20T12:26:09.000Z
trackpoint,Monday Morning Walk,1,38.559747,-78.304572,541.9,2026-04-20T12:26:15.000Z
trackpoint,Monday Morning Walk,1,38.559762,-78.304594,541.8,2026-04-20T12:26:20.000Z
trackpoint,Monday Morning Walk,1,38.559707,-78.304586,541.6,2026-04-20T12:26:25.000Z
trackpoint,Monday Morning Walk,1,38.559653,-78.304556,541.9,2026-04-20T12:26:30.000Z
trackpoint,Monday Morning Walk,1,38.559615,-78.304561,542.4,2026-04-20T12:26:35.000Z
trackpoint,Monday Morning Walk,1,38.559575,-78.304566,542.7,2026-04-20T12:26:40.000Z
trackpoint,Monday Morning Walk,1,38.55952,-78.304599,542.4,2026-04-20T12:26:45.000Z
trackpoint,Monday Morning Walk,1,38.559502,-78.304604,542.4,2026-04-20T12:26:50.000Z
trackpoint,Monday Morning Walk,1,38.559478,-78.304604,542.3,2026-04-20T12:26:55.000Z
trackpoint,Monday Morning Walk,1,38.559418,-78.304607,541.7,2026-04-20T12:27:00.000Z
trackpoint,Monday Morning Walk,1,38.559382,-78.304594,541.8,2026-04-20T12:27:05.000Z
trackpoint,Monday Morning Walk,1,38.55932,-78.304619,542.1,2026-04-20T12:27:11.000Z
trackpoint,Monday Morning Walk,1,38.559233,-78.304641,542.4,2026-04-20T12:27:16.000Z
trackpoint,Monday Morning Walk,1,38.559202,-78.304674,542.5,2026-04-20T12:27:21.000Z
trackpoint,Monday Morning Walk,1,38.5592,-78.304676,543.2,2026-04-20T12:27:26.000Z
trackpoint,Monday Morning Walk,1,38.559202,-78.304676,544.1,2026-04-20T12:27:31.000Z
trackpoint,Monday Morning Walk,1,38.559175,-78.304709,545.1,2026-04-20T12:27:36.000Z
trackpoint,Monday Morning Walk,1,38.559173,-78.304677,545.8,2026-04-20T12:27:41.000Z
trackpoint,Monday Morning Walk,1,38.559145,-78.304706,546.7,2026-04-20T12:27:46.000Z
trackpoint,Monday Morning Walk,1,38.559093,-78.304732,548.3,2026-04-20T12:27:51.000Z
trackpoint,Monday Morning Walk,1,38.55912,-78.304764,548.9,2026-04-20T12:27:56.000Z
trackpoint,Monday Morning Walk,1,38.55908,-78.304792,548.3,2026-04-20T12:28:01.000Z
trackpoint,Monday Morning Walk,1,38.559038,-78.304776,547.3,2026-04-20T12:28:06.000Z
trackpoint,Monday Morning Walk,1,38.558987,-78.304801,547.1,2026-04-20T12:28:11.000Z
trackpoint,Monday Morning Walk,1,38.558948,-78.304809,547.4,2026-04-20T12:28:17.000Z
trackpoint,Monday Morning Walk,1,38.55888,-78.304806,547.4,2026-04-20T12:28:22.000Z
trackpoint,Monday Morning Walk,1,38.558822,-78.304809,548,2026-04-20T12:28:27.000Z
trackpoint,Monday Morning Walk,1,38.558798,-78.304789,548.6,2026-04-20T12:28:32.000Z
trackpoint,Monday Morning Walk,1,38.558787,-78.304766,549.2,2026-04-20T12:28:37.000Z
trackpoint,Monday Morning Walk,1,38.558772,-78.304702,549.8,2026-04-20T12:28:42.000Z
trackpoint,Monday Morning Walk,1,38.558757,-78.304709,549.3,2026-04-20T12:28:47.000Z
trackpoint,Monday Morning Walk,1,38.558768,-78.304701,548.4,2026-04-20T12:28:52.000Z
trackpoint,Monday Morning Walk,1,38.558757,-78.304701,547.6,2026-04-20T12:28:57.000Z
trackpoint,Monday Morning Walk,1,38.558735,-78.304699,547.6,2026-04-20T12:29:02.000Z
trackpoint,Monday Morning Walk,1,38.558692,-78.304741,547.4,2026-04-20T12:29:07.000Z
trackpoint,Monday Morning Walk,1,38.558623,-78.304756,547.4,2026-04-20T12:29:12.000Z
trackpoint,Monday Morning Walk,1,38.558578,-78.304777,547.7,2026-04-20T12:29:18.000Z
trackpoint,Monday Morning Walk,1,38.558545,-78.304829,548.4,2026-04-20T12:29:23.000Z
trackpoint,Monday Morning Walk,1,38.55851,-78.304831,548.8,2026-04-20T12:29:28.000Z
trackpoint,Monday Morning Walk,1,38.558492,-78.304797,549.3,2026-04-20T12:29:33.000Z
trackpoint,Monday Morning Walk,1,38.558468,-78.304816,550.5,2026-04-20T12:29:38.000Z
trackpoint,Monday Morning Walk,1,38.558448,-78.304779,551.4,2026-04-20T12:29:43.000Z
trackpoint,Monday Morning Walk,1,38.558395,-78.304752,552.7,2026-04-20T12:29:48.000Z
trackpoint,Monday Morning Walk,1,38.558365,-78.304797,552.7,2026-04-20T12:29:53.000Z
trackpoint,Monday Morning Walk,1,38.558343,-78.304834,552.5,2026-04-20T12:29:58.000Z
trackpoint,Monday Morning Walk,1,38.558335,-78.304782,551.8,2026-04-20T12:30:03.000Z
trackpoint,Monday Morning Walk,1,38.558352,-78.304779,551.3,2026-04-20T12:30:08.000Z
trackpoint,Monday Morning Walk,1,38.558338,-78.304667,551.3,2026-04-20T12:30:13.000Z
trackpoint,Monday Morning Walk,1,38.558395,-78.304602,551.8,2026-04-20T12:30:19.000Z
trackpoint,Monday Morning Walk,1,38.558447,-78.304572,551.9,2026-04-20T12:30:24.000Z
trackpoint,Monday Morning Walk,1,38.558552,-78.304567,551.7,2026-04-20T12:30:29.000Z
trackpoint,Monday Morning Walk,1,38.558602,-78.304561,551.5,2026-04-20T12:30:34.000Z
trackpoint,Monday Morning Walk,1,38.558658,-78.304542,551.1,2026-04-20T12:30:39.000Z
trackpoint,Monday Morning Walk,1,38.558677,-78.304556,551,2026-04-20T12:30:44.000Z
trackpoint,Monday Morning Walk,1,38.558628,-78.304491,550.8,2026-04-20T12:30:49.000Z
trackpoint,Monday Morning Walk,1,38.558585,-78.304446,550.8,2026-04-20T12:30:54.000Z
trackpoint,Monday Morning Walk,1,38.558572,-78.304437,550.9,2026-04-20T12:30:59.000Z
trackpoint,Monday Morning Walk,1,38.558572,-78.304412,551,2026-04-20T12:31:04.000Z
trackpoint,Monday Morning Walk,1,38.5586,-78.304327,551.2,2026-04-20T12:31:09.000Z
trackpoint,Monday Morning Walk,1,38.558617,-78.304241,551.2,2026-04-20T12:31:15.000Z
trackpoint,Monday Morning Walk,1,38.558645,-78.304226,551,2026-04-20T12:31:20.000Z
trackpoint,Monday Morning Walk,1,38.558692,-78.304204,550.6,2026-04-20T12:31:25.000Z
trackpoint,Monday Morning Walk,1,38.55864,-78.304217,550.5,2026-04-20T12:31:30.000Z
trackpoint,Monday Morning Walk,1,38.558662,-78.304251,550.5,2026-04-20T12:31:35.000Z
trackpoint,Monday Morning Walk,1,38.558682,-78.304227,550.3,2026-04-20T12:31:40.000Z
trackpoint,Monday Morning Walk,1,38.558695,-78.304201,550.1,2026-04-20T12:31:45.000Z
trackpoint,Monday Morning Walk,1,38.558692,-78.304191,549.8,2026-04-20T12:31:50.000Z
trackpoint,Monday Morning Walk,1,38.558665,-78.304224,550,2026-04-20T12:31:55.000Z
trackpoint,Monday Morning Walk,1,38.558688,-78.304282,550.1,2026-04-20T12:32:00.000Z
trackpoint,Monday Morning Walk,1,38.558718,-78.304307,550,2026-04-20T12:32:05.000Z
trackpoint,Monday Morning Walk,1,38.558818,-78.304242,550.5,2026-04-20T12:32:11.000Z
trackpoint,Monday Morning Walk,1,38.55884,-78.304239,550.6,2026-04-20T12:32:15.000Z
trackpoint,Monday Morning Walk,1,38.558833,-78.304237,550.5,2026-04-20T12:32:21.000Z
trackpoint,Monday Morning Walk,1,38.558827,-78.304239,550.2,2026-04-20T12:32:26.000Z
trackpoint,Monday Morning Walk,1,38.558852,-78.304267,551.1,2026-04-20T12:32:31.000Z
trackpoint,Monday Morning Walk,1,38.558897,-78.304296,553.1,2026-04-20T12:32:36.000Z
trackpoint,Monday Morning Walk,1,38.558913,-78.304297,553.8,2026-04-20T12:32:41.000Z
trackpoint,Monday Morning Walk,1,38.558925,-78.304302,555,2026-04-20T12:32:46.000Z
trackpoint,Monday Morning Walk,1,38.558937,-78.304277,554.9,2026-04-20T12:32:51.000Z
trackpoint,Monday Morning Walk,1,38.55896,-78.304341,554.8,2026-04-20T12:32:56.000Z
trackpoint,Monday Morning Walk,1,38.558977,-78.304392,555.2,2026-04-20T12:33:01.000Z
trackpoint,Monday Morning Walk,1,38.558995,-78.304459,555.4,2026-04-20T12:33:06.000Z
trackpoint,Monday Morning Walk,1,38.559027,-78.304424,555.2,2026-04-20T12:33:11.000Z
trackpoint,Monday Morning Walk,1,38.55907,-78.304441,556.7,2026-04-20T12:33:17.000Z
trackpoint,Monday Morning Walk,1,38.559083,-78.304451,558,2026-04-20T12:33:22.000Z
trackpoint,Monday Morning Walk,1,38.559078,-78.304444,558.3,2026-04-20T12:33:27.000Z
trackpoint,Monday Morning Walk,1,38.559067,-78.304431,558.1,2026-04-20T12:33:32.000Z
trackpoint,Monday Morning Walk,1,38.559063,-78.304444,558.2,2026-04-20T12:33:37.000Z
trackpoint,Monday Morning Walk,1,38.559118,-78.304271,573.6,2026-04-20T12:33:42.000Z
trackpoint,Monday Morning Walk,1,38.559195,-78.304216,582.4,2026-04-20T12:33:47.000Z
trackpoint,Monday Morning Walk,1,38.559218,-78.304164,586.5,2026-04-20T12:33:52.000Z
trackpoint,Monday Morning Walk,1,38.559245,-78.304136,588.7,2026-04-20T12:33:57.000Z
trackpoint,Monday Morning Walk,1,38.559258,-78.304132,590.2,2026-04-20T12:34:02.000Z
trackpoint,Monday Morning Walk,1,38.55926,-78.304111,592.5,2026-04-20T12:34:07.000Z
trackpoint,Monday Morning Walk,1,38.55925,-78.304052,594.3,2026-04-20T12:34:12.000Z
trackpoint,Monday Morning Walk,1,38.559282,-78.304026,598.3,2026-04-20T12:34:17.000Z
trackpoint,Monday Morning Walk,1,38.559295,-78.303984,601.3,2026-04-20T12:34:23.000Z
trackpoint,Monday Morning Walk,1,38.559305,-78.303929,603.8,2026-04-20T12:34:28.000Z
trackpoint,Monday Morning Walk,1,38.559323,-78.303884,605.8,2026-04-20T12:34:33.000Z
trackpoint,Monday Morning Walk,1,38.559337,-78.303876,608.6,2026-04-20T12:34:38.000Z
trackpoint,Monday Morning Walk,1,38.559323,-78.303881,610,2026-04-20T12:34:43.000Z
trackpoint,Monday Morning Walk,1,38.559352,-78.303826,609.5,2026-04-20T12:34:48.000Z
trackpoint,Monday Morning Walk,1,38.559382,-78.303774,609,2026-04-20T12:34:53.000Z
trackpoint,Monday Morning Walk,1,38.559417,-78.303767,609.3,2026-04-20T12:34:58.000Z
trackpoint,Monday Morning Walk,1,38.559453,-78.303742,610.8,2026-04-20T12:35:03.000Z
trackpoint,Monday Morning Walk,1,38.559482,-78.303719,612.2,2026-04-20T12:35:08.000Z
trackpoint,Monday Morning Walk,1,38.559512,-78.303686,612.8,2026-04-20T12:35:13.000Z
trackpoint,Monday Morning Walk,1,38.559543,-78.303667,613.8,2026-04-20T12:35:19.000Z
trackpoint,Monday Morning Walk,1,38.55956,-78.303631,613.5,2026-04-20T12:35:24.000Z
trackpoint,Monday Morning Walk,1,38.559563,-78.303592,613.1,2026-04-20T12:35:29.000Z
trackpoint,Monday Morning Walk,1,38.559582,-78.303546,613.3,2026-04-20T12:35:34.000Z
trackpoint,Monday Morning Walk,1,38.559607,-78.303516,613.7,2026-04-20T12:35:39.000Z
trackpoint,Monday Morning Walk,1,38.55963,-78.303491,614.4,2026-04-20T12:35:44.000Z
trackpoint,Monday Morning Walk,1,38.559657,-78.303456,616,2026-04-20T12:35:49.000Z
trackpoint,Monday Morning Walk,1,38.559708,-78.303397,617.7,2026-04-20T12:35:54.000Z
trackpoint,Monday Morning Walk,1,38.559743,-78.303354,618.7,2026-04-20T12:35:59.000Z
trackpoint,Monday Morning Walk,1,38.559727,-78.303311,619.5,2026-04-20T12:36:04.000Z
trackpoint,Monday Morning Walk,1,38.559732,-78.303254,619.9,2026-04-20T12:36:09.000Z
trackpoint,Monday Morning Walk,1,38.559712,-78.303217,620,2026-04-20T12:36:14.000Z
trackpoint,Monday Morning Walk,1,38.559723,-78.303204,619.8,2026-04-20T12:36:19.000Z
trackpoint,Monday Morning Walk,1,38.559705,-78.303179,620.2,2026-04-20T12:36:25.000Z
trackpoint,Monday Morning Walk,1,38.55971,-78.303152,620.4,2026-04-20T12:36:30.000Z
trackpoint,Monday Morning Walk,1,38.559702,-78.303126,620.6,2026-04-20T12:36:35.000Z
trackpoint,Monday Morning Walk,1,38.559677,-78.303107,621.1,2026-04-20T12:36:40.000Z
trackpoint,Monday Morning Walk,1,38.559672,-78.303071,621.8,2026-04-20T12:36:45.000Z
trackpoint,Monday Morning Walk,1,38.55966,-78.303014,621.7,2026-04-20T12:36:50.000Z
trackpoint,Monday Morning Walk,1,38.559682,-78.302971,621.9,2026-04-20T12:36:55.000Z
trackpoint,Monday Morning Walk,1,38.559692,-78.302951,622.5,2026-04-20T12:37:00.000Z
trackpoint,Monday Morning Walk,1,38.559698,-78.302917,622.6,2026-04-20T12:37:05.000Z
trackpoint,Monday Morning Walk,1,38.559688,-78.302916,623.8,2026-04-20T12:37:10.000Z
trackpoint,Monday Morning Walk,1,38.559665,-78.302942,624.7,2026-04-20T12:37:15.000Z
trackpoint,Monday Morning Walk,1,38.559677,-78.302906,624.9,2026-04-20T12:37:21.000Z
trackpoint,Monday Morning Walk,1,38.559688,-78.302897,625.3,2026-04-20T12:37:26.000Z
trackpoint,Monday Morning Walk,1,38.55968,-78.302899,624.8,2026-04-20T12:37:31.000Z
trackpoint,Monday Morning Walk,1,38.559673,-78.302921,625.6,2026-04-20T12:37:36.000Z
trackpoint,Monday Morning Walk,1,38.55969,-78.302939,626.2,2026-04-20T12:37:41.000Z
trackpoint,Monday Morning Walk,1,38.559703,-78.302981,627.4,2026-04-20T12:37:46.000Z
trackpoint,Monday Morning Walk,1,38.559693,-78.303021,628.8,2026-04-20T12:37:51.000Z
trackpoint,Monday Morning Walk,1,38.559663,-78.303071,630.2,2026-04-20T12:37:56.000Z
trackpoint,Monday Morning Walk,1,38.55963,-78.303047,630.6,2026-04-20T12:38:01.000Z
trackpoint,Monday Morning Walk,1,38.559597,-78.303021,631.2,2026-04-20T12:38:06.000Z
trackpoint,Monday Morning Walk,1,38.559563,-78.302997,631,2026-04-20T12:38:11.000Z
trackpoint,Monday Morning Walk,1,38.559522,-78.302987,631,2026-04-20T12:38:16.000Z
trackpoint,Monday Morning Walk,1,38.559497,-78.302947,631,2026-04-20T12:38:22.000Z
trackpoint,Monday Morning Walk,1,38.559482,-78.302921,631.5,2026-04-20T12:38:27.000Z
trackpoint,Monday Morning Walk,1,38.559465,-78.302904,632,2026-04-20T12:38:32.000Z
trackpoint,Monday Morning Walk,1,38.559448,-78.302867,632.5,2026-04-20T12:38:37.000Z
trackpoint,Monday Morning Walk,1,38.55945,-78.302836,633.1,2026-04-20T12:38:42.000Z
trackpoint,Monday Morning Walk,1,38.559423,-78.302817,633.8,2026-04-20T12:38:47.000Z
trackpoint,Monday Morning Walk,1,38.55942,-78.302764,634.4,2026-04-20T12:38:52.000Z
trackpoint,Monday Morning Walk,1,38.5594,-78.302736,635.3,2026-04-20T12:38:57.000Z
trackpoint,Monday Morning Walk,1,38.559387,-78.302667,636,2026-04-20T12:39:02.000Z
trackpoint,Monday Morning Walk,1,38.559385,-78.302632,636.8,2026-04-20T12:39:07.000Z
trackpoint,Monday Morning Walk,1,38.559382,-78.302611,637.4,2026-04-20T12:39:12.000Z
trackpoint,Monday Morning Walk,1,38.55938,-78.302592,638.2,2026-04-20T12:39:17.000Z
trackpoint,Monday Morning Walk,1,38.559343,-78.302579,639.6,2026-04-20T12:39:23.000Z
trackpoint,Monday Morning Walk,1,38.559335,-78.302579,640.6,2026-04-20T12:39:28.000Z
trackpoint,Monday Morning Walk,1,38.559315,-78.302572,641,2026-04-20T12:39:33.000Z
trackpoint,Monday Morning Walk,1,38.55931,-78.302511,642,2026-04-20T12:39:38.000Z
trackpoint,Monday Morning Walk,1,38.559315,-78.302489,642.8,2026-04-20T12:39:43.000Z
trackpoint,Monday Morning Walk,1,38.5593,-78.302446,643.5,2026-04-20T12:39:48.000Z
trackpoint,Monday Morning Walk,1,38.55929,-78.302396,644.2,2026-04-20T12:39:53.000Z
trackpoint,Monday Morning Walk,1,38.559283,-78.302372,644.5,2026-04-20T12:39:58.000Z
trackpoint,Monday Morning Walk,1,38.55927,-78.302341,645,2026-04-20T12:40:03.000Z
trackpoint,Monday Morning Walk,1,38.559262,-78.302282,645.6,2026-04-20T12:40:08.000Z
trackpoint,Monday Morning Walk,1,38.55927,-78.302216,646.1,2026-04-20T12:40:13.000Z
trackpoint,Monday Morning Walk,1,38.559272,-78.302162,645.7,2026-04-20T12:40:19.000Z
trackpoint,Monday Morning Walk,1,38.559263,-78.302106,645.3,2026-04-20T12:40:25.000Z
trackpoint,Monday Morning Walk,1,38.559245,-78.302034,645.8,2026-04-20T12:40:30.000Z
trackpoint,Monday Morning Walk,1,38.559225,-78.302027,646.3,2026-04-20T12:40:35.000Z
trackpoint,Monday Morning Walk,1,38.55921,-78.302014,646.8,2026-04-20T12:40:40.000Z
trackpoint,Monday Morning Walk,1,38.559213,-78.301962,647.7,2026-04-20T12:40:45.000Z
trackpoint,Monday Morning Walk,1,38.559208,-78.301912,649.1,2026-04-20T12:40:50.000Z
trackpoint,Monday Morning Walk,1,38.559208,-78.301877,649.7,2026-04-20T12:40:55.000Z
trackpoint,Monday Morning Walk,1,38.55921,-78.301826,650.6,2026-04-20T12:41:00.000Z
trackpoint,Monday Morning Walk,1,38.559197,-78.301759,651.4,2026-04-20T12:41:05.000Z
trackpoint,Monday Morning Walk,1,38.559177,-78.301724,651.9,2026-04-20T12:41:10.000Z
trackpoint,Monday Morning Walk,1,38.559173,-78.301701,651.9,2026-04-20T12:41:15.000Z
trackpoint,Monday Morning Walk,1,38.559173,-78.301641,651.4,2026-04-20T12:41:20.000Z
trackpoint,Monday Morning Walk,1,38.559142,-78.301571,651.2,2026-04-20T12:41:26.000Z
trackpoint,Monday Morning Walk,1,38.559103,-78.301499,651.6,2026-04-20T12:41:31.000Z
trackpoint,Monday Morning Walk,1,38.559103,-78.301431,651.2,2026-04-20T12:41:36.000Z
trackpoint,Monday Morning Walk,1,38.559093,-78.301431,650.9,2026-04-20T12:41:41.000Z
trackpoint,Monday Morning Walk,1,38.559085,-78.301456,649.7,2026-04-20T12:41:46.000Z
trackpoint,Monday Morning Walk,1,38.559083,-78.301446,648.9,2026-04-20T12:41:51.000Z
trackpoint,Monday Morning Walk,1,38.559048,-78.301437,647.9,2026-04-20T12:41:56.000Z
trackpoint,Monday Morning Walk,1,38.558993,-78.301439,646.8,2026-04-20T12:42:01.000Z
trackpoint,Monday Morning Walk,1,38.558945,-78.301414,645.3,2026-04-20T12:42:06.000Z
trackpoint,Monday Morning Walk,1,38.558917,-78.301419,644.5,2026-04-20T12:42:11.000Z
trackpoint,Monday Morning Walk,1,38.558882,-78.301429,643.8,2026-04-20T12:42:16.000Z
trackpoint,Monday Morning Walk,1,38.55882,-78.301432,643.9,2026-04-20T12:42:22.000Z
trackpoint,Monday Morning Walk,1,38.558768,-78.301381,644.2,2026-04-20T12:42:28.000Z
trackpoint,Monday Morning Walk,1,38.558725,-78.301336,644.3,2026-04-20T12:42:33.000Z
trackpoint,Monday Morning Walk,1,38.558683,-78.301354,644.1,2026-04-20T12:42:38.000Z
trackpoint,Monday Morning Walk,1,38.558653,-78.301364,643.6,2026-04-20T12:42:43.000Z
trackpoint,Monday Morning Walk,1,38.558625,-78.301344,643.1,2026-04-20T12:42:48.000Z
trackpoint,Monday Morning Walk,1,38.558592,-78.301336,642.1,2026-04-20T12:42:53.000Z
trackpoint,Monday Morning Walk,1,38.558553,-78.301306,641.6,2026-04-20T12:42:58.000Z
trackpoint,Monday Morning Walk,1,38.558523,-78.301287,641.4,2026-04-20T12:43:03.000Z
trackpoint,Monday Morning Walk,1,38.558482,-78.301251,641.6,2026-04-20T12:43:08.000Z
trackpoint,Monday Morning Walk,1,38.55842,-78.301262,641.4,2026-04-20T12:43:13.000Z
trackpoint,Monday Morning Walk,1,38.558368,-78.301262,641.4,2026-04-20T12:43:18.000Z
trackpoint,Monday Morning Walk,1,38.558312,-78.301232,641.5,2026-04-20T12:43:23.000Z
trackpoint,Monday Morning Walk,1,38.558275,-78.301157,641.8,2026-04-20T12:43:29.000Z
trackpoint,Monday Morning Walk,1,38.558268,-78.301107,641.8,2026-04-20T12:43:34.000Z
trackpoint,Monday Morning Walk,1,38.558263,-78.301071,642.4,2026-04-20T12:43:39.000Z
trackpoint,Monday Morning Walk,1,38.558255,-78.300996,641,2026-04-20T12:43:44.000Z
trackpoint,Monday Morning Walk,1,38.55828,-78.300917,637.4,2026-04-20T12:43:49.000Z
trackpoint,Monday Morning Walk,1,38.558258,-78.300882,636.2,2026-04-20T12:43:54.000Z
trackpoint,Monday Morning Walk,1,38.55822,-78.300871,635.1,2026-04-20T12:43:59.000Z
trackpoint,Monday Morning Walk,1,38.558193,-78.300832,633.9,2026-04-20T12:44:04.000Z
trackpoint,Monday Morning Walk,1,38.55816,-78.300809,633.1,2026-04-20T12:44:09.000Z
trackpoint,Monday Morning Walk,1,38.55816,-78.300752,632.8,2026-04-20T12:44:14.000Z
trackpoint,Monday Morning Walk,1,38.558165,-78.300691,632.9,2026-04-20T12:44:19.000Z
trackpoint,Monday Morning Walk,1,38.558158,-78.300647,633.7,2026-04-20T12:44:25.000Z
trackpoint,Monday Morning Walk,1,38.55818,-78.300594,635.1,2026-04-20T12:44:30.000Z
trackpoint,Monday Morning Walk,1,38.558192,-78.300544,635.6,2026-04-20T12:44:35.000Z
trackpoint,Monday Morning Walk,1,38.558202,-78.300536,635.9,2026-04-20T12:44:40.000Z
trackpoint,Monday Morning Walk,1,38.558202,-78.300522,637.8,2026-04-20T12:44:45.000Z
trackpoint,Monday Morning Walk,1,38.558163,-78.300504,639.5,2026-04-20T12:44:50.000Z
trackpoint,Monday Morning Walk,1,38.558135,-78.300424,641.2,2026-04-20T12:44:55.000Z
trackpoint,Monday Morning Walk,1,38.55814,-78.300362,641.9,2026-04-20T12:45:00.000Z
trackpoint,Monday Morning Walk,1,38.558153,-78.300266,642.4,2026-04-20T12:45:05.000Z
trackpoint,Monday Morning Walk,1,38.558162,-78.300257,642.3,2026-04-20T12:45:10.000Z
trackpoint,Monday Morning Walk,1,38.558177,-78.300272,642.2,2026-04-20T12:45:15.000Z
trackpoint,Monday Morning Walk,1,38.558237,-78.300199,642.1,2026-04-20T12:45:20.000Z
trackpoint,Monday Morning Walk,1,38.55822,-78.300176,641.7,2026-04-20T12:45:25.000Z
trackpoint,Monday Morning Walk,1,38.558203,-78.300102,642.1,2026-04-20T12:45:31.000Z
trackpoint,Monday Morning Walk,1,38.558222,-78.300006,642.1,2026-04-20T12:45:36.000Z
trackpoint,Monday Morning Walk,1,38.558232,-78.300002,642.3,2026-04-20T12:45:41.000Z
trackpoint,Monday Morning Walk,1,38.558188,-78.300006,642.1,2026-04-20T12:45:46.000Z
trackpoint,Monday Morning Walk,1,38.55819,-78.299937,642.2,2026-04-20T12:45:51.000Z
trackpoint,Monday Morning Walk,1,38.558208,-78.299854,642.4,2026-04-20T12:45:56.000Z
trackpoint,Monday Morning Walk,1,38.558235,-78.299752,642.6,2026-04-20T12:46:01.000Z
trackpoint,Monday Morning Walk,1,38.558212,-78.299724,642.5,2026-04-20T12:46:06.000Z
trackpoint,Monday Morning Walk,1,38.558203,-78.299726,642.3,2026-04-20T12:46:11.000Z
trackpoint,Monday Morning Walk,1,38.558167,-78.299686,642.3,2026-04-20T12:46:16.000Z
trackpoint,Monday Morning Walk,1,38.558163,-78.299647,642.3,2026-04-20T12:46:21.000Z
trackpoint,Monday Morning Walk,1,38.558182,-78.299584,642.9,2026-04-20T12:46:26.000Z
trackpoint,Monday Morning Walk,1,38.55821,-78.299546,643.4,2026-04-20T12:46:31.000Z
trackpoint,Monday Morning Walk,1,38.55821,-78.299481,643.7,2026-04-20T12:46:37.000Z
trackpoint,Monday Morning Walk,1,38.558195,-78.299489,644,2026-04-20T12:46:42.000Z
trackpoint,Monday Morning Walk,1,38.55818,-78.299427,644.1,2026-04-20T12:46:47.000Z
trackpoint,Monday Morning Walk,1,38.558172,-78.299401,644.1,2026-04-20T12:46:52.000Z
trackpoint,Monday Morning Walk,1,38.558127,-78.299392,644.5,2026-04-20T12:46:57.000Z
trackpoint,Monday Morning Walk,1,38.558152,-78.299341,644.5,2026-04-20T12:47:02.000Z
trackpoint,Monday Morning Walk,1,38.558147,-78.299304,644,2026-04-20T12:47:07.000Z
trackpoint,Monday Morning Walk,1,38.558142,-78.299292,643.9,2026-04-20T12:47:12.000Z
trackpoint,Monday Morning Walk,1,38.558145,-78.299294,644,2026-04-20T12:47:17.000Z
trackpoint,Monday Morning Walk,1,38.558125,-78.299304,645.1,2026-04-20T12:47:22.000Z
trackpoint,Monday Morning Walk,1,38.558118,-78.299317,646.1,2026-04-20T12:47:27.000Z
trackpoint,Monday Morning Walk,1,38.55812,-78.299324,647.3,2026-04-20T12:47:33.000Z
trackpoint,Monday Morning Walk,1,38.55811,-78.299336,648.9,2026-04-20T12:47:38.000Z
trackpoint,Monday Morning Walk,1,38.558093,-78.299356,649.9,2026-04-20T12:47:43.000Z
trackpoint,Monday Morning Walk,1,38.55807,-78.299377,651,2026-04-20T12:47:48.000Z
trackpoint,Monday Morning Walk,1,38.558072,-78.299401,652.8,2026-04-20T12:47:53.000Z
trackpoint,Monday Morning Walk,1,38.558078,-78.299412,653.3,2026-04-20T12:47:58.000Z
trackpoint,Monday Morning Walk,1,38.558063,-78.299456,655.4,2026-04-20T12:48:03.000Z
trackpoint,Monday Morning Walk,1,38.558047,-78.299491,657.1,2026-04-20T12:48:08.000Z
trackpoint,Monday Morning Walk,1,38.558023,-78.299542,658.7,2026-04-20T12:48:13.000Z
trackpoint,Monday Morning Walk,1,38.558012,-78.299561,661.3,2026-04-20T12:48:18.000Z
trackpoint,Monday Morning Walk,1,38.557995,-78.299611,662.8,2026-04-20T12:48:23.000Z
trackpoint,Monday Morning Walk,1,38.557958,-78.299634,662.7,2026-04-20T12:48:29.000Z
trackpoint,Monday Morning Walk,1,38.557962,-78.299642,662.5,2026-04-20T12:48:34.000Z
trackpoint,Monday Morning Walk,1,38.557965,-78.299627,663.4,2026-04-20T12:48:39.000Z
trackpoint,Monday Morning Walk,1,38.557953,-78.299646,666.1,2026-04-20T12:48:44.000Z
trackpoint,Monday Morning Walk,1,38.557915,-78.299711,669.3,2026-04-20T12:48:49.000Z
trackpoint,Monday Morning Walk,1,38.557902,-78.299752,671.1,2026-04-20T12:48:54.000Z
trackpoint,Monday Morning Walk,1,38.557897,-78.299782,673,2026-04-20T12:48:59.000Z
trackpoint,Monday Morning Walk,1,38.557855,-78.299804,674.8,2026-04-20T12:49:04.000Z
trackpoint,Monday Morning Walk,1,38.557838,-78.299816,676.9,2026-04-20T12:49:09.000Z
trackpoint,Monday Morning Walk,1,38.557842,-78.299877,678.8,2026-04-20T12:49:14.000Z
trackpoint,Monday Morning Walk,1,38.557867,-78.299916,681.5,2026-04-20T12:49:19.000Z
trackpoint,Monday Morning Walk,1,38.557858,-78.299951,683.2,2026-04-20T12:49:24.000Z
trackpoint,Monday Morning Walk,1,38.557853,-78.300002,685.1,2026-04-20T12:49:29.000Z
trackpoint,Monday Morning Walk,1,38.5579,-78.300064,686.7,2026-04-20T12:49:34.000Z
trackpoint,Monday Morning Walk,1,38.55789,-78.300097,688.9,2026-04-20T12:49:40.000Z
trackpoint,Monday Morning Walk,1,38.557855,-78.300126,689.8,2026-04-20T12:49:45.000Z
trackpoint,Monday Morning Walk,1,38.55784,-78.300159,691.1,2026-04-20T12:49:50.000Z
trackpoint,Monday Morning Walk,1,38.557802,-78.300136,691.9,2026-04-20T12:49:55.000Z
trackpoint,Monday Morning Walk,1,38.557777,-78.300121,692.3,2026-04-20T12:50:00.000Z
trackpoint,Monday Morning Walk,1,38.557743,-78.300107,692.5,2026-04-20T12:50:05.000Z
trackpoint,Monday Morning Walk,1,38.557718,-78.300047,693,2026-04-20T12:50:10.000Z
trackpoint,Monday Morning Walk,1,38.557705,-78.300001,691.9,2026-04-20T12:50:15.000Z
trackpoint,Monday Morning Walk,1,38.557683,-78.299984,690.9,2026-04-20T12:50:20.000Z
trackpoint,Monday Morning Walk,1,38.55767,-78.300002,690.2,2026-04-20T12:50:25.000Z
trackpoint,Monday Morning Walk,1,38.557613,-78.300002,689.3,2026-04-20T12:50:30.000Z
trackpoint,Monday Morning Walk,1,38.55758,-78.299939,689.3,2026-04-20T12:50:36.000Z
trackpoint,Monday Morning Walk,1,38.557598,-78.299896,689.3,2026-04-20T12:50:41.000Z
trackpoint,Monday Morning Walk,1,38.557632,-78.299797,689.7,2026-04-20T12:50:46.000Z
trackpoint,Monday Morning Walk,1,38.55767,-78.299737,688.9,2026-04-20T12:50:51.000Z
trackpoint,Monday Morning Walk,1,38.557685,-78.299666,689.1,2026-04-20T12:50:56.000Z
trackpoint,Monday Morning Walk,1,38.557672,-78.299622,688.9,2026-04-20T12:51:01.000Z
trackpoint,Monday Morning Walk,1,38.557642,-78.299607,688.9,2026-04-20T12:51:06.000Z
trackpoint,Monday Morning Walk,1,38.557635,-78.299569,688.7,2026-04-20T12:51:11.000Z
trackpoint,Monday Morning Walk,1,38.55763,-78.299542,688.9,2026-04-20T12:51:16.000Z
trackpoint,Monday Morning Walk,1,38.557633,-78.299477,688.3,2026-04-20T12:51:21.000Z
trackpoint,Monday Morning Walk,1,38.557627,-78.299389,687.7,2026-04-20T12:51:26.000Z
trackpoint,Monday Morning Walk,1,38.557578,-78.299294,691.2,2026-04-20T12:51:31.000Z
trackpoint,Monday Morning Walk,1,38.557538,-78.299236,692.5,2026-04-20T12:51:37.000Z
trackpoint,Monday Morning Walk,1,38.557528,-78.299161,693.2,2026-04-20T12:51:43.000Z
trackpoint,Monday Morning Walk,1,38.557502,-78.299174,693.2,2026-04-20T12:51:48.000Z
trackpoint,Monday Morning Walk,1,38.557485,-78.299169,692.9,2026-04-20T12:51:53.000Z
trackpoint,Monday Morning Walk,1,38.557488,-78.299139,692.3,2026-04-20T12:51:58.000Z
trackpoint,Monday Morning Walk,1,38.557472,-78.299122,691.6,2026-04-20T12:52:03.000Z
trackpoint,Monday Morning Walk,1,38.55746,-78.299091,691.3,2026-04-20T12:52:08.000Z
trackpoint,Monday Morning Walk,1,38.557437,-78.299037,691.5,2026-04-20T12:52:13.000Z
trackpoint,Monday Morning Walk,1,38.55741,-78.299002,691.3,2026-04-20T12:52:18.000Z
trackpoint,Monday Morning Walk,1,38.557408,-78.298956,692.4,2026-04-20T12:52:23.000Z
trackpoint,Monday Morning Walk,1,38.557378,-78.298951,692.9,2026-04-20T12:52:28.000Z
trackpoint,Monday Morning Walk,1,38.557357,-78.298979,691.7,2026-04-20T12:52:33.000Z
trackpoint,Monday Morning Walk,1,38.557343,-78.299044,691.3,2026-04-20T12:52:38.000Z
trackpoint,Monday Morning Walk,1,38.557293,-78.299116,692.2,2026-04-20T12:52:44.000Z
trackpoint,Monday Morning Walk,1,38.557245,-78.299144,692.4,2026-04-20T12:52:49.000Z
trackpoint,Monday Morning Walk,1,38.55724,-78.299159,692.2,2026-04-20T12:52:54.000Z
trackpoint,Monday Morning Walk,1,38.55723,-78.299206,692.6,2026-04-20T12:52:59.000Z
trackpoint,Monday Morning Walk,1,38.557227,-78.299271,693.2,2026-04-20T12:53:04.000Z
trackpoint,Monday Morning Walk,1,38.557215,-78.299292,693.6,2026-04-20T12:53:09.000Z
trackpoint,Monday Morning Walk,1,38.557198,-78.299331,694.4,2026-04-20T12:53:14.000Z
trackpoint,Monday Morning Walk,1,38.557177,-78.299354,695.2,2026-04-20T12:53:19.000Z
trackpoint,Monday Morning Walk,1,38.557198,-78.299394,695.5,2026-04-20T12:53:24.000Z
trackpoint,Monday Morning Walk,1,38.55718,-78.299429,695.9,2026-04-20T12:53:29.000Z
trackpoint,Monday Morning Walk,1,38.557177,-78.299467,697.4,2026-04-20T12:53:34.000Z
trackpoint,Monday Morning Walk,1,38.557198,-78.299502,699.4,2026-04-20T12:53:40.000Z
trackpoint,Monday Morning Walk,1,38.557173,-78.299611,702.5,2026-04-20T12:53:46.000Z
trackpoint,Monday Morning Walk,1,38.557113,-78.299694,704.1,2026-04-20T12:53:51.000Z
trackpoint,Monday Morning Walk,1,38.557067,-78.299757,703.7,2026-04-20T12:53:56.000Z
trackpoint,Monday Morning Walk,1,38.557032,-78.299762,704.1,2026-04-20T12:54:01.000Z
trackpoint,Monday Morning Walk,1,38.55699,-78.299789,704.9,2026-04-20T12:54:06.000Z
trackpoint,Monday Morning Walk,1,38.556977,-78.299781,705.1,2026-04-20T12:54:11.000Z
trackpoint,Monday Morning Walk,1,38.556975,-78.299811,705,2026-04-20T12:54:16.000Z
trackpoint,Monday Morning Walk,1,38.556965,-78.299829,704.9,2026-04-20T12:54:21.000Z
trackpoint,Monday Morning Walk,1,38.556942,-78.299874,705.7,2026-04-20T12:54:26.000Z
trackpoint,Monday Morning Walk,1,38.5569,-78.299901,706.6,2026-04-20T12:54:31.000Z
trackpoint,Monday Morning Walk,1,38.55684,-78.299929,707.6,2026-04-20T12:54:36.000Z
trackpoint,Monday Morning Walk,1,38.556805,-78.299959,708.2,2026-04-20T12:54:42.000Z
trackpoint,Monday Morning Walk,1,38.55678,-78.300007,708,2026-04-20T12:54:47.000Z
trackpoint,Monday Morning Walk,1,38.556762,-78.300022,708.1,2026-04-20T12:54:52.000Z
trackpoint,Monday Morning Walk,1,38.556762,-78.300031,708,2026-04-20T12:54:57.000Z
trackpoint,Monday Morning Walk,1,38.556705,-78.300044,707.6,2026-04-20T12:55:02.000Z
trackpoint,Monday Morning Walk,1,38.556668,-78.300036,708,2026-04-20T12:55:07.000Z
trackpoint,Monday Morning Walk,1,38.556587,-78.300039,708.1,2026-04-20T12:55:12.000Z
trackpoint,Monday Morning Walk,1,38.556542,-78.300021,707.8,2026-04-20T12:55:17.000Z
trackpoint,Monday Morning Walk,1,38.556502,-78.300022,707.3,2026-04-20T12:55:22.000Z
trackpoint,Monday Morning Walk,1,38.556478,-78.299999,706.9,2026-04-20T12:55:27.000Z
trackpoint,Monday Morning Walk,1,38.556437,-78.299982,706.8,2026-04-20T12:55:32.000Z
trackpoint,Monday Morning Walk,1,38.5564,-78.299971,706.8,2026-04-20T12:55:37.000Z
trackpoint,Monday Morning Walk,1,38.556357,-78.299979,708.1,2026-04-20T12:55:43.000Z
trackpoint,Monday Morning Walk,1,38.556302,-78.299994,708.9,2026-04-20T12:55:48.000Z
trackpoint,Monday Morning Walk,1,38.556235,-78.299984,710.8,2026-04-20T12:55:53.000Z
trackpoint,Monday Morning Walk,1,38.556192,-78.299956,711.7,2026-04-20T12:55:58.000Z
trackpoint,Monday Morning Walk,1,38.556148,-78.299929,711.7,2026-04-20T12:56:03.000Z
trackpoint,Monday Morning Walk,1,38.556117,-78.299907,711.4,2026-04-20T12:56:08.000Z
trackpoint,Monday Morning Walk,1,38.556065,-78.299902,710.9,2026-04-20T12:56:13.000Z
trackpoint,Monday Morning Walk,1,38.556047,-78.299894,710.8,2026-04-20T12:56:18.000Z
trackpoint,Monday Morning Walk,1,38.556017,-78.299899,711.4,2026-04-20T12:56:23.000Z
trackpoint,Monday Morning Walk,1,38.555972,-78.299879,712.4,2026-04-20T12:56:28.000Z
trackpoint,Monday Morning Walk,1,38.55595,-78.299931,712.5,2026-04-20T12:56:33.000Z
trackpoint,Monday Morning Walk,1,38.555912,-78.299974,712.3,2026-04-20T12:56:39.000Z
trackpoint,Monday Morning Walk,1,38.555917,-78.300026,712.1,2026-04-20T12:56:44.000Z
trackpoint,Monday Morning Walk,1,38.555927,-78.300076,710.9,2026-04-20T12:56:49.000Z
trackpoint,Monday Morning Walk,1,38.555945,-78.300126,710.1,2026-04-20T12:56:54.000Z
trackpoint,Monday Morning Walk,1,38.555952,-78.300192,710.4,2026-04-20T12:56:59.000Z
trackpoint,Monday Morning Walk,1,38.555957,-78.300241,710.5,2026-04-20T12:57:04.000Z
trackpoint,Monday Morning Walk,1,38.555978,-78.300267,710.7,2026-04-20T12:57:09.000Z
trackpoint,Monday Morning Walk,1,38.555992,-78.300291,710.9,2026-04-20T12:57:14.000Z
trackpoint,Monday Morning Walk,1,38.556018,-78.300329,709.9,2026-04-20T12:57:19.000Z
trackpoint,Monday Morning Walk,1,38.556037,-78.300362,710.4,2026-04-20T12:57:24.000Z
trackpoint,Monday Morning Walk,1,38.556077,-78.300392,710.2,2026-04-20T12:57:29.000Z
trackpoint,Monday Morning Walk,1,38.556108,-78.300437,711.7,2026-04-20T12:57:34.000Z
trackpoint,Monday Morning Walk,1,38.556125,-78.300481,713.8,2026-04-20T12:57:39.000Z
trackpoint,Monday Morning Walk,1,38.556143,-78.300561,715.2,2026-04-20T12:57:44.000Z
trackpoint,Monday Morning Walk,1,38.556182,-78.300601,716.4,2026-04-20T12:57:50.000Z
trackpoint,Monday Morning Walk,1,38.556205,-78.300634,717.4,2026-04-20T12:57:55.000Z
trackpoint,Monday Morning Walk,1,38.556223,-78.300707,718.7,2026-04-20T12:58:00.000Z
trackpoint,Monday Morning Walk,1,38.556247,-78.300766,719.8,2026-04-20T12:58:05.000Z
trackpoint,Monday Morning Walk,1,38.556243,-78.300811,720.5,2026-04-20T12:58:10.000Z
trackpoint,Monday Morning Walk,1,38.556262,-78.300872,721,2026-04-20T12:58:15.000Z
trackpoint,Monday Morning Walk,1,38.556258,-78.300899,721.4,2026-04-20T12:58:20.000Z
trackpoint,Monday Morning Walk,1,38.556242,-78.300946,721.9,2026-04-20T12:58:25.000Z
trackpoint,Monday Morning Walk,1,38.55624,-78.300991,722.6,2026-04-20T12:58:30.000Z
trackpoint,Monday Morning Walk,1,38.556247,-78.301037,723.9,2026-04-20T12:58:35.000Z
trackpoint,Monday Morning Walk,1,38.556218,-78.301092,724.5,2026-04-20T12:58:41.000Z
trackpoint,Monday Morning Walk,1,38.556195,-78.301147,724.2,2026-04-20T12:58:46.000Z
trackpoint,Monday Morning Walk,1,38.556187,-78.301186,726,2026-04-20T12:58:51.000Z
trackpoint,Monday Morning Walk,1,38.556188,-78.301222,726.9,2026-04-20T12:58:56.000Z
trackpoint,Monday Morning Walk,1,38.556163,-78.301287,727.6,2026-04-20T12:59:01.000Z
trackpoint,Monday Morning Walk,1,38.556165,-78.301344,728.3,2026-04-20T12:59:06.000Z
trackpoint,Monday Morning Walk,1,38.556183,-78.301372,729.3,2026-04-20T12:59:11.000Z
trackpoint,Monday Morning Walk,1,38.556222,-78.301422,731.8,2026-04-20T12:59:16.000Z
trackpoint,Monday Morning Walk,1,38.556225,-78.301484,734.4,2026-04-20T12:59:21.000Z
trackpoint,Monday Morning Walk,1,38.556212,-78.301522,736.7,2026-04-20T12:59:26.000Z
trackpoint,Monday Morning Walk,1,38.556198,-78.301572,738.5,2026-04-20T12:59:31.000Z
trackpoint,Monday Morning Walk,1,38.556188,-78.301576,740.4,2026-04-20T12:59:36.000Z
trackpoint,Monday Morning Walk,1,38.556172,-78.301587,742,2026-04-20T12:59:41.000Z
trackpoint,Monday Morning Walk,1,38.556148,-78.301627,742.2,2026-04-20T12:59:47.000Z
trackpoint,Monday Morning Walk,1,38.556128,-78.301684,742.9,2026-04-20T12:59:52.000Z
trackpoint,Monday Morning Walk,1,38.556067,-78.301681,743.3,2026-04-20T12:59:57.000Z
trackpoint,Monday Morning Walk,1,38.556058,-78.301724,744.2,2026-04-20T13:00:02.000Z
trackpoint,Monday Morning Walk,1,38.556048,-78.301729,744.9,2026-04-20T13:00:07.000Z
trackpoint,Monday Morning Walk,1,38.556042,-78.301722,745.5,2026-04-20T13:00:12.000Z
trackpoint,Monday Morning Walk,1,38.55602,-78.301702,746.2,2026-04-20T13:00:17.000Z
trackpoint,Monday Morning Walk,1,38.55598,-78.301662,746.7,2026-04-20T13:00:22.000Z
trackpoint,Monday Morning Walk,1,38.55596,-78.301654,747,2026-04-20T13:00:27.000Z
trackpoint,Monday Morning Walk,1,38.555935,-78.301661,747.4,2026-04-20T13:00:32.000Z
trackpoint,Monday Morning Walk,1,38.555925,-78.301662,748,2026-04-20T13:00:37.000Z
trackpoint,Monday Morning Walk,1,38.55591,-78.301681,748.4,2026-04-20T13:00:42.000Z
trackpoint,Monday Morning Walk,1,38.555862,-78.301646,749.1,2026-04-20T13:00:48.000Z
trackpoint,Monday Morning Walk,1,38.55584,-78.301661,749.8,2026-04-20T13:00:53.000Z
trackpoint,Monday Morning Walk,1,38.555853,-78.301647,751.2,2026-04-20T13:00:58.000Z
trackpoint,Monday Morning Walk,1,38.555852,-78.301609,752.8,2026-04-20T13:01:03.000Z
trackpoint,Monday Morning Walk,1,38.555858,-78.301634,753.1,2026-04-20T13:01:08.000Z
trackpoint,Monday Morning Walk,1,38.555855,-78.301647,753.6,2026-04-20T13:01:13.000Z
trackpoint,Monday Morning Walk,1,38.555833,-78.301694,753.8,2026-04-20T13:01:18.000Z
trackpoint,Monday Morning Walk,1,38.55583,-78.301784,752.8,2026-04-20T13:01:23.000Z
trackpoint,Monday Morning Walk,1,38.555838,-78.301817,751.7,2026-04-20T13:01:28.000Z
trackpoint,Monday Morning Walk,1,38.555852,-78.301836,751.6,2026-04-20T13:01:33.000Z
trackpoint,Monday Morning Walk,1,38.555868,-78.301867,751.8,2026-04-20T13:01:38.000Z
trackpoint,Monday Morning Walk,1,38.555895,-78.301906,752.2,2026-04-20T13:01:43.000Z
trackpoint,Monday Morning Walk,1,38.555912,-78.301949,752.5,2026-04-20T13:01:48.000Z
trackpoint,Monday Morning Walk,1,38.555927,-78.301982,753.3,2026-04-20T13:01:54.000Z
trackpoint,Monday Morning Walk,1,38.555927,-78.302026,754.3,2026-04-20T13:01:59.000Z
trackpoint,Monday Morning Walk,1,38.555923,-78.302047,755.3,2026-04-20T13:02:04.000Z
trackpoint,Monday Morning Walk,1,38.555875,-78.302094,756,2026-04-20T13:02:09.000Z
trackpoint,Monday Morning Walk,1,38.555855,-78.302152,755.7,2026-04-20T13:02:14.000Z
trackpoint,Monday Morning Walk,1,38.555852,-78.302179,756.8,2026-04-20T13:02:19.000Z
trackpoint,Monday Morning Walk,1,38.555845,-78.302167,757.9,2026-04-20T13:02:24.000Z
trackpoint,Monday Morning Walk,1,38.55583,-78.302154,758.6,2026-04-20T13:02:29.000Z
trackpoint,Monday Morning Walk,1,38.55579,-78.302106,758,2026-04-20T13:02:34.000Z
trackpoint,Monday Morning Walk,1,38.555758,-78.302082,758,2026-04-20T13:02:39.000Z
trackpoint,Monday Morning Walk,1,38.555732,-78.302047,758,2026-04-20T13:02:44.000Z
trackpoint,Monday Morning Walk,1,38.555653,-78.302002,757,2026-04-20T13:02:50.000Z
trackpoint,Monday Morning Walk,1,38.555633,-78.301991,756.2,2026-04-20T13:02:55.000Z
trackpoint,Monday Morning Walk,1,38.555622,-78.301971,755.8,2026-04-20T13:03:00.000Z
trackpoint,Monday Morning Walk,1,38.55561,-78.301967,755.8,2026-04-20T13:03:05.000Z
trackpoint,Monday Morning Walk,1,38.55561,-78.301989,756,2026-04-20T13:03:10.000Z
trackpoint,Monday Morning Walk,1,38.55561,-78.301976,758.1,2026-04-20T13:03:15.000Z
trackpoint,Monday Morning Walk,1,38.555603,-78.301982,759.3,2026-04-20T13:03:20.000Z
trackpoint,Monday Morning Walk,1,38.555605,-78.301984,759.2,2026-04-20T13:03:25.000Z
trackpoint,Monday Morning Walk,1,38.555608,-78.302012,759.8,2026-04-20T13:03:30.000Z
trackpoint,Monday Morning Walk,1,38.555605,-78.302051,760.8,2026-04-20T13:03:35.000Z
trackpoint,Monday Morning Walk,1,38.555612,-78.302101,761.9,2026-04-20T13:03:40.000Z
trackpoint,Monday Morning Walk,1,38.555605,-78.302121,762.5,2026-04-20T13:03:45.000Z
trackpoint,Monday Morning Walk,1,38.555577,-78.302121,763.2,2026-04-20T13:03:50.000Z
trackpoint,Monday Morning Walk,1,38.555558,-78.302132,764,2026-04-20T13:03:56.000Z
trackpoint,Monday Morning Walk,1,38.55554,-78.302149,764,2026-04-20T13:04:01.000Z
trackpoint,Monday Morning Walk,1,38.555548,-78.302186,764.3,2026-04-20T13:04:06.000Z
trackpoint,Monday Morning Walk,1,38.555522,-78.302186,764.2,2026-04-20T13:04:11.000Z
trackpoint,Monday Morning Walk,1,38.55551,-78.302174,764.3,2026-04-20T13:04:16.000Z
trackpoint,Monday Morning Walk,1,38.555493,-78.302176,764.4,2026-04-20T13:04:21.000Z
trackpoint,Monday Morning Walk,1,38.555513,-78.302206,766.8,2026-04-20T13:04:26.000Z
trackpoint,Monday Morning Walk,1,38.555513,-78.302229,768.4,2026-04-20T13:04:31.000Z
trackpoint,Monday Morning Walk,1,38.555508,-78.302241,768.3,2026-04-20T13:04:36.000Z
trackpoint,Monday Morning Walk,1,38.555483,-78.302257,768.5,2026-04-20T13:04:41.000Z
trackpoint,Monday Morning Walk,1,38.555487,-78.302251,769.5,2026-04-20T13:04:46.000Z
trackpoint,Monday Morning Walk,1,38.55547,-78.302257,769.6,2026-04-20T13:04:52.000Z
trackpoint,Monday Morning Walk,1,38.555453,-78.302272,770,2026-04-20T13:04:57.000Z
trackpoint,Monday Morning Walk,1,38.555445,-78.302326,769.9,2026-04-20T13:05:02.000Z
trackpoint,Monday Morning Walk,1,38.555457,-78.302336,769.8,2026-04-20T13:05:07.000Z
trackpoint,Monday Morning Walk,1,38.55545,-78.302337,769.2,2026-04-20T13:05:12.000Z
trackpoint,Monday Morning Walk,1,38.555452,-78.302302,769.4,2026-04-20T13:05:17.000Z
trackpoint,Monday Morning Walk,1,38.555427,-78.302299,769.2,2026-04-20T13:05:22.000Z
trackpoint,Monday Morning Walk,1,38.555408,-78.302322,769.8,2026-04-20T13:05:27.000Z
trackpoint,Monday Morning Walk,1,38.555407,-78.302367,770.1,2026-04-20T13:05:32.000Z
trackpoint,Monday Morning Walk,1,38.555405,-78.302416,770.6,2026-04-20T13:05:37.000Z
trackpoint,Monday Morning Walk,1,38.555408,-78.302452,770.6,2026-04-20T13:05:42.000Z
trackpoint,Monday Morning Walk,1,38.555418,-78.302454,770,2026-04-20T13:05:47.000Z
trackpoint,Monday Morning Walk,1,38.555407,-78.302466,770,2026-04-20T13:05:52.000Z
trackpoint,Monday Morning Walk,1,38.555383,-78.302484,770.3,2026-04-20T13:05:58.000Z
trackpoint,Monday Morning Walk,1,38.555362,-78.302532,771.4,2026-04-20T13:06:03.000Z
trackpoint,Monday Morning Walk,1,38.555332,-78.302571,771.6,2026-04-20T13:06:08.000Z
trackpoint,Monday Morning Walk,1,38.55534,-78.302594,771.9,2026-04-20T13:06:13.000Z
trackpoint,Monday Morning Walk,1,38.555335,-78.302621,771.2,2026-04-20T13:06:18.000Z
trackpoint,Monday Morning Walk,1,38.555325,-78.302622,770.9,2026-04-20T13:06:23.000Z
trackpoint,Monday Morning Walk,1,38.555303,-78.302602,769.6,2026-04-20T13:06:28.000Z
trackpoint,Monday Morning Walk,1,38.555303,-78.302594,768.7,2026-04-20T13:06:33.000Z
trackpoint,Monday Morning Walk,1,38.555305,-78.302597,768.4,2026-04-20T13:06:38.000Z
trackpoint,Monday Morning Walk,1,38.555295,-78.302594,768.5,2026-04-20T13:06:43.000Z
trackpoint,Monday Morning Walk,1,38.555283,-78.302572,768.1,2026-04-20T13:06:48.000Z
trackpoint,Monday Morning Walk,1,38.55529,-78.302582,768.5,2026-04-20T13:06:54.000Z
trackpoint,Monday Morning Walk,1,38.555287,-78.302597,768.6,2026-04-20T13:06:59.000Z
trackpoint,Monday Morning Walk,1,38.55528,-78.302591,769.5,2026-04-20T13:07:04.000Z
trackpoint,Monday Morning Walk,1,38.555293,-78.302591,770.2,2026-04-20T13:07:09.000Z
trackpoint,Monday Morning Walk,1,38.555293,-78.302582,770.1,2026-04-20T13:07:14.000Z
trackpoint,Monday Morning Walk,1,38.555322,-78.302562,770.6,2026-04-20T13:07:19.000Z
trackpoint,Monday Morning Walk,1,38.555333,-78.302572,771,2026-04-20T13:07:24.000Z
trackpoint,Monday Morning Walk,1,38.55532,-78.302566,772.7,2026-04-20T13:07:29.000Z
trackpoint,Monday Morning Walk,1,38.555295,-78.302582,773.7,2026-04-20T13:07:34.000Z
trackpoint,Monday Morning Walk,1,38.55527,-78.302631,774.4,2026-04-20T13:07:39.000Z
trackpoint,Monday Morning Walk,1,38.555243,-78.302632,773.8,2026-04-20T13:07:44.000Z
trackpoint,Monday Morning Walk,1,38.555237,-78.302651,773,2026-04-20T13:07:49.000Z
trackpoint,Monday Morning Walk,1,38.555218,-78.302677,772.6,2026-04-20T13:07:55.000Z
trackpoint,Monday Morning Walk,1,38.555188,-78.302702,772.8,2026-04-20T13:08:00.000Z
trackpoint,Monday Morning Walk,1,38.555163,-78.302737,773.9,2026-04-20T13:08:05.000Z
trackpoint,Monday Morning Walk,1,38.555115,-78.302766,774.6,2026-04-20T13:08:10.000Z
trackpoint,Monday Morning Walk,1,38.555097,-78.302789,775.1,2026-04-20T13:08:15.000Z
trackpoint,Monday Morning Walk,1,38.555082,-78.302817,775.4,2026-04-20T13:08:20.000Z
trackpoint,Monday Morning Walk,1,38.555058,-78.302854,776,2026-04-20T13:08:25.000Z
trackpoint,Monday Morning Walk,1,38.55501,-78.302879,776.6,2026-04-20T13:08:30.000Z
trackpoint,Monday Morning Walk,1,38.554988,-78.302914,777.8,2026-04-20T13:08:35.000Z
trackpoint,Monday Morning Walk,1,38.554945,-78.302941,779.6,2026-04-20T13:08:40.000Z
trackpoint,Monday Morning Walk,1,38.554883,-78.302912,780.5,2026-04-20T13:08:45.000Z
trackpoint,Monday Morning Walk,1,38.554877,-78.302929,780.1,2026-04-20T13:08:51.000Z
trackpoint,Monday Morning Walk,1,38.554895,-78.302967,779.7,2026-04-20T13:08:56.000Z
trackpoint,Monday Morning Walk,1,38.554892,-78.302966,779.8,2026-04-20T13:09:01.000Z
trackpoint,Monday Morning Walk,1,38.5549,-78.302957,779.8,2026-04-20T13:09:06.000Z
trackpoint,Monday Morning Walk,1,38.554898,-78.302962,780,2026-04-20T13:09:11.000Z
trackpoint,Monday Morning Walk,1,38.554857,-78.302986,782.5,2026-04-20T13:09:16.000Z
trackpoint,Monday Morning Walk,1,38.554858,-78.303009,783.8,2026-04-20T13:09:21.000Z
trackpoint,Monday Morning Walk,1,38.554845,-78.303052,784.2,2026-04-20T13:09:26.000Z
trackpoint,Monday Morning Walk,1,38.55479,-78.303062,784.7,2026-04-20T13:09:31.000Z
trackpoint,Monday Morning Walk,1,38.554758,-78.303091,784.9,2026-04-20T13:09:36.000Z
trackpoint,Monday Morning Walk,1,38.554737,-78.303092,786.1,2026-04-20T13:09:41.000Z
trackpoint,Monday Morning Walk,1,38.554715,-78.303092,788.6,2026-04-20T13:09:46.000Z
trackpoint,Monday Morning Walk,1,38.554685,-78.303079,790.7,2026-04-20T13:09:51.000Z
trackpoint,Monday Morning Walk,1,38.554705,-78.303114,792,2026-04-20T13:09:57.000Z
trackpoint,Monday Morning Walk,1,38.554725,-78.303132,792.3,2026-04-20T13:10:02.000Z
trackpoint,Monday Morning Walk,1,38.55472,-78.303147,792.7,2026-04-20T13:10:07.000Z
trackpoint,Monday Morning Walk,1,38.554685,-78.303156,792.8,2026-04-20T13:10:12.000Z
trackpoint,Monday Morning Walk,1,38.554668,-78.303182,792.5,2026-04-20T13:10:17.000Z
trackpoint,Monday Morning Walk,1,38.554638,-78.303201,792.3,2026-04-20T13:10:22.000Z
trackpoint,Monday Morning Walk,1,38.554638,-78.303249,791.3,2026-04-20T13:10:27.000Z
trackpoint,Monday Morning Walk,1,38.554635,-78.303281,790.5,2026-04-20T13:10:32.000Z
trackpoint,Monday Morning Walk,1,38.554607,-78.303304,790.3,2026-04-20T13:10:37.000Z
trackpoint,Monday Morning Walk,1,38.554583,-78.303357,789.5,2026-04-20T13:10:42.000Z
trackpoint,Monday Morning Walk,1,38.554565,-78.303344,789.2,2026-04-20T13:10:47.000Z
trackpoint,Monday Morning Walk,1,38.554525,-78.303352,788.5,2026-04-20T13:10:53.000Z
trackpoint,Monday Morning Walk,1,38.554492,-78.303341,788.9,2026-04-20T13:10:58.000Z
trackpoint,Monday Morning Walk,1,38.554492,-78.303356,788.8,2026-04-20T13:11:03.000Z
trackpoint,Monday Morning Walk,1,38.554495,-78.303359,788.8,2026-04-20T13:11:08.000Z
trackpoint,Monday Morning Walk,1,38.554493,-78.303394,789.8,2026-04-20T13:11:13.000Z
trackpoint,Monday Morning Walk,1,38.554483,-78.303394,791.5,2026-04-20T13:11:18.000Z
trackpoint,Monday Morning Walk,1,38.55446,-78.303376,793.9,2026-04-20T13:11:23.000Z
trackpoint,Monday Morning Walk,1,38.554457,-78.303407,795.7,2026-04-20T13:11:28.000Z
trackpoint,Monday Morning Walk,1,38.554467,-78.303431,795.5,2026-04-20T13:11:33.000Z
trackpoint,Monday Morning Walk,1,38.554457,-78.303442,796.7,2026-04-20T13:11:38.000Z
trackpoint,Monday Morning Walk,1,38.554452,-78.303439,798,2026-04-20T13:11:43.000Z
trackpoint,Monday Morning Walk,1,38.554433,-78.303462,799.1,2026-04-20T13:11:48.000Z
trackpoint,Monday Morning Walk,1,38.554425,-78.303461,799.9,2026-04-20T13:11:53.000Z
trackpoint,Monday Morning Walk,1,38.55442,-78.303462,800.8,2026-04-20T13:11:59.000Z
trackpoint,Monday Morning Walk,1,38.554383,-78.303477,802.2,2026-04-20T13:12:04.000Z
trackpoint,Monday Morning Walk,1,38.55436,-78.303472,802.5,2026-04-20T13:12:09.000Z
trackpoint,Monday Morning Walk,1,38.554345,-78.303474,803,2026-04-20T13:12:14.000Z
trackpoint,Monday Morning Walk,1,38.55431,-78.303494,802.7,2026-04-20T13:12:19.000Z
trackpoint,Monday Morning Walk,1,38.55431,-78.303507,802.1,2026-04-20T13:12:24.000Z
trackpoint,Monday Morning Walk,1,38.554308,-78.303484,802.1,2026-04-20T13:12:29.000Z
trackpoint,Monday Morning Walk,1,38.554317,-78.303459,801.8,2026-04-20T13:12:34.000Z
trackpoint,Monday Morning Walk,1,38.554317,-78.303456,802,2026-04-20T13:12:39.000Z
trackpoint,Monday Morning Walk,1,38.554327,-78.303442,802.1,2026-04-20T13:12:44.000Z
trackpoint,Monday Morning Walk,1,38.554322,-78.303406,802.2,2026-04-20T13:12:50.000Z
trackpoint,Monday Morning Walk,1,38.554338,-78.303429,802.3,2026-04-20T13:12:55.000Z
trackpoint,Monday Morning Walk,1,38.554357,-78.303474,802.1,2026-04-20T13:13:00.000Z
trackpoint,Monday Morning Walk,1,38.554347,-78.303517,801.3,2026-04-20T13:13:05.000Z
trackpoint,Monday Morning Walk,1,38.554302,-78.303444,800.8,2026-04-20T13:13:10.000Z
trackpoint,Monday Morning Walk,1,38.554298,-78.303414,800.9,2026-04-20T13:13:15.000Z
trackpoint,Monday Morning Walk,1,38.554302,-78.303444,802.2,2026-04-20T13:13:20.000Z
trackpoint,Monday Morning Walk,1,38.554285,-78.303446,803.3,2026-04-20T13:13:25.000Z
trackpoint,Monday Morning Walk,1,38.554283,-78.303449,803.2,2026-04-20T13:13:30.000Z
trackpoint,Monday Morning Walk,1,38.554283,-78.303439,802,2026-04-20T13:13:35.000Z
trackpoint,Monday Morning Walk,1,38.554302,-78.303477,801.3,2026-04-20T13:13:40.000Z
trackpoint,Monday Morning Walk,1,38.554295,-78.303499,799.9,2026-04-20T13:13:45.000Z
trackpoint,Monday Morning Walk,1,38.554277,-78.303512,798.8,2026-04-20T13:13:50.000Z
trackpoint,Monday Morning Walk,1,38.55426,-78.303546,797.8,2026-04-20T13:13:55.000Z
trackpoint,Monday Morning Walk,1,38.554245,-78.303577,798.7,2026-04-20T13:14:01.000Z
trackpoint,Monday Morning Walk,1,38.554223,-78.303582,799.3,2026-04-20T13:14:06.000Z
trackpoint,Monday Morning Walk,1,38.554215,-78.303604,800.2,2026-04-20T13:14:11.000Z
trackpoint,Monday Morning Walk,1,38.554208,-78.303604,801.3,2026-04-20T13:14:16.000Z
trackpoint,Monday Morning Walk,1,38.554195,-78.303627,802.6,2026-04-20T13:14:21.000Z
trackpoint,Monday Morning Walk,1,38.554188,-78.303622,803.2,2026-04-20T13:14:26.000Z
trackpoint,Monday Morning Walk,1,38.554197,-78.303652,804.4,2026-04-20T13:14:31.000Z
trackpoint,Monday Morning Walk,1,38.554197,-78.303696,805,2026-04-20T13:14:36.000Z
trackpoint,Monday Morning Walk,1,38.554178,-78.303749,805.2,2026-04-20T13:14:41.000Z
trackpoint,Monday Morning Walk,1,38.554188,-78.303802,806.8,2026-04-20T13:14:46.000Z
trackpoint,Monday Morning Walk,1,38.554187,-78.303806,806.7,2026-04-20T13:14:51.000Z
trackpoint,Monday Morning Walk,1,38.554193,-78.303806,806.6,2026-04-20T13:14:57.000Z
trackpoint,Monday Morning Walk,1,38.554193,-78.303801,806.6,2026-04-20T13:15:02.000Z
trackpoint,Monday Morning Walk,1,38.554182,-78.303802,806.5,2026-04-20T13:15:07.000Z
trackpoint,Monday Morning Walk,1,38.554172,-78.303807,806.5,2026-04-20T13:15:12.000Z
trackpoint,Monday Morning Walk,1,38.554163,-78.303809,806.4,2026-04-20T13:15:17.000Z
trackpoint,Monday Morning Walk,1,38.554182,-78.303807,806.1,2026-04-20T13:15:22.000Z
trackpoint,Monday Morning Walk,1,38.554188,-78.303804,805.8,2026-04-20T13:15:27.000Z
trackpoint,Monday Morning Walk,1,38.554185,-78.303811,805.9,2026-04-20T13:15:32.000Z
trackpoint,Monday Morning Walk,1,38.554177,-78.303817,806,2026-04-20T13:15:37.000Z
trackpoint,Monday Morning Walk,1,38.554163,-78.303804,805.8,2026-04-20T13:15:42.000Z
trackpoint,Monday Morning Walk,1,38.554127,-78.303777,805.4,2026-04-20T13:15:47.000Z
trackpoint,Monday Morning Walk,1,38.55411,-78.303812,805.2,2026-04-20T13:15:52.000Z
trackpoint,Monday Morning Walk,1,38.554165,-78.303839,805.4,2026-04-20T13:15:58.000Z
trackpoint,Monday Morning Walk,1,38.554153,-78.303832,805.7,2026-04-20T13:16:03.000Z
trackpoint,Monday Morning Walk,1,38.554148,-78.303841,805.9,2026-04-20T13:16:08.000Z
trackpoint,Monday Morning Walk,1,38.554142,-78.303836,805.8,2026-04-20T13:16:13.000Z
trackpoint,Monday Morning Walk,1,38.554122,-78.303824,805.7,2026-04-20T13:16:18.000Z
trackpoint,Monday Morning Walk,1,38.554138,-78.303802,804.8,2026-04-20T13:16:23.000Z
trackpoint,Monday Morning Walk,1,38.554143,-78.303832,803.8,2026-04-20T13:16:28.000Z
trackpoint,Monday Morning Walk,1,38.554145,-78.303846,803.4,2026-04-20T13:16:33.000Z
trackpoint,Monday Morning Walk,1,38.554135,-78.303772,801.9,2026-04-20T13:16:38.000Z
trackpoint,Monday Morning Walk,1,38.554122,-78.303732,801.8,2026-04-20T13:16:43.000Z
trackpoint,Monday Morning Walk,1,38.554117,-78.303772,801.9,2026-04-20T13:16:49.000Z
trackpoint,Monday Morning Walk,1,38.554167,-78.303806,802.1,2026-04-20T13:16:54.000Z
trackpoint,Monday Morning Walk,1,38.554125,-78.303889,802.4,2026-04-20T13:16:59.000Z
trackpoint,Monday Morning Walk,1,38.554135,-78.303839,802.8,2026-04-20T13:17:04.000Z
trackpoint,Monday Morning Walk,1,38.554127,-78.303839,802.8,2026-04-20T13:17:09.000Z
trackpoint,Monday Morning Walk,1,38.554078,-78.303831,801.3,2026-04-20T13:17:14.000Z
trackpoint,Monday Morning Walk,1,38.554072,-78.303836,801.3,2026-04-20T13:17:19.000Z
trackpoint,Monday Morning Walk,1,38.554033,-78.303882,803.1,2026-04-20T13:17:24.000Z
trackpoint,Monday Morning Walk,1,38.554025,-78.303896,803.7,2026-04-20T13:17:29.000Z
trackpoint,Monday Morning Walk,1,38.554025,-78.303896,803.8,2026-04-20T13:17:34.000Z
trackpoint,Monday Morning Walk,1,38.554025,-78.303882,803.8,2026-04-20T13:17:39.000Z
trackpoint,Monday Morning Walk,1,38.553985,-78.303902,805.4,2026-04-20T13:17:44.000Z
trackpoint,Monday Morning Walk,1,38.553987,-78.303902,805.9,2026-04-20T13:17:49.000Z
trackpoint,Monday Morning Walk,1,38.553982,-78.303936,806.3,2026-04-20T13:17:55.000Z
trackpoint,Monday Morning Walk,1,38.553992,-78.303939,806.6,2026-04-20T13:18:01.000Z
trackpoint,Monday Morning Walk,1,38.553997,-78.303946,807.1,2026-04-20T13:18:06.000Z
trackpoint,Monday Morning Walk,1,38.554005,-78.303939,807.3,2026-04-20T13:18:11.000Z
trackpoint,Monday Morning Walk,1,38.554008,-78.303929,807.2,2026-04-20T13:18:16.000Z
trackpoint,Monday Morning Walk,1,38.554007,-78.303919,807.4,2026-04-20T13:18:21.000Z
trackpoint,Monday Morning Walk,1,38.554002,-78.303926,807.3,2026-04-20T13:18:26.000Z
trackpoint,Monday Morning Walk,1,38.553983,-78.303947,807.2,2026-04-20T13:18:31.000Z
trackpoint,Monday Morning Walk,1,38.553978,-78.303966,807.1,2026-04-20T13:18:36.000Z
trackpoint,Monday Morning Walk,1,38.553962,-78.303954,807.1,2026-04-20T13:18:41.000Z
trackpoint,Monday Morning Walk,1,38.553953,-78.303969,807.3,2026-04-20T13:18:46.000Z
trackpoint,Monday Morning Walk,1,38.553943,-78.303976,807.6,2026-04-20T13:18:51.000Z
trackpoint,Monday Morning Walk,1,38.553928,-78.303977,808.4,2026-04-20T13:18:56.000Z
trackpoint,Monday Morning Walk,1,38.553913,-78.303984,808.7,2026-04-20T13:19:02.000Z
trackpoint,Monday Morning Walk,1,38.553888,-78.304009,809.1,2026-04-20T13:19:07.000Z
trackpoint,Monday Morning Walk,1,38.553858,-78.304019,809.3,2026-04-20T13:19:12.000Z
trackpoint,Monday Morning Walk,1,38.55382,-78.304016,809.3,2026-04-20T13:19:17.000Z
trackpoint,Monday Morning Walk,1,38.553783,-78.304052,809.5,2026-04-20T13:19:22.000Z
trackpoint,Monday Morning Walk,1,38.553755,-78.304079,809.9,2026-04-20T13:19:27.000Z
trackpoint,Monday Morning Walk,1,38.553728,-78.304081,810.4,2026-04-20T13:19:32.000Z
trackpoint,Monday Morning Walk,1,38.553718,-78.304046,811.2,2026-04-20T13:19:37.000Z
trackpoint,Monday Morning Walk,1,38.553722,-78.304041,811.6,2026-04-20T13:19:42.000Z
trackpoint,Monday Morning Walk,1,38.553743,-78.304064,812.2,2026-04-20T13:19:47.000Z
trackpoint,Monday Morning Walk,1,38.553732,-78.304129,812.5,2026-04-20T13:19:52.000Z
trackpoint,Monday Morning Walk,1,38.553735,-78.304132,812.9,2026-04-20T13:19:58.000Z
trackpoint,Monday Morning Walk,1,38.553737,-78.304121,812.8,2026-04-20T13:20:04.000Z
trackpoint,Monday Morning Walk,1,38.553725,-78.304121,812.9,2026-04-20T13:20:09.000Z
trackpoint,Monday Morning Walk,1,38.55371,-78.304109,813,2026-04-20T13:20:14.000Z
trackpoint,Monday Morning Walk,1,38.553702,-78.304114,813.3,2026-04-20T13:20:19.000Z
trackpoint,Monday Morning Walk,1,38.553712,-78.304121,813.3,2026-04-20T13:20:24.000Z
trackpoint,Monday Morning Walk,1,38.553708,-78.304124,813.3,2026-04-20T13:20:29.000Z
trackpoint,Monday Morning Walk,1,38.5537,-78.304122,813.4,2026-04-20T13:20:34.000Z
trackpoint,Monday Morning Walk,1,38.553693,-78.304124,813.4,2026-04-20T13:20:39.000Z
trackpoint,Monday Morning Walk,1,38.553687,-78.304134,813.4,2026-04-20T13:20:44.000Z
trackpoint,Monday Morning Walk,1,38.553688,-78.304124,813.3,2026-04-20T13:20:49.000Z
trackpoint,Monday Morning Walk,1,38.553693,-78.304122,813.4,2026-04-20T13:20:54.000Z
trackpoint,Monday Morning Walk,1,38.553698,-78.304124,813.6,2026-04-20T13:20:59.000Z
trackpoint,Monday Morning Walk,1,38.553718,-78.304121,813.8,2026-04-20T13:21:05.000Z
trackpoint,Monday Morning Walk,1,38.553728,-78.304116,813.8,2026-04-20T13:21:10.000Z
trackpoint,Monday Morning Walk,1,38.553728,-78.304124,813.7,2026-04-20T13:21:15.000Z
trackpoint,Monday Morning Walk,1,38.553715,-78.304139,813.9,2026-04-20T13:21:20.000Z
trackpoint,Monday Morning Walk,1,38.553703,-78.304149,814.2,2026-04-20T13:21:25.000Z
trackpoint,Monday Morning Walk,1,38.553697,-78.304161,814.2,2026-04-20T13:21:30.000Z
trackpoint,Monday Morning Walk,1,38.553695,-78.304166,814.5,2026-04-20T13:21:35.000Z
trackpoint,Monday Morning Walk,1,38.553695,-78.304159,814.7,2026-04-20T13:21:40.000Z
trackpoint,Monday Morning Walk,1,38.55369,-78.304156,814.9,2026-04-20T13:21:45.000Z
trackpoint,Monday Morning Walk,1,38.553698,-78.304157,814.7,2026-04-20T13:21:50.000Z
trackpoint,Monday Morning Walk,1,38.553705,-78.304159,814.6,2026-04-20T13:21:55.000Z
trackpoint,Monday Morning Walk,1,38.553703,-78.304152,814.7,2026-04-20T13:22:01.000Z
trackpoint,Monday Morning Walk,1,38.553723,-78.304154,814.8,2026-04-20T13:22:06.000Z
trackpoint,Monday Morning Walk,1,38.55376,-78.304151,815.3,2026-04-20T13:22:11.000Z
trackpoint,Monday Morning Walk,1,38.553782,-78.304144,815.8,2026-04-20T13:22:16.000Z
trackpoint,Monday Morning Walk,1,38.55378,-78.304154,816,2026-04-20T13:22:21.000Z
trackpoint,Monday Morning Walk,1,38.553793,-78.304172,816.2,2026-04-20T13:22:26.000Z
trackpoint,Monday Morning Walk,1,38.553803,-78.304211,816.3,2026-04-20T13:22:31.000Z
trackpoint,Monday Morning Walk,1,38.553805,-78.304272,816.5,2026-04-20T13:22:36.000Z
trackpoint,Monday Morning Walk,1,38.55378,-78.304306,817.6,2026-04-20T13:22:41.000Z
trackpoint,Monday Morning Walk,1,38.553752,-78.304314,818.7,2026-04-20T13:22:46.000Z
trackpoint,Monday Morning Walk,1,38.553737,-78.304322,818.8,2026-04-20T13:22:51.000Z
trackpoint,Monday Morning Walk,1,38.553713,-78.304326,818.8,2026-04-20T13:22:56.000Z
trackpoint,Monday Morning Walk,1,38.553708,-78.304326,818.7,2026-04-20T13:23:01.000Z
trackpoint,Monday Morning Walk,1,38.553702,-78.304326,818.8,2026-04-20T13:23:07.000Z
trackpoint,Monday Morning Walk,1,38.553702,-78.304326,819,2026-04-20T13:23:12.000Z
trackpoint,Monday Morning Walk,1,38.553702,-78.304326,818.9,2026-04-20T13:23:17.000Z
trackpoint,Monday Morning Walk,1,38.5537,-78.304327,818.9,2026-04-20T13:23:22.000Z
trackpoint,Monday Morning Walk,1,38.553707,-78.304316,819,2026-04-20T13:23:27.000Z
trackpoint,Monday Morning Walk,1,38.553715,-78.304316,819,2026-04-20T13:23:32.000Z
trackpoint,Monday Morning Walk,1,38.553718,-78.304309,819.1,2026-04-20T13:23:37.000Z
trackpoint,Monday Morning Walk,1,38.553712,-78.304304,819.1,2026-04-20T13:23:42.000Z
trackpoint,Monday Morning Walk,1,38.553687,-78.304332,819.2,2026-04-20T13:23:47.000Z
trackpoint,Monday Morning Walk,1,38.553683,-78.304354,819.2,2026-04-20T13:23:52.000Z
trackpoint,Monday Morning Walk,1,38.553683,-78.304366,819.7,2026-04-20T13:23:57.000Z
trackpoint,Monday Morning Walk,1,38.553692,-78.304382,820,2026-04-20T13:24:03.000Z
trackpoint,Monday Morning Walk,1,38.553705,-78.304404,820.1,2026-04-20T13:24:08.000Z
trackpoint,Monday Morning Walk,1,38.553705,-78.304419,820.1,2026-04-20T13:24:13.000Z
trackpoint,Monday Morning Walk,1,38.553702,-78.304436,820.2,2026-04-20T13:24:18.000Z
trackpoint,Monday Morning Walk,1,38.553695,-78.304466,820.7,2026-04-20T13:24:23.000Z
trackpoint,Monday Morning Walk,1,38.55368,-78.304486,821.2,2026-04-20T13:24:28.000Z
trackpoint,Monday Morning Walk,1,38.553677,-78.304504,821.4,2026-04-20T13:24:33.000Z
trackpoint,Monday Morning Walk,1,38.553668,-78.304507,821.9,2026-04-20T13:24:38.000Z
trackpoint,Monday Morning Walk,1,38.553662,-78.304511,822.1,2026-04-20T13:24:43.000Z
trackpoint,Monday Morning Walk,1,38.553663,-78.304522,821.9,2026-04-20T13:24:48.000Z
trackpoint,Monday Morning Walk,1,38.55367,-78.304531,822,2026-04-20T13:24:53.000Z
trackpoint,Monday Morning Walk,1,38.553672,-78.304517,822.1,2026-04-20T13:24:58.000Z
trackpoint,Monday Morning Walk,1,38.553673,-78.304516,822.1,2026-04-20T13:25:03.000Z
trackpoint,Monday Morning Walk,1,38.553675,-78.304516,822.3,2026-04-20T13:25:09.000Z
trackpoint,Monday Morning Walk,1,38.553673,-78.304512,822.3,2026-04-20T13:25:14.000Z
trackpoint,Monday Morning Walk,1,38.553673,-78.304512,822.3,2026-04-20T13:25:19.000Z
trackpoint,Monday Morning Walk,1,38.553675,-78.304507,822.3,2026-04-20T13:25:24.000Z
trackpoint,Monday Morning Walk,1,38.553675,-78.304506,822.3,2026-04-20T13:25:29.000Z
trackpoint,Monday Morning Walk,1,38.553675,-78.304506,822.3,2026-04-20T13:25:34.000Z
trackpoint,Monday Morning Walk,1,38.553678,-78.304512,822.3,2026-04-20T13:25:39.000Z
trackpoint,Monday Morning Walk,1,38.55368,-78.304512,822.2,2026-04-20T13:25:44.000Z
trackpoint,Monday Morning Walk,1,38.553677,-78.304524,822.4,2026-04-20T13:25:49.000Z
trackpoint,Monday Morning Walk,1,38.55368,-78.304539,822.4,2026-04-20T13:25:54.000Z
trackpoint,Monday Morning Walk,1,38.55368,-78.304536,822.5,2026-04-20T13:25:59.000Z
trackpoint,Monday Morning Walk,1,38.553683,-78.304557,822.7,2026-04-20T13:26:05.000Z
trackpoint,Monday Morning Walk,1,38.55369,-78.304572,822.9,2026-04-20T13:26:10.000Z
trackpoint,Monday Morning Walk,1,38.553695,-78.304586,823,2026-04-20T13:26:15.000Z
trackpoint,Monday Morning Walk,1,38.553697,-78.304607,823,2026-04-20T13:26:20.000Z
trackpoint,Monday Morning Walk,1,38.553695,-78.304612,823,2026-04-20T13:26:25.000Z
trackpoint,Monday Morning Walk,1,38.55369,-78.304619,823,2026-04-20T13:26:30.000Z
trackpoint,Monday Morning Walk,1,38.553692,-78.304619,823.1,2026-04-20T13:26:35.000Z
trackpoint,Monday Morning Walk,1,38.553685,-78.304609,823.2,2026-04-20T13:26:40.000Z
trackpoint,Monday Morning Walk,1,38.553655,-78.304614,823.5,2026-04-20T13:26:45.000Z
trackpoint,Monday Morning Walk,1,38.553643,-78.304656,824.2,2026-04-20T13:26:50.000Z
trackpoint,Monday Morning Walk,1,38.55364,-78.304706,825,2026-04-20T13:26:55.000Z
trackpoint,Monday Morning Walk,1,38.553632,-78.304737,825.6,2026-04-20T13:27:00.000Z
trackpoint,Monday Morning Walk,1,38.553632,-78.304739,825.7,2026-04-20T13:27:05.000Z
trackpoint,Monday Morning Walk,1,38.553638,-78.304739,825.8,2026-04-20T13:27:11.000Z
trackpoint,Monday Morning Walk,1,38.553635,-78.304742,825.8,2026-04-20T13:27:16.000Z
trackpoint,Monday Morning Walk,1,38.55363,-78.304752,825.8,2026-04-20T13:27:21.000Z
trackpoint,Monday Morning Walk,1,38.553633,-78.304762,825.9,2026-04-20T13:27:26.000Z
trackpoint,Monday Morning Walk,1,38.553627,-78.304771,825.9,2026-04-20T13:27:31.000Z
trackpoint,Monday Morning Walk,1,38.553608,-78.304774,825.9,2026-04-20T13:27:36.000Z
trackpoint,Monday Morning Walk,1,38.553605,-78.304762,826,2026-04-20T13:27:41.000Z
trackpoint,Monday Morning Walk,1,38.553603,-78.304759,826,2026-04-20T13:27:46.000Z
trackpoint,Monday Morning Walk,1,38.553602,-78.304771,826,2026-04-20T13:27:51.000Z
trackpoint,Monday Morning Walk,1,38.553602,-78.304772,826.1,2026-04-20T13:27:56.000Z
trackpoint,Monday Morning Walk,1,38.553593,-78.304777,826.2,2026-04-20T13:28:02.000Z
trackpoint,Monday Morning Walk,1,38.55359,-78.304771,826.3,2026-04-20T13:28:07.000Z
trackpoint,Monday Morning Walk,1,38.553607,-78.304777,826.8,2026-04-20T13:28:12.000Z
trackpoint,Monday Morning Walk,1,38.55361,-78.304782,827.1,2026-04-20T13:28:17.000Z
trackpoint,Monday Morning Walk,1,38.553608,-78.304786,827,2026-04-20T13:28:22.000Z
trackpoint,Monday Morning Walk,1,38.55361,-78.304789,827.2,2026-04-20T13:28:27.000Z
trackpoint,Monday Morning Walk,1,38.553612,-78.304784,827.7,2026-04-20T13:28:32.000Z
trackpoint,Monday Morning Walk,1,38.553608,-78.304782,827.8,2026-04-20T13:28:37.000Z
trackpoint,Monday Morning Walk,1,38.553595,-78.304792,827.7,2026-04-20T13:28:42.000Z
trackpoint,Monday Morning Walk,1,38.553592,-78.304794,827.7,2026-04-20T13:28:47.000Z
trackpoint,Monday Morning Walk,1,38.55359,-78.304799,827.5,2026-04-20T13:28:52.000Z
trackpoint,Monday Morning Walk,1,38.553588,-78.304804,827.5,2026-04-20T13:28:57.000Z
trackpoint,Monday Morning Walk,1,38.553582,-78.304806,827.6,2026-04-20T13:29:02.000Z
trackpoint,Monday Morning Walk,1,38.553578,-78.304799,827.5,2026-04-20T13:29:08.000Z
trackpoint,Monday Morning Walk,1,38.553578,-78.304794,827.7,2026-04-20T13:29:13.000Z
trackpoint,Monday Morning Walk,1,38.553575,-78.304789,827.8,2026-04-20T13:29:18.000Z
trackpoint,Monday Morning Walk,1,38.553572,-78.304792,827.9,2026-04-20T13:29:23.000Z
trackpoint,Monday Morning Walk,1,38.553575,-78.304796,828,2026-04-20T13:29:28.000Z
trackpoint,Monday Morning Walk,1,38.55358,-78.304802,828,2026-04-20T13:29:33.000Z
trackpoint,Monday Morning Walk,1,38.553573,-78.304802,828.1,2026-04-20T13:29:38.000Z
trackpoint,Monday Morning Walk,1,38.553572,-78.304812,828.2,2026-04-20T13:29:43.000Z
trackpoint,Monday Morning Walk,1,38.553585,-78.304831,828.3,2026-04-20T13:29:48.000Z
trackpoint,Monday Morning Walk,1,38.553592,-78.304847,828.7,2026-04-20T13:29:53.000Z
trackpoint,Monday Morning Walk,1,38.553588,-78.304852,828.8,2026-04-20T13:29:58.000Z
trackpoint,Monday Morning Walk,1,38.553587,-78.304852,828.7,2026-04-20T13:30:04.000Z
trackpoint,Monday Morning Walk,1,38.553587,-78.304854,828.7,2026-04-20T13:30:09.000Z
trackpoint,Monday Morning Walk,1,38.553585,-78.304851,828.7,2026-04-20T13:30:14.000Z
trackpoint,Monday Morning Walk,1,38.553583,-78.304846,828.7,2026-04-20T13:30:19.000Z
trackpoint,Monday Morning Walk,1,38.553587,-78.304839,828.8,2026-04-20T13:30:24.000Z
trackpoint,Monday Morning Walk,1,38.553587,-78.304842,828.8,2026-04-20T13:30:29.000Z
trackpoint,Monday Morning Walk,1,38.553585,-78.304849,828.7,2026-04-20T13:30:34.000Z
trackpoint,Monday Morning Walk,1,38.553585,-78.304854,828.7,2026-04-20T13:30:39.000Z
trackpoint,Monday Morning Walk,1,38.553585,-78.304857,828.8,2026-04-20T13:30:44.000Z
trackpoint,Monday Morning Walk,1,38.553587,-78.304856,828.7,2026-04-20T13:30:49.000Z
trackpoint,Monday Morning Walk,1,38.553583,-78.304844,828.8,2026-04-20T13:30:54.000Z
trackpoint,Monday Morning Walk,1,38.553585,-78.304842,828.8,2026-04-20T13:30:59.000Z
trackpoint,Monday Morning Walk,1,38.553592,-78.304834,828.4,2026-04-20T13:31:05.000Z
trackpoint,Monday Morning Walk,1,38.553597,-78.304826,828.5,2026-04-20T13:31:10.000Z
trackpoint,Monday Morning Walk,1,38.553615,-78.304837,828.5,2026-04-20T13:31:15.000Z
trackpoint,Monday Morning Walk,1,38.553622,-78.304834,828.5,2026-04-20T13:31:20.000Z
trackpoint,Monday Morning Walk,1,38.55363,-78.304839,828.5,2026-04-20T13:31:25.000Z
trackpoint,Monday Morning Walk,1,38.553642,-78.304852,828.4,2026-04-20T13:31:30.000Z
trackpoint,Monday Morning Walk,1,38.55365,-78.304852,828.3,2026-04-20T13:31:35.000Z
trackpoint,Monday Morning Walk,1,38.553652,-78.304841,828,2026-04-20T13:31:40.000Z
trackpoint,Monday Morning Walk,1,38.553652,-78.304844,828,2026-04-20T13:31:45.000Z
trackpoint,Monday Morning Walk,1,38.553625,-78.304866,827.6,2026-04-20T13:31:50.000Z
trackpoint,Monday Morning Walk,1,38.553618,-78.304857,827.4,2026-04-20T13:31:55.000Z
trackpoint,Monday Morning Walk,1,38.55362,-78.304872,827.4,2026-04-20T13:32:00.000Z
trackpoint,Monday Morning Walk,1,38.553615,-78.304874,827.4,2026-04-20T13:32:06.000Z
trackpoint,Monday Morning Walk,1,38.553618,-78.304874,827.4,2026-04-20T13:32:11.000Z
trackpoint,Monday Morning Walk,1,38.553615,-78.304869,827.4,2026-04-20T13:32:16.000Z
trackpoint,Monday Morning Walk,1,38.553613,-78.304874,827.3,2026-04-20T13:32:21.000Z
trackpoint,Monday Morning Walk,1,38.553612,-78.304881,827.3,2026-04-20T13:32:26.000Z
trackpoint,Monday Morning Walk,1,38.553612,-78.304872,827.3,2026-04-20T13:32:31.000Z
trackpoint,Monday Morning Walk,1,38.553612,-78.304872,827.3,2026-04-20T13:32:36.000Z
trackpoint,Monday Morning Walk,1,38.553612,-78.304872,827.4,2026-04-20T13:32:41.000Z
trackpoint,Monday Morning Walk,1,38.553617,-78.304851,827.4,2026-04-20T13:32:46.000Z
trackpoint,Monday Morning Walk,1,38.553622,-78.304849,827.4,2026-04-20T13:32:51.000Z
trackpoint,Monday Morning Walk,1,38.553617,-78.304844,827.4,2026-04-20T13:32:56.000Z
trackpoint,Monday Morning Walk,1,38.553615,-78.304846,827.4,2026-04-20T13:33:02.000Z
trackpoint,Monday Morning Walk,1,38.553613,-78.304847,827.4,2026-04-20T13:33:07.000Z
trackpoint,Monday Morning Walk,1,38.553612,-78.304841,827.2,2026-04-20T13:33:12.000Z
trackpoint,Monday Morning Walk,1,38.55361,-78.304841,827.2,2026-04-20T13:33:17.000Z
trackpoint,Monday Morning Walk,1,38.553612,-78.304844,827.3,2026-04-20T13:33:22.000Z
trackpoint,Monday Morning Walk,1,38.553613,-78.304849,827.3,2026-04-20T13:33:27.000Z
trackpoint,Monday Morning Walk,1,38.553613,-78.304841,827.3,2026-04-20T13:33:32.000Z
trackpoint,Monday Morning Walk,1,38.553603,-78.304839,827.3,2026-04-20T13:33:37.000Z
trackpoint,Monday Morning Walk,1,38.553593,-78.304832,827.1,2026-04-20T13:33:42.000Z
trackpoint,Monday Morning Walk,1,38.553592,-78.304831,827.3,2026-04-20T13:33:47.000Z
trackpoint,Monday Morning Walk,1,38.5536,-78.304826,827.5,2026-04-20T13:33:52.000Z
trackpoint,Monday Morning Walk,1,38.553598,-78.304829,827.5,2026-04-20T13:33:57.000Z
trackpoint,Monday Morning Walk,1,38.553603,-78.304827,827.6,2026-04-20T13:34:03.000Z
trackpoint,Monday Morning Walk,1,38.553598,-78.304831,827.6,2026-04-20T13:34:08.000Z
trackpoint,Monday Morning Walk,1,38.553597,-78.304829,827.5,2026-04-20T13:34:13.000Z
trackpoint,Monday Morning Walk,1,38.553595,-78.304832,827.5,2026-04-20T13:34:18.000Z
trackpoint,Monday Morning Walk,1,38.553595,-78.304826,827.5,2026-04-20T13:34:23.000Z
trackpoint,Monday Morning Walk,1,38.553592,-78.304817,827.5,2026-04-20T13:34:28.000Z
trackpoint,Monday Morning Walk,1,38.553593,-78.304822,827.4,2026-04-20T13:34:33.000Z
trackpoint,Monday Morning Walk,1,38.553605,-78.304847,827.5,2026-04-20T13:34:38.000Z
trackpoint,Monday Morning Walk,1,38.553605,-78.304854,827.6,2026-04-20T13:34:43.000Z
trackpoint,Monday Morning Walk,1,38.553612,-78.304862,827.5,2026-04-20T13:34:48.000Z
trackpoint,Monday Morning Walk,1,38.553602,-78.304869,827.5,2026-04-20T13:34:53.000Z
trackpoint,Monday Morning Walk,1,38.553597,-78.304871,827.4,2026-04-20T13:34:58.000Z
trackpoint,Monday Morning Walk,1,38.553595,-78.304869,827.4,2026-04-20T13:35:04.000Z
trackpoint,Monday Morning Walk,1,38.55359,-78.304861,827.3,2026-04-20T13:35:09.000Z
trackpoint,Monday Morning Walk,1,38.553587,-78.304852,827.4,2026-04-20T13:35:14.000Z
trackpoint,Monday Morning Walk,1,38.553588,-78.304851,827.5,2026-04-20T13:35:19.000Z
trackpoint,Monday Morning Walk,1,38.553588,-78.304847,827.5,2026-04-20T13:35:24.000Z
trackpoint,Monday Morning Walk,1,38.553585,-78.304856,827.6,2026-04-20T13:35:29.000Z
trackpoint,Monday Morning Walk,1,38.553583,-78.304859,827.7,2026-04-20T13:35:34.000Z
trackpoint,Monday Morning Walk,1,38.553585,-78.304862,827.6,2026-04-20T13:35:39.000Z
trackpoint,Monday Morning Walk,1,38.553587,-78.304862,827.7,2026-04-20T13:35:44.000Z
trackpoint,Monday Morning Walk,1,38.553587,-78.304861,827.7,2026-04-20T13:35:49.000Z
trackpoint,Monday Morning Walk,1,38.553587,-78.304864,827.7,2026-04-20T13:35:54.000Z
trackpoint,Monday Morning Walk,1,38.553588,-78.304867,827.8,2026-04-20T13:35:59.000Z
trackpoint,Monday Morning Walk,1,38.55359,-78.304872,827.8,2026-04-20T13:36:05.000Z
trackpoint,Monday Morning Walk,1,38.553587,-78.304874,827.8,2026-04-20T13:36:10.000Z
trackpoint,Monday Morning Walk,1,38.55359,-78.304869,827.8,2026-04-20T13:36:15.000Z
trackpoint,Monday Morning Walk,1,38.55359,-78.304867,827.8,2026-04-20T13:36:20.000Z
trackpoint,Monday Morning Walk,1,38.553597,-78.304877,827.7,2026-04-20T13:36:25.000Z
trackpoint,Monday Morning Walk,1,38.5536,-78.304866,827.8,2026-04-20T13:36:30.000Z
trackpoint,Monday Morning Walk,1,38.553598,-78.304864,827.8,2026-04-20T13:36:35.000Z
trackpoint,Monday Morning Walk,1,38.553598,-78.304864,827.8,2026-04-20T13:36:40.000Z
trackpoint,Monday Morning Walk,1,38.5536,-78.304867,827.8,2026-04-20T13:36:45.000Z
trackpoint,Monday Morning Walk,1,38.553597,-78.304869,827.8,2026-04-20T13:36:50.000Z
trackpoint,Monday Morning Walk,1,38.553593,-78.304876,827.8,2026-04-20T13:36:55.000Z
trackpoint,Monday Morning Walk,1,38.553593,-78.304877,827.7,2026-04-20T13:37:00.000Z
trackpoint,Monday Morning Walk,1,38.553597,-78.304876,827.7,2026-04-20T13:37:06.000Z
trackpoint,Monday Morning Walk,1,38.5536,-78.304882,827.7,2026-04-20T13:37:11.000Z
trackpoint,Monday Morning Walk,1,38.553612,-78.304906,827.8,2026-04-20T13:37:16.000Z
trackpoint,Monday Morning Walk,1,38.553617,-78.304912,827.9,2026-04-20T13:37:21.000Z
trackpoint,Monday Morning Walk,1,38.55362,-78.304917,828.2,2026-04-20T13:37:26.000Z
trackpoint,Monday Morning Walk,1,38.553618,-78.304911,828.2,2026-04-20T13:37:31.000Z
trackpoint,Monday Morning Walk,1,38.55362,-78.304907,828.1,2026-04-20T13:37:36.000Z
trackpoint,Monday Morning Walk,1,38.55362,-78.304911,828.1,2026-04-20T13:37:41.000Z
trackpoint,Monday Morning Walk,1,38.553622,-78.304906,828.1,2026-04-20T13:37:46.000Z
trackpoint,Monday Morning Walk,1,38.553625,-78.304904,828.1,2026-04-20T13:37:51.000Z
trackpoint,Monday Morning Walk,1,38.553627,-78.304899,828,2026-04-20T13:37:56.000Z
trackpoint,Monday Morning Walk,1,38.553625,-78.304894,828,2026-04-20T13:38:01.000Z
trackpoint,Monday Morning Walk,1,38.55363,-78.304892,828,2026-04-20T13:38:07.000Z
trackpoint,Monday Morning Walk,1,38.55363,-78.304886,828,2026-04-20T13:38:12.000Z
trackpoint,Monday Morning Walk,1,38.553633,-78.304889,827.9,2026-04-20T13:38:17.000Z
trackpoint,Monday Morning Walk,1,38.553633,-78.304886,827.8,2026-04-20T13:38:22.000Z
trackpoint,Monday Morning Walk,1,38.553632,-78.304882,827.8,2026-04-20T13:38:27.000Z
trackpoint,Monday Morning Walk,1,38.553628,-78.304881,827.8,2026-04-20T13:38:32.000Z
trackpoint,Monday Morning Walk,1,38.55363,-78.304879,827.8,2026-04-20T13:38:37.000Z
trackpoint,Monday Morning Walk,1,38.553632,-78.304882,827.7,2026-04-20T13:38:42.000Z
trackpoint,Monday Morning Walk,1,38.55363,-78.304881,827.8,2026-04-20T13:38:47.000Z
trackpoint,Monday Morning Walk,1,38.553632,-78.304876,827.8,2026-04-20T13:38:52.000Z
trackpoint,Monday Morning Walk,1,38.553632,-78.304846,827.7,2026-04-20T13:38:57.000Z
trackpoint,Monday Morning Walk,1,38.553618,-78.304804,827.6,2026-04-20T13:39:03.000Z
trackpoint,Monday Morning Walk,1,38.553618,-78.304796,827.5,2026-04-20T13:39:08.000Z
trackpoint,Monday Morning Walk,1,38.553613,-78.304797,827.4,2026-04-20T13:39:13.000Z
trackpoint,Monday Morning Walk,1,38.553615,-78.304824,827.1,2026-04-20T13:39:18.000Z
trackpoint,Monday Morning Walk,1,38.553602,-78.304841,827,2026-04-20T13:39:23.000Z
trackpoint,Monday Morning Walk,1,38.553598,-78.304862,826.9,2026-04-20T13:39:28.000Z
trackpoint,Monday Morning Walk,1,38.5536,-78.304881,827.1,2026-04-20T13:39:33.000Z
trackpoint,Monday Morning Walk,1,38.5536,-78.304887,826.9,2026-04-20T13:39:38.000Z
trackpoint,Monday Morning Walk,1,38.553597,-78.304892,826.9,2026-04-20T13:39:43.000Z
trackpoint,Monday Morning Walk,1,38.553598,-78.304901,826.9,2026-04-20T13:39:48.000Z
trackpoint,Monday Morning Walk,1,38.553602,-78.304911,826.7,2026-04-20T13:39:53.000Z
trackpoint,Monday Morning Walk,1,38.553623,-78.304917,826.8,2026-04-20T13:39:58.000Z
trackpoint,Monday Morning Walk,1,38.553637,-78.304917,826.8,2026-04-20T13:40:03.000Z
trackpoint,Monday Morning Walk,1,38.553648,-78.304931,826.8,2026-04-20T13:40:09.000Z
trackpoint,Monday Morning Walk,1,38.553652,-78.304927,826.7,2026-04-20T13:40:14.000Z
trackpoint,Monday Morning Walk,1,38.553653,-78.304929,826.9,2026-04-20T13:40:19.000Z
trackpoint,Monday Morning Walk,1,38.553657,-78.304939,826.8,2026-04-20T13:40:24.000Z
trackpoint,Monday Morning Walk,1,38.553657,-78.304946,826.8,2026-04-20T13:40:29.000Z
trackpoint,Monday Morning Walk,1,38.553655,-78.304951,826.8,2026-04-20T13:40:34.000Z
trackpoint,Monday Morning Walk,1,38.553663,-78.304956,826.7,2026-04-20T13:40:39.000Z
trackpoint,Monday Morning Walk,1,38.553663,-78.304962,826.3,2026-04-20T13:40:44.000Z
trackpoint,Monday Morning Walk,1,38.553665,-78.304961,826.2,2026-04-20T13:40:49.000Z
trackpoint,Monday Morning Walk,1,38.553667,-78.304944,826.2,2026-04-20T13:40:54.000Z
trackpoint,Monday Morning Walk,1,38.553668,-78.304931,826.1,2026-04-20T13:40:59.000Z
trackpoint,Monday Morning Walk,1,38.553647,-78.304934,825.9,2026-04-20T13:41:05.000Z
trackpoint,Monday Morning Walk,1,38.553642,-78.304924,825.8,2026-04-20T13:41:10.000Z
trackpoint,Monday Morning Walk,1,38.553685,-78.304952,825.1,2026-04-20T13:41:15.000Z
trackpoint,Monday Morning Walk,1,38.55374,-78.304946,825.1,2026-04-20T13:41:20.000Z
trackpoint,Monday Morning Walk,1,38.553738,-78.304941,824.8,2026-04-20T13:41:25.000Z
trackpoint,Monday Morning Walk,1,38.553735,-78.304932,824.8,2026-04-20T13:41:30.000Z
trackpoint,Monday Morning Walk,1,38.553718,-78.304939,825.1,2026-04-20T13:41:35.000Z
trackpoint,Monday Morning Walk,1,38.553705,-78.304966,825.2,2026-04-20T13:41:40.000Z
trackpoint,Monday Morning Walk,1,38.553703,-78.304962,825.1,2026-04-20T13:41:45.000Z
trackpoint,Monday Morning Walk,1,38.553697,-78.304951,825.1,2026-04-20T13:41:50.000Z
trackpoint,Monday Morning Walk,1,38.553655,-78.304946,825.1,2026-04-20T13:41:55.000Z
trackpoint,Monday Morning Walk,1,38.55363,-78.304976,825,2026-04-20T13:42:00.000Z
trackpoint,Monday Morning Walk,1,38.553658,-78.304954,825,2026-04-20T13:42:05.000Z
trackpoint,Monday Morning Walk,1,38.553678,-78.304959,824.9,2026-04-20T13:42:11.000Z
trackpoint,Monday Morning Walk,1,38.553673,-78.304952,824.7,2026-04-20T13:42:16.000Z
trackpoint,Monday Morning Walk,1,38.553685,-78.304954,824,2026-04-20T13:42:21.000Z
trackpoint,Monday Morning Walk,1,38.553677,-78.304921,823.2,2026-04-20T13:42:26.000Z
trackpoint,Monday Morning Walk,1,38.553678,-78.304916,822.9,2026-04-20T13:42:31.000Z
trackpoint,Monday Morning Walk,1,38.553683,-78.304929,822.9,2026-04-20T13:42:36.000Z
trackpoint,Monday Morning Walk,1,38.553665,-78.304877,823,2026-04-20T13:42:41.000Z
trackpoint,Monday Morning Walk,1,38.55365,-78.304834,823.2,2026-04-20T13:42:46.000Z
trackpoint,Monday Morning Walk,1,38.553655,-78.304849,823.5,2026-04-20T13:42:51.000Z
trackpoint,Monday Morning Walk,1,38.55367,-78.304876,823.2,2026-04-20T13:42:56.000Z
trackpoint,Monday Morning Walk,1,38.553692,-78.304894,823.2,2026-04-20T13:43:02.000Z
trackpoint,Monday Morning Walk,1,38.553693,-78.304912,822.8,2026-04-20T13:43:07.000Z
trackpoint,Monday Morning Walk,1,38.553697,-78.304944,823,2026-04-20T13:43:12.000Z
trackpoint,Monday Morning Walk,1,38.553695,-78.304962,823.2,2026-04-20T13:43:17.000Z
trackpoint,Monday Morning Walk,1,38.55369,-78.305014,822.9,2026-04-20T13:43:22.000Z
trackpoint,Monday Morning Walk,1,38.553687,-78.305022,822.8,2026-04-20T13:43:27.000Z
trackpoint,Monday Morning Walk,1,38.553677,-78.304969,822.8,2026-04-20T13:43:32.000Z
trackpoint,Monday Morning Walk,1,38.55369,-78.304959,822.7,2026-04-20T13:43:37.000Z
trackpoint,Monday Morning Walk,1,38.553687,-78.304982,821.8,2026-04-20T13:43:42.000Z
trackpoint,Monday Morning Walk,1,38.553667,-78.304999,821.2,2026-04-20T13:43:47.000Z
trackpoint,Monday Morning Walk,1,38.553678,-78.305007,821.5,2026-04-20T13:43:52.000Z
trackpoint,Monday Morning Walk,1,38.553677,-78.305007,821.1,2026-04-20T13:43:57.000Z
trackpoint,Monday Morning Walk,1,38.553675,-78.305019,821.1,2026-04-20T13:44:03.000Z
trackpoint,Monday Morning Walk,1,38.553677,-78.305019,821,2026-04-20T13:44:09.000Z
trackpoint,Monday Morning Walk,1,38.553685,-78.305014,821.1,2026-04-20T13:44:14.000Z
trackpoint,Monday Morning Walk,1,38.553683,-78.305024,821.3,2026-04-20T13:44:19.000Z
trackpoint,Monday Morning Walk,1,38.553673,-78.305036,821.3,2026-04-20T13:44:24.000Z
trackpoint,Monday Morning Walk,1,38.553657,-78.305041,821.5,2026-04-20T13:44:29.000Z
trackpoint,Monday Morning Walk,1,38.553663,-78.305031,821.6,2026-04-20T13:44:34.000Z
trackpoint,Monday Morning Walk,1,38.553668,-78.305032,821.7,2026-04-20T13:44:39.000Z
trackpoint,Monday Morning Walk,1,38.553678,-78.305071,822.7,2026-04-20T13:44:44.000Z
trackpoint,Monday Morning Walk,1,38.553678,-78.305127,823.7,2026-04-20T13:44:49.000Z
trackpoint,Monday Morning Walk,1,38.553677,-78.305137,823.8,2026-04-20T13:44:54.000Z
trackpoint,Monday Morning Walk,1,38.553677,-78.305137,823.7,2026-04-20T13:44:59.000Z
trackpoint,Monday Morning Walk,1,38.553682,-78.305152,822.9,2026-04-20T13:45:05.000Z
trackpoint,Monday Morning Walk,1,38.55368,-78.305164,822.8,2026-04-20T13:45:10.000Z
trackpoint,Monday Morning Walk,1,38.553647,-78.305162,822.6,2026-04-20T13:45:15.000Z
trackpoint,Monday Morning Walk,1,38.553603,-78.305187,823.1,2026-04-20T13:45:20.000Z
trackpoint,Monday Morning Walk,1,38.553588,-78.305204,822.9,2026-04-20T13:45:25.000Z
trackpoint,Monday Morning Walk,1,38.553582,-78.305214,823,2026-04-20T13:45:30.000Z
trackpoint,Monday Morning Walk,1,38.553578,-78.305204,823,2026-04-20T13:45:35.000Z
trackpoint,Monday Morning Walk,1,38.553585,-78.305197,822.8,2026-04-20T13:45:40.000Z
trackpoint,Monday Morning Walk,1,38.553583,-78.305191,822.8,2026-04-20T13:45:45.000Z
trackpoint,Monday Morning Walk,1,38.553583,-78.305186,822.7,2026-04-20T13:45:50.000Z
trackpoint,Monday Morning Walk,1,38.553583,-78.305189,822.6,2026-04-20T13:45:55.000Z
trackpoint,Monday Morning Walk,1,38.55358,-78.305181,822.6,2026-04-20T13:46:00.000Z
trackpoint,Monday Morning Walk,1,38.553582,-78.305181,822.6,2026-04-20T13:46:06.000Z
trackpoint,Monday Morning Walk,1,38.553577,-78.305187,822.6,2026-04-20T13:46:11.000Z
trackpoint,Monday Morning Walk,1,38.553575,-78.305194,822.7,2026-04-20T13:46:16.000Z
trackpoint,Monday Morning Walk,1,38.553563,-78.305179,822.8,2026-04-20T13:46:21.000Z
trackpoint,Monday Morning Walk,1,38.553563,-78.305184,822.9,2026-04-20T13:46:26.000Z
trackpoint,Monday Morning Walk,1,38.55355,-78.305199,822.6,2026-04-20T13:46:31.000Z
trackpoint,Monday Morning Walk,1,38.553557,-78.305221,822.4,2026-04-20T13:46:36.000Z
trackpoint,Monday Morning Walk,1,38.553573,-78.305257,822.2,2026-04-20T13:46:41.000Z
trackpoint,Monday Morning Walk,1,38.553588,-78.305266,822.1,2026-04-20T13:46:46.000Z
trackpoint,Monday Morning Walk,1,38.553563,-78.305266,821.8,2026-04-20T13:46:51.000Z
trackpoint,Monday Morning Walk,1,38.553562,-78.305251,821.7,2026-04-20T13:46:56.000Z
trackpoint,Monday Morning Walk,1,38.553567,-78.305254,821.7,2026-04-20T13:47:02.000Z
trackpoint,Monday Morning Walk,1,38.553588,-78.305302,821.9,2026-04-20T13:47:07.000Z
trackpoint,Monday Morning Walk,1,38.553592,-78.305324,822.6,2026-04-20T13:47:12.000Z
trackpoint,Monday Morning Walk,1,38.553592,-78.305342,822.8,2026-04-20T13:47:17.000Z
trackpoint,Monday Morning Walk,1,38.553583,-78.305351,822.7,2026-04-20T13:47:22.000Z
trackpoint,Monday Morning Walk,1,38.553578,-78.305354,822.4,2026-04-20T13:47:27.000Z
trackpoint,Monday Morning Walk,1,38.553593,-78.305357,822.6,2026-04-20T13:47:32.000Z
trackpoint,Monday Morning Walk,1,38.553598,-78.305352,822.5,2026-04-20T13:47:37.000Z
trackpoint,Monday Morning Walk,1,38.553598,-78.305339,822.5,2026-04-20T13:47:42.000Z
trackpoint,Monday Morning Walk,1,38.5536,-78.305334,822.3,2026-04-20T13:47:47.000Z
trackpoint,Monday Morning Walk,1,38.553603,-78.305354,821.9,2026-04-20T13:47:52.000Z
trackpoint,Monday Morning Walk,1,38.553587,-78.305354,821.7,2026-04-20T13:47:57.000Z
trackpoint,Monday Morning Walk,1,38.553573,-78.305329,820.6,2026-04-20T13:48:03.000Z
trackpoint,Monday Morning Walk,1,38.553552,-78.305312,819,2026-04-20T13:48:08.000Z
trackpoint,Monday Morning Walk,1,38.553532,-78.305321,817.6,2026-04-20T13:48:13.000Z
trackpoint,Monday Morning Walk,1,38.553523,-78.305331,815.8,2026-04-20T13:48:18.000Z
trackpoint,Monday Morning Walk,1,38.553485,-78.305346,815.6,2026-04-20T13:48:23.000Z
trackpoint,Monday Morning Walk,1,38.553477,-78.305369,815.7,2026-04-20T13:48:28.000Z
trackpoint,Monday Morning Walk,1,38.553457,-78.305417,816.1,2026-04-20T13:48:33.000Z
trackpoint,Monday Morning Walk,1,38.553427,-78.305451,816.3,2026-04-20T13:48:38.000Z
trackpoint,Monday Morning Walk,1,38.553383,-78.305469,814.8,2026-04-20T13:48:43.000Z
trackpoint,Monday Morning Walk,1,38.553363,-78.305499,815.5,2026-04-20T13:48:48.000Z
trackpoint,Monday Morning Walk,1,38.553345,-78.305514,816.7,2026-04-20T13:48:53.000Z
trackpoint,Monday Morning Walk,1,38.553338,-78.305512,816.8,2026-04-20T13:48:58.000Z
trackpoint,Monday Morning Walk,1,38.55331,-78.305496,818.5,2026-04-20T13:49:04.000Z
trackpoint,Monday Morning Walk,1,38.553308,-78.305504,818.7,2026-04-20T13:49:09.000Z
trackpoint,Monday Morning Walk,1,38.553305,-78.305511,818.3,2026-04-20T13:49:14.000Z
trackpoint,Monday Morning Walk,1,38.553278,-78.305516,818.2,2026-04-20T13:49:19.000Z
trackpoint,Monday Morning Walk,1,38.553288,-78.305526,818.1,2026-04-20T13:49:24.000Z
trackpoint,Monday Morning Walk,1,38.553278,-78.305532,818.2,2026-04-20T13:49:29.000Z
trackpoint,Monday Morning Walk,1,38.553282,-78.305536,818.4,2026-04-20T13:49:34.000Z
trackpoint,Monday Morning Walk,1,38.5533,-78.305519,818.9,2026-04-20T13:49:39.000Z
trackpoint,Monday Morning Walk,1,38.553253,-78.305506,819.3,2026-04-20T13:49:44.000Z
trackpoint,Monday Morning Walk,1,38.553245,-78.305521,819.6,2026-04-20T13:49:49.000Z
trackpoint,Monday Morning Walk,1,38.553258,-78.305552,819.7,2026-04-20T13:49:54.000Z
trackpoint,Monday Morning Walk,1,38.553262,-78.305569,819.7,2026-04-20T13:49:59.000Z
trackpoint,Monday Morning Walk,1,38.55328,-78.305581,820.1,2026-04-20T13:50:05.000Z
trackpoint,Monday Morning Walk,1,38.553295,-78.305591,820.2,2026-04-20T13:50:10.000Z
trackpoint,Monday Morning Walk,1,38.553292,-78.305584,820.2,2026-04-20T13:50:15.000Z
trackpoint,Monday Morning Walk,1,38.553273,-78.305581,820.3,2026-04-20T13:50:20.000Z
trackpoint,Monday Morning Walk,1,38.553278,-78.305601,820.5,2026-04-20T13:50:25.000Z
trackpoint,Monday Morning Walk,1,38.553273,-78.305601,820.4,2026-04-20T13:50:30.000Z
trackpoint,Monday Morning Walk,1,38.553255,-78.305607,820.5,2026-04-20T13:50:35.000Z
trackpoint,Monday Morning Walk,1,38.553253,-78.305606,820.3,2026-04-20T13:50:40.000Z
trackpoint,Monday Morning Walk,1,38.553258,-78.305597,820.3,2026-04-20T13:50:45.000Z
trackpoint,Monday Morning Walk,1,38.55326,-78.305589,820.5,2026-04-20T13:50:50.000Z
trackpoint,Monday Morning Walk,1,38.553258,-78.305584,820.6,2026-04-20T13:50:55.000Z
trackpoint,Monday Morning Walk,1,38.553257,-78.305589,820.5,2026-04-20T13:51:00.000Z
trackpoint,Monday Morning Walk,1,38.553282,-78.305592,820.7,2026-04-20T13:51:06.000Z
trackpoint,Monday Morning Walk,1,38.553225,-78.305579,821.7,2026-04-20T13:51:11.000Z
trackpoint,Monday Morning Walk,1,38.553183,-78.305587,822.8,2026-04-20T13:51:16.000Z
trackpoint,Monday Morning Walk,1,38.553202,-78.305596,824.3,2026-04-20T13:51:21.000Z
trackpoint,Monday Morning Walk,1,38.553193,-78.305586,825.6,2026-04-20T13:51:26.000Z
trackpoint,Monday Morning Walk,1,38.553185,-78.305581,826,2026-04-20T13:51:31.000Z
trackpoint,Monday Morning Walk,1,38.553158,-78.305571,826.4,2026-04-20T13:51:36.000Z
trackpoint,Monday Morning Walk,1,38.553145,-78.305587,827.5,2026-04-20T13:51:41.000Z
trackpoint,Monday Morning Walk,1,38.553138,-78.305594,827.9,2026-04-20T13:51:46.000Z
trackpoint,Monday Morning Walk,1,38.553098,-78.305594,828.1,2026-04-20T13:51:51.000Z
trackpoint,Monday Morning Walk,1,38.553052,-78.305562,828.3,2026-04-20T13:51:56.000Z
trackpoint,Monday Morning Walk,1,38.553033,-78.305589,830.2,2026-04-20T13:52:01.000Z
trackpoint,Monday Morning Walk,1,38.553003,-78.305596,831.8,2026-04-20T13:52:07.000Z
trackpoint,Monday Morning Walk,1,38.552988,-78.305591,832.9,2026-04-20T13:52:12.000Z
trackpoint,Monday Morning Walk,1,38.552957,-78.305581,833.5,2026-04-20T13:52:17.000Z
trackpoint,Monday Morning Walk,1,38.552933,-78.305581,833.8,2026-04-20T13:52:22.000Z
trackpoint,Monday Morning Walk,1,38.552927,-78.305589,834,2026-04-20T13:52:27.000Z
trackpoint,Monday Morning Walk,1,38.552928,-78.305567,834.6,2026-04-20T13:52:32.000Z
trackpoint,Monday Morning Walk,1,38.552915,-78.305552,835.8,2026-04-20T13:52:37.000Z
trackpoint,Monday Morning Walk,1,38.552913,-78.305544,836,2026-04-20T13:52:42.000Z
trackpoint,Monday Morning Walk,1,38.552908,-78.305524,835.3,2026-04-20T13:52:47.000Z
trackpoint,Monday Morning Walk,1,38.55288,-78.305531,834.9,2026-04-20T13:52:52.000Z
trackpoint,Monday Morning Walk,1,38.552855,-78.305522,835.4,2026-04-20T13:52:57.000Z
trackpoint,Monday Morning Walk,1,38.552833,-78.305512,836.3,2026-04-20T13:53:02.000Z
trackpoint,Monday Morning Walk,1,38.552852,-78.305496,838.1,2026-04-20T13:53:08.000Z
trackpoint,Monday Morning Walk,1,38.552868,-78.305514,838.8,2026-04-20T13:53:13.000Z
trackpoint,Monday Morning Walk,1,38.552852,-78.305552,838.5,2026-04-20T13:53:18.000Z
trackpoint,Monday Morning Walk,1,38.55282,-78.305476,838.4,2026-04-20T13:53:23.000Z
trackpoint,Monday Morning Walk,1,38.552805,-78.305494,838.4,2026-04-20T13:53:28.000Z
trackpoint,Monday Morning Walk,1,38.552917,-78.305741,815.7,2026-04-20T13:53:55.000Z
trackpoint,Monday Morning Walk,1,38.553005,-78.305902,790.3,2026-04-20T13:54:01.000Z
trackpoint,Monday Morning Walk,1,38.552927,-78.305837,808.2,2026-04-20T13:54:06.000Z
trackpoint,Monday Morning Walk,1,38.552893,-78.305804,817.1,2026-04-20T13:54:11.000Z
trackpoint,Monday Morning Walk,1,38.552872,-78.305782,822.4,2026-04-20T13:54:16.000Z
trackpoint,Monday Morning Walk,1,38.55283,-78.305772,830.2,2026-04-20T13:54:21.000Z
trackpoint,Monday Morning Walk,1,38.552783,-78.305789,836.2,2026-04-20T13:54:26.000Z
trackpoint,Monday Morning Walk,1,38.552777,-78.305797,839.4,2026-04-20T13:54:31.000Z
trackpoint,Monday Morning Walk,1,38.552778,-78.305822,839.7,2026-04-20T13:54:36.000Z
trackpoint,Monday Morning Walk,1,38.552798,-78.305841,837,2026-04-20T13:54:41.000Z
trackpoint,Monday Morning Walk,1,38.552815,-78.305821,836.4,2026-04-20T13:54:46.000Z
trackpoint,Monday Morning Walk,1,38.552827,-78.305841,836.5,2026-04-20T13:54:51.000Z
trackpoint,Monday Morning Walk,1,38.552845,-78.305839,835.3,2026-04-20T13:54:56.000Z
trackpoint,Monday Morning Walk,1,38.552848,-78.305851,835.1,2026-04-20T13:55:01.000Z
trackpoint,Monday Morning Walk,1,38.552853,-78.305849,835.8,2026-04-20T13:55:06.000Z
trackpoint,Monday Morning Walk,1,38.552867,-78.305879,837.2,2026-04-20T13:55:12.000Z
trackpoint,Monday Morning Walk,1,38.552888,-78.305919,838.8,2026-04-20T13:55:17.000Z
trackpoint,Monday Morning Walk,1,38.552925,-78.305967,837.6,2026-04-20T13:55:22.000Z
trackpoint,Monday Morning Walk,1,38.552923,-78.305997,837,2026-04-20T13:55:27.000Z
trackpoint,Monday Morning Walk,1,38.55294,-78.305994,836.2,2026-04-20T13:55:32.000Z
trackpoint,Monday Morning Walk,1,38.55296,-78.306009,835,2026-04-20T13:55:37.000Z
trackpoint,Monday Morning Walk,1,38.552985,-78.306066,832.9,2026-04-20T13:55:42.000Z
trackpoint,Monday Morning Walk,1,38.552987,-78.306074,832.5,2026-04-20T13:55:47.000Z
trackpoint,Monday Morning Walk,1,38.55299,-78.306059,832.9,2026-04-20T13:55:52.000Z
trackpoint,Monday Morning Walk,1,38.552987,-78.306059,832.9,2026-04-20T13:55:57.000Z
trackpoint,Monday Morning Walk,1,38.55299,-78.306071,833.4,2026-04-20T13:56:02.000Z
trackpoint,Monday Morning Walk,1,38.552977,-78.306099,834.1,2026-04-20T13:56:08.000Z
trackpoint,Monday Morning Walk,1,38.552942,-78.306106,834.6,2026-04-20T13:56:13.000Z
trackpoint,Monday Morning Walk,1,38.552933,-78.306102,834.4,2026-04-20T13:56:18.000Z
trackpoint,Monday Morning Walk,1,38.552922,-78.306109,834.2,2026-04-20T13:56:23.000Z
trackpoint,Monday Morning Walk,1,38.552912,-78.306127,834.3,2026-04-20T13:56:28.000Z
trackpoint,Monday Morning Walk,1,38.552917,-78.306166,834.9,2026-04-20T13:56:33.000Z
trackpoint,Monday Morning Walk,1,38.552888,-78.306179,835.5,2026-04-20T13:56:38.000Z
trackpoint,Monday Morning Walk,1,38.552878,-78.306194,835.4,2026-04-20T13:56:43.000Z
trackpoint,Monday Morning Walk,1,38.55289,-78.306187,835.4,2026-04-20T13:56:48.000Z
trackpoint,Monday Morning Walk,1,38.55289,-78.306192,835.4,2026-04-20T13:56:53.000Z
trackpoint,Monday Morning Walk,1,38.552885,-78.306214,835.4,2026-04-20T13:56:58.000Z
trackpoint,Monday Morning Walk,1,38.552885,-78.306211,835.5,2026-04-20T13:57:03.000Z
trackpoint,Monday Morning Walk,1,38.552872,-78.306222,835.4,2026-04-20T13:57:09.000Z
trackpoint,Monday Morning Walk,1,38.55288,-78.306234,835.5,2026-04-20T13:57:14.000Z
trackpoint,Monday Morning Walk,1,38.55287,-78.306231,835.7,2026-04-20T13:57:19.000Z
trackpoint,Monday Morning Walk,1,38.55287,-78.306216,835.8,2026-04-20T13:57:24.000Z
trackpoint,Monday Morning Walk,1,38.55284,-78.306179,835.3,2026-04-20T13:57:29.000Z
trackpoint,Monday Morning Walk,1,38.552807,-78.306211,835,2026-04-20T13:57:34.000Z
trackpoint,Monday Morning Walk,1,38.552788,-78.306189,834.7,2026-04-20T13:57:39.000Z
trackpoint,Monday Morning Walk,1,38.55272,-78.306216,834.2,2026-04-20T13:57:44.000Z
trackpoint,Monday Morning Walk,1,38.552625,-78.306346,833.9,2026-04-20T13:57:49.000Z
trackpoint,Monday Morning Walk,1,38.552537,-78.306407,833.5,2026-04-20T13:57:54.000Z
trackpoint,Monday Morning Walk,1,38.55247,-78.306497,833.6,2026-04-20T13:58:00.000Z
trackpoint,Monday Morning Walk,1,38.552638,-78.306281,833.6,2026-04-20T13:58:05.000Z
trackpoint,Monday Morning Walk,1,38.552653,-78.306239,833.3,2026-04-20T13:58:10.000Z
trackpoint,Monday Morning Walk,1,38.552662,-78.306201,832.9,2026-04-20T13:58:15.000Z
trackpoint,Monday Morning Walk,1,38.552822,-78.305987,831.3,2026-04-20T13:58:20.000Z
trackpoint,Monday Morning Walk,1,38.552795,-78.306001,830.7,2026-04-20T13:58:25.000Z
trackpoint,Monday Morning Walk,1,38.552797,-78.306004,830.8,2026-04-20T13:58:30.000Z
trackpoint,Monday Morning Walk,1,38.552787,-78.306016,830.8,2026-04-20T13:58:35.000Z
trackpoint,Monday Morning Walk,1,38.55281,-78.306007,830.9,2026-04-20T13:58:40.000Z
trackpoint,Monday Morning Walk,1,38.552812,-78.306029,832,2026-04-20T13:58:45.000Z
trackpoint,Monday Morning Walk,1,38.552818,-78.306054,832.9,2026-04-20T13:58:50.000Z
trackpoint,Monday Morning Walk,1,38.552815,-78.306086,833.7,2026-04-20T13:58:55.000Z
trackpoint,Monday Morning Walk,1,38.552802,-78.306089,834.8,2026-04-20T13:59:00.000Z
trackpoint,Monday Morning Walk,1,38.552807,-78.306087,835.3,2026-04-20T13:59:06.000Z
trackpoint,Monday Morning Walk,1,38.552832,-78.306081,835.6,2026-04-20T13:59:11.000Z
trackpoint,Monday Morning Walk,1,38.552823,-78.306082,835.7,2026-04-20T13:59:17.000Z
trackpoint,Monday Morning Walk,1,38.552818,-78.306077,835.9,2026-04-20T13:59:22.000Z
trackpoint,Monday Morning Walk,1,38.552783,-78.306084,837,2026-04-20T13:59:27.000Z
trackpoint,Monday Morning Walk,1,38.552767,-78.306091,837.5,2026-04-20T13:59:32.000Z
trackpoint,Monday Morning Walk,1,38.552762,-78.306091,837.5,2026-04-20T13:59:37.000Z
trackpoint,Monday Morning Walk,1,38.552755,-78.306097,837.5,2026-04-20T13:59:42.000Z
trackpoint,Monday Morning Walk,1,38.552748,-78.306094,837.6,2026-04-20T13:59:47.000Z
trackpoint,Monday Morning Walk,1,38.552752,-78.306089,837.8,2026-04-20T13:59:52.000Z
trackpoint,Monday Morning Walk,1,38.552753,-78.306091,837.9,2026-04-20T13:59:57.000Z
trackpoint,Monday Morning Walk,1,38.552758,-78.306084,838,2026-04-20T14:00:02.000Z
trackpoint,Monday Morning Walk,1,38.552758,-78.306069,838.4,2026-04-20T14:00:08.000Z
trackpoint,Monday Morning Walk,1,38.552755,-78.306087,839.1,2026-04-20T14:00:13.000Z
trackpoint,Monday Morning Walk,1,38.552753,-78.306091,839.3,2026-04-20T14:00:18.000Z
trackpoint,Monday Morning Walk,1,38.552753,-78.306096,839.4,2026-04-20T14:00:23.000Z
trackpoint,Monday Morning Walk,1,38.552743,-78.306097,839.5,2026-04-20T14:00:28.000Z
trackpoint,Monday Morning Walk,1,38.552738,-78.306102,839.7,2026-04-20T14:00:33.000Z
trackpoint,Monday Morning Walk,1,38.552735,-78.306106,840.3,2026-04-20T14:00:38.000Z
trackpoint,Monday Morning Walk,1,38.552732,-78.306116,840.8,2026-04-20T14:00:43.000Z
trackpoint,Monday Morning Walk,1,38.552738,-78.306134,841.2,2026-04-20T14:00:48.000Z
trackpoint,Monday Morning Walk,1,38.552743,-78.306136,841.3,2026-04-20T14:00:53.000Z
trackpoint,Monday Morning Walk,1,38.552758,-78.306136,842,2026-04-20T14:00:58.000Z
trackpoint,Monday Morning Walk,1,38.552772,-78.306144,842.5,2026-04-20T14:01:03.000Z
trackpoint,Monday Morning Walk,1,38.552775,-78.306147,842.7,2026-04-20T14:01:09.000Z
trackpoint,Monday Morning Walk,1,38.552783,-78.306159,842.9,2026-04-20T14:01:13.000Z
trackpoint,Monday Morning Walk,1,38.552782,-78.306169,843,2026-04-20T14:01:19.000Z
trackpoint,Monday Morning Walk,1,38.552778,-78.306167,843.1,2026-04-20T14:01:24.000Z
trackpoint,Monday Morning Walk,1,38.55278,-78.306166,843.1,2026-04-20T14:01:29.000Z
trackpoint,Monday Morning Walk,1,38.552778,-78.306161,843.2,2026-04-20T14:01:34.000Z
trackpoint,Monday Morning Walk,1,38.552778,-78.306154,843.2,2026-04-20T14:01:39.000Z
trackpoint,Monday Morning Walk,1,38.55278,-78.306156,843.2,2026-04-20T14:01:44.000Z
trackpoint,Monday Morning Walk,1,38.552767,-78.306136,843.2,2026-04-20T14:01:49.000Z
trackpoint,Monday Morning Walk,1,38.552767,-78.306132,843,2026-04-20T14:01:54.000Z
trackpoint,Monday Morning Walk,1,38.552762,-78.306136,843.1,2026-04-20T14:01:59.000Z
trackpoint,Monday Morning Walk,1,38.552758,-78.306132,843.2,2026-04-20T14:02:04.000Z
trackpoint,Monday Morning Walk,1,38.552755,-78.306141,843.1,2026-04-20T14:02:10.000Z
trackpoint,Monday Morning Walk,1,38.552767,-78.306139,843.1,2026-04-20T14:02:15.000Z
trackpoint,Monday Morning Walk,1,38.552767,-78.306142,843,2026-04-20T14:02:20.000Z
trackpoint,Monday Morning Walk,1,38.552765,-78.306139,843,2026-04-20T14:02:25.000Z
trackpoint,Monday Morning Walk,1,38.552773,-78.306144,843,2026-04-20T14:02:30.000Z
trackpoint,Monday Morning Walk,1,38.552772,-78.306147,843,2026-04-20T14:02:35.000Z
trackpoint,Monday Morning Walk,1,38.552778,-78.306157,843.5,2026-04-20T14:02:40.000Z
trackpoint,Monday Morning Walk,1,38.552785,-78.306181,843.5,2026-04-20T14:02:45.000Z
trackpoint,Monday Morning Walk,1,38.552758,-78.306216,844.8,2026-04-20T14:02:50.000Z
trackpoint,Monday Morning Walk,1,38.552753,-78.306226,845.2,2026-04-20T14:02:55.000Z
trackpoint,Monday Morning Walk,1,38.552785,-78.306274,844.8,2026-04-20T14:03:00.000Z
trackpoint,Monday Morning Walk,1,38.552762,-78.306286,844.4,2026-04-20T14:03:06.000Z
trackpoint,Monday Morning Walk,1,38.552765,-78.306312,844.5,2026-04-20T14:03:11.000Z
trackpoint,Monday Morning Walk,1,38.552768,-78.306337,845,2026-04-20T14:03:16.000Z
trackpoint,Monday Morning Walk,1,38.552767,-78.306361,845.4,2026-04-20T14:03:21.000Z
trackpoint,Monday Morning Walk,1,38.552747,-78.306357,846.5,2026-04-20T14:03:26.000Z
trackpoint,Monday Morning Walk,1,38.552752,-78.306366,847.2,2026-04-20T14:03:31.000Z
trackpoint,Monday Morning Walk,1,38.55274,-78.306387,848.2,2026-04-20T14:03:36.000Z
trackpoint,Monday Morning Walk,1,38.552748,-78.306436,848.5,2026-04-20T14:03:41.000Z
trackpoint,Monday Morning Walk,1,38.552758,-78.306489,849,2026-04-20T14:03:46.000Z
trackpoint,Monday Morning Walk,1,38.552778,-78.306527,848.9,2026-04-20T14:03:51.000Z
trackpoint,Monday Morning Walk,1,38.55278,-78.306534,849.2,2026-04-20T14:03:56.000Z
trackpoint,Monday Morning Walk,1,38.55278,-78.306536,849.4,2026-04-20T14:04:01.000Z
trackpoint,Monday Morning Walk,1,38.552752,-78.306534,850,2026-04-20T14:04:07.000Z
trackpoint,Monday Morning Walk,1,38.552762,-78.306526,850.2,2026-04-20T14:04:12.000Z
trackpoint,Monday Morning Walk,1,38.552763,-78.306527,850.2,2026-04-20T14:04:17.000Z
trackpoint,Monday Morning Walk,1,38.552757,-78.306537,850.3,2026-04-20T14:04:22.000Z
trackpoint,Monday Morning Walk,1,38.55276,-78.306534,850.7,2026-04-20T14:04:27.000Z
trackpoint,Monday Morning Walk,1,38.552773,-78.306539,851,2026-04-20T14:04:32.000Z
trackpoint,Monday Morning Walk,1,38.552778,-78.306547,851,2026-04-20T14:04:37.000Z
trackpoint,Monday Morning Walk,1,38.552787,-78.306557,850.9,2026-04-20T14:04:42.000Z
trackpoint,Monday Morning Walk,1,38.55277,-78.306596,851.3,2026-04-20T14:04:47.000Z
trackpoint,Monday Morning Walk,1,38.552767,-78.306599,851.1,2026-04-20T14:04:52.000Z
trackpoint,Monday Morning Walk,1,38.552768,-78.306616,850.8,2026-04-20T14:04:57.000Z
trackpoint,Monday Morning Walk,1,38.552757,-78.306612,850.7,2026-04-20T14:05:03.000Z
trackpoint,Monday Morning Walk,1,38.55276,-78.306622,850.9,2026-04-20T14:05:08.000Z
trackpoint,Monday Morning Walk,1,38.552767,-78.306622,851,2026-04-20T14:05:13.000Z
trackpoint,Monday Morning Walk,1,38.552778,-78.306626,851,2026-04-20T14:05:18.000Z
trackpoint,Monday Morning Walk,1,38.552773,-78.306626,851,2026-04-20T14:05:23.000Z
trackpoint,Monday Morning Walk,1,38.552773,-78.306624,851.1,2026-04-20T14:05:28.000Z
trackpoint,Monday Morning Walk,1,38.552787,-78.306634,851,2026-04-20T14:05:33.000Z
trackpoint,Monday Morning Walk,1,38.552787,-78.306636,851,2026-04-20T14:05:38.000Z
trackpoint,Monday Morning Walk,1,38.55278,-78.306631,851.1,2026-04-20T14:05:43.000Z
trackpoint,Monday Morning Walk,1,38.55277,-78.306637,851.1,2026-04-20T14:05:48.000Z
trackpoint,Monday Morning Walk,1,38.552773,-78.306637,851.1,2026-04-20T14:05:53.000Z
trackpoint,Monday Morning Walk,1,38.552773,-78.306636,851.1,2026-04-20T14:05:58.000Z
trackpoint,Monday Morning Walk,1,38.552765,-78.306629,851.1,2026-04-20T14:06:03.000Z
trackpoint,Monday Morning Walk,1,38.552765,-78.306634,851.1,2026-04-20T14:06:09.000Z
trackpoint,Monday Morning Walk,1,38.552788,-78.306636,851,2026-04-20T14:06:14.000Z
trackpoint,Monday Morning Walk,1,38.552797,-78.306649,851,2026-04-20T14:06:19.000Z
trackpoint,Monday Morning Walk,1,38.552795,-78.306646,851,2026-04-20T14:06:24.000Z
trackpoint,Monday Morning Walk,1,38.552788,-78.306646,851,2026-04-20T14:06:29.000Z
trackpoint,Monday Morning Walk,1,38.552782,-78.306636,851.1,2026-04-20T14:06:34.000Z
trackpoint,Monday Morning Walk,1,38.55277,-78.306632,851.1,2026-04-20T14:06:39.000Z
trackpoint,Monday Morning Walk,1,38.55276,-78.306634,851.5,2026-04-20T14:06:44.000Z
trackpoint,Monday Morning Walk,1,38.552745,-78.306631,852.6,2026-04-20T14:06:49.000Z
trackpoint,Monday Morning Walk,1,38.552723,-78.306631,853.5,2026-04-20T14:06:54.000Z
trackpoint,Monday Morning Walk,1,38.552705,-78.306632,854.2,2026-04-20T14:06:59.000Z
trackpoint,Monday Morning Walk,1,38.552695,-78.306627,854.4,2026-04-20T14:07:05.000Z
trackpoint,Monday Morning Walk,1,38.552698,-78.306647,854.5,2026-04-20T14:07:10.000Z
trackpoint,Monday Morning Walk,1,38.552695,-78.306662,854.7,2026-04-20T14:07:15.000Z
trackpoint,Monday Morning Walk,1,38.552685,-78.306684,854.3,2026-04-20T14:07:20.000Z
trackpoint,Monday Morning Walk,1,38.55268,-78.306692,854.2,2026-04-20T14:07:25.000Z
trackpoint,Monday Morning Walk,1,38.55266,-78.306697,854.3,2026-04-20T14:07:30.000Z
trackpoint,Monday Morning Walk,1,38.552638,-78.306706,854.3,2026-04-20T14:07:35.000Z
trackpoint,Monday Morning Walk,1,38.552588,-78.306726,854.4,2026-04-20T14:07:40.000Z
trackpoint,Monday Morning Walk,1,38.552577,-78.306712,854.4,2026-04-20T14:07:45.000Z
trackpoint,Monday Morning Walk,1,38.552577,-78.306702,854.3,2026-04-20T14:07:50.000Z
trackpoint,Monday Morning Walk,1,38.552582,-78.306702,854.3,2026-04-20T14:07:55.000Z
trackpoint,Monday Morning Walk,1,38.552628,-78.306721,855.4,2026-04-20T14:08:00.000Z
trackpoint,Monday Morning Walk,1,38.552635,-78.306711,855.5,2026-04-20T14:08:05.000Z
trackpoint,Monday Morning Walk,1,38.552628,-78.306686,855.8,2026-04-20T14:08:11.000Z
trackpoint,Monday Morning Walk,1,38.552617,-78.306702,856.2,2026-04-20T14:08:16.000Z
trackpoint,Monday Morning Walk,1,38.552597,-78.306712,856.6,2026-04-20T14:08:21.000Z
trackpoint,Monday Morning Walk,1,38.552593,-78.306719,856.7,2026-04-20T14:08:26.000Z
trackpoint,Monday Morning Walk,1,38.552592,-78.306717,856.7,2026-04-20T14:08:31.000Z
trackpoint,Monday Morning Walk,1,38.552582,-78.306706,856.7,2026-04-20T14:08:41.000Z
trackpoint,Monday Morning Walk,1,38.552572,-78.306722,856.7,2026-04-20T14:08:46.000Z
trackpoint,Monday Morning Walk,1,38.552575,-78.306769,856.6,2026-04-20T14:08:51.000Z
trackpoint,Monday Morning Walk,1,38.552565,-78.306764,856.5,2026-04-20T14:08:56.000Z
trackpoint,Monday Morning Walk,1,38.552582,-78.306784,856.5,2026-04-20T14:09:01.000Z
trackpoint,Monday Morning Walk,1,38.552575,-78.306789,856.4,2026-04-20T14:09:06.000Z
trackpoint,Monday Morning Walk,1,38.552582,-78.306789,856.3,2026-04-20T14:09:11.000Z
trackpoint,Monday Morning Walk,1,38.552593,-78.306771,856.4,2026-04-20T14:09:16.000Z
trackpoint,Monday Morning Walk,1,38.552593,-78.306779,856.3,2026-04-20T14:09:21.000Z
trackpoint,Monday Morning Walk,1,38.55258,-78.306792,856.1,2026-04-20T14:09:27.000Z
trackpoint,Monday Morning Walk,1,38.552573,-78.306772,856,2026-04-20T14:09:32.000Z
trackpoint,Monday Morning Walk,1,38.552563,-78.306771,855.9,2026-04-20T14:09:37.000Z
trackpoint,Monday Morning Walk,1,38.552567,-78.306777,855.9,2026-04-20T14:09:41.000Z
trackpoint,Monday Morning Walk,1,38.552557,-78.306772,855.6,2026-04-20T14:09:47.000Z
trackpoint,Monday Morning Walk,1,38.552547,-78.306751,855.5,2026-04-20T14:09:52.000Z
trackpoint,Monday Morning Walk,1,38.552548,-78.306752,855.4,2026-04-20T14:09:57.000Z
trackpoint,Monday Morning Walk,1,38.55255,-78.306761,855.5,2026-04-20T14:10:02.000Z
trackpoint,Monday Morning Walk,1,38.552552,-78.306779,855.6,2026-04-20T14:10:07.000Z
trackpoint,Monday Morning Walk,1,38.55255,-78.306787,855.8,2026-04-20T14:10:17.000Z
trackpoint,Monday Morning Walk,1,38.552553,-78.306801,855.8,2026-04-20T14:10:22.000Z
trackpoint,Monday Morning Walk,1,38.552548,-78.306811,856.1,2026-04-20T14:10:27.000Z
trackpoint,Monday Morning Walk,1,38.552528,-78.306779,856.2,2026-04-20T14:10:32.000Z
trackpoint,Monday Morning Walk,1,38.552527,-78.306751,856.1,2026-04-20T14:10:37.000Z
trackpoint,Monday Morning Walk,1,38.55252,-78.306746,856.2,2026-04-20T14:10:42.000Z
trackpoint,Monday Morning Walk,1,38.552505,-78.306744,856.2,2026-04-20T14:10:47.000Z
trackpoint,Monday Morning Walk,1,38.55251,-78.306739,856.6,2026-04-20T14:10:52.000Z
trackpoint,Monday Morning Walk,1,38.552518,-78.306752,856.4,2026-04-20T14:10:58.000Z
trackpoint,Monday Morning Walk,1,38.552537,-78.306786,856.2,2026-04-20T14:11:03.000Z
trackpoint,Monday Morning Walk,1,38.552558,-78.306811,856.3,2026-04-20T14:11:08.000Z
trackpoint,Monday Morning Walk,1,38.552533,-78.306807,856.3,2026-04-20T14:11:13.000Z
trackpoint,Monday Morning Walk,1,38.552492,-78.306766,857,2026-04-20T14:11:18.000Z
trackpoint,Monday Morning Walk,1,38.552467,-78.306796,857,2026-04-20T14:11:23.000Z
trackpoint,Monday Morning Walk,1,38.552475,-78.306799,857.3,2026-04-20T14:11:28.000Z
trackpoint,Monday Morning Walk,1,38.55248,-78.306812,857.2,2026-04-20T14:11:33.000Z
trackpoint,Monday Morning Walk,1,38.552488,-78.306816,858.9,2026-04-20T14:11:38.000Z
trackpoint,Monday Morning Walk,1,38.55248,-78.306814,859.6,2026-04-20T14:11:43.000Z
trackpoint,Monday Morning Walk,1,38.552475,-78.306801,860.7,2026-04-20T14:11:48.000Z
trackpoint,Monday Morning Walk,1,38.55246,-78.306829,860.9,2026-04-20T14:11:54.000Z
trackpoint,Monday Morning Walk,1,38.55245,-78.306836,862.2,2026-04-20T14:11:59.000Z
trackpoint,Monday Morning Walk,1,38.552448,-78.306821,863.4,2026-04-20T14:12:04.000Z
trackpoint,Monday Morning Walk,1,38.552468,-78.306847,863.9,2026-04-20T14:12:09.000Z
trackpoint,Monday Morning Walk,1,38.552463,-78.306851,863.9,2026-04-20T14:12:14.000Z
trackpoint,Monday Morning Walk,1,38.552455,-78.306869,863.9,2026-04-20T14:12:19.000Z
trackpoint,Monday Morning Walk,1,38.552442,-78.306862,863.9,2026-04-20T14:12:24.000Z
trackpoint,Monday Morning Walk,1,38.552433,-78.306862,863.9,2026-04-20T14:12:29.000Z
trackpoint,Monday Morning Walk,1,38.55243,-78.306856,864,2026-04-20T14:12:34.000Z
trackpoint,Monday Morning Walk,1,38.552423,-78.306846,864,2026-04-20T14:12:39.000Z
trackpoint,Monday Morning Walk,1,38.552408,-78.306834,864.1,2026-04-20T14:12:44.000Z
trackpoint,Monday Morning Walk,1,38.5524,-78.306817,864.3,2026-04-20T14:12:49.000Z
trackpoint,Monday Morning Walk,1,38.552385,-78.306812,865,2026-04-20T14:12:54.000Z
trackpoint,Monday Morning Walk,1,38.552312,-78.306819,866.3,2026-04-20T14:13:00.000Z
trackpoint,Monday Morning Walk,1,38.55233,-78.306802,867.5,2026-04-20T14:13:05.000Z
trackpoint,Monday Morning Walk,1,38.552445,-78.306779,869.6,2026-04-20T14:13:10.000Z
trackpoint,Monday Morning Walk,1,38.552403,-78.306776,870.5,2026-04-20T14:13:15.000Z
trackpoint,Monday Morning Walk,1,38.552383,-78.306812,870.8,2026-04-20T14:13:20.000Z
trackpoint,Monday Morning Walk,1,38.552373,-78.306879,871.4,2026-04-20T14:13:25.000Z
trackpoint,Monday Morning Walk,1,38.552353,-78.306897,872,2026-04-20T14:13:30.000Z
trackpoint,Monday Morning Walk,1,38.552343,-78.306904,872.6,2026-04-20T14:13:35.000Z
trackpoint,Monday Morning Walk,1,38.552333,-78.306899,872.9,2026-04-20T14:13:40.000Z
trackpoint,Monday Morning Walk,1,38.55232,-78.306911,873.2,2026-04-20T14:13:45.000Z
trackpoint,Monday Morning Walk,1,38.552212,-78.306797,873.7,2026-04-20T14:13:51.000Z
trackpoint,Monday Morning Walk,1,38.552223,-78.306784,873.8,2026-04-20T14:13:56.000Z
trackpoint,Monday Morning Walk,1,38.552245,-78.306821,873.5,2026-04-20T14:14:01.000Z
trackpoint,Monday Morning Walk,1,38.552242,-78.306922,873.4,2026-04-20T14:14:06.000Z
trackpoint,Monday Morning Walk,1,38.552232,-78.306972,872.9,2026-04-20T14:14:11.000Z
trackpoint,Monday Morning Walk,1,38.55222,-78.306984,872.6,2026-04-20T14:14:16.000Z
trackpoint,Monday Morning Walk,1,38.552262,-78.306937,872.8,2026-04-20T14:14:21.000Z
trackpoint,Monday Morning Walk,1,38.552272,-78.306909,873,2026-04-20T14:14:26.000Z
trackpoint,Monday Morning Walk,1,38.552252,-78.306914,872.9,2026-04-20T14:14:31.000Z
trackpoint,Monday Morning Walk,1,38.55225,-78.306916,872.8,2026-04-20T14:14:36.000Z
trackpoint,Monday Morning Walk,1,38.552232,-78.306936,872.6,2026-04-20T14:14:41.000Z
trackpoint,Monday Morning Walk,1,38.552227,-78.306947,872.5,2026-04-20T14:14:46.000Z
trackpoint,Monday Morning Walk,1,38.552187,-78.306969,873.1,2026-04-20T14:14:51.000Z
trackpoint,Monday Morning Walk,1,38.552177,-78.306972,873.5,2026-04-20T14:14:57.000Z
trackpoint,Monday Morning Walk,1,38.55219,-78.306952,873.5,2026-04-20T14:15:02.000Z
trackpoint,Monday Morning Walk,1,38.552185,-78.306944,873.6,2026-04-20T14:15:07.000Z
trackpoint,Monday Morning Walk,1,38.552187,-78.306934,874,2026-04-20T14:15:12.000Z
trackpoint,Monday Morning Walk,1,38.552193,-78.306934,874.2,2026-04-20T14:15:17.000Z
trackpoint,Monday Morning Walk,1,38.552188,-78.306946,874.2,2026-04-20T14:15:22.000Z
trackpoint,Monday Morning Walk,1,38.552188,-78.306947,874.4,2026-04-20T14:15:27.000Z
trackpoint,Monday Morning Walk,1,38.552178,-78.306967,874.5,2026-04-20T14:15:32.000Z
trackpoint,Monday Morning Walk,1,38.552173,-78.306967,874.9,2026-04-20T14:15:37.000Z
trackpoint,Monday Morning Walk,1,38.552225,-78.306969,874.9,2026-04-20T14:15:42.000Z
trackpoint,Monday Morning Walk,1,38.552245,-78.306969,875,2026-04-20T14:15:48.000Z
trackpoint,Monday Morning Walk,1,38.552203,-78.306921,875.2,2026-04-20T14:15:53.000Z
trackpoint,Monday Morning Walk,1,38.552133,-78.307079,851.6,2026-04-20T14:16:08.000Z
trackpoint,Monday Morning Walk,1,38.552075,-78.307006,852.8,2026-04-20T14:16:13.000Z
trackpoint,Monday Morning Walk,1,38.552007,-78.306934,855.5,2026-04-20T14:16:18.000Z
trackpoint,Monday Morning Walk,1,38.552157,-78.306631,847.5,2026-04-20T14:17:32.000Z
trackpoint,Monday Morning Walk,1,38.552183,-78.306986,891.7,2026-04-20T14:17:37.000Z
trackpoint,Monday Morning Walk,1,38.552197,-78.306954,883.6,2026-04-20T14:17:42.000Z
trackpoint,Monday Morning Walk,1,38.552213,-78.306934,882.9,2026-04-20T14:17:48.000Z
trackpoint,Monday Morning Walk,1,38.552133,-78.306922,888.6,2026-04-20T14:17:53.000Z
trackpoint,Monday Morning Walk,1,38.552177,-78.307042,891.2,2026-04-20T14:17:58.000Z
trackpoint,Monday Morning Walk,1,38.552115,-78.307097,854.7,2026-04-20T14:18:03.000Z
trackpoint,Monday Morning Walk,1,38.552092,-78.306979,859.8,2026-04-20T14:18:08.000Z
trackpoint,Monday Morning Walk,1,38.552092,-78.306816,869.9,2026-04-20T14:18:13.000Z
trackpoint,Monday Morning Walk,1,38.552113,-78.306789,877.7,2026-04-20T14:18:18.000Z
trackpoint,Monday Morning Walk,1,38.552102,-78.306742,879.3,2026-04-20T14:18:23.000Z
trackpoint,Monday Morning Walk,1,38.552075,-78.306672,879.4,2026-04-20T14:18:28.000Z
trackpoint,Monday Morning Walk,1,38.552058,-78.306684,878.7,2026-04-20T14:18:33.000Z
trackpoint,Monday Morning Walk,1,38.552067,-78.306684,878.3,2026-04-20T14:18:38.000Z
trackpoint,Monday Morning Walk,1,38.552123,-78.306691,877.3,2026-04-20T14:18:43.000Z
trackpoint,Monday Morning Walk,1,38.552132,-78.306641,877,2026-04-20T14:18:49.000Z
trackpoint,Monday Morning Walk,1,38.552138,-78.306642,877.1,2026-04-20T14:18:54.000Z
trackpoint,Monday Morning Walk,1,38.552145,-78.306666,877.5,2026-04-20T14:18:59.000Z
trackpoint,Monday Morning Walk,1,38.552137,-78.306639,877.4,2026-04-20T14:19:04.000Z
trackpoint,Monday Morning Walk,1,38.552107,-78.306661,876.1,2026-04-20T14:19:09.000Z
trackpoint,Monday Morning Walk,1,38.552097,-78.306724,874.7,2026-04-20T14:19:14.000Z
trackpoint,Monday Morning Walk,1,38.55211,-78.306751,875,2026-04-20T14:19:19.000Z
trackpoint,Monday Morning Walk,1,38.552125,-78.306771,875,2026-04-20T14:19:24.000Z
trackpoint,Monday Morning Walk,1,38.552127,-78.306791,875.2,2026-04-20T14:19:29.000Z
trackpoint,Monday Morning Walk,1,38.552117,-78.306794,874.8,2026-04-20T14:19:34.000Z
trackpoint,Monday Morning Walk,1,38.5521,-78.306766,874.7,2026-04-20T14:19:39.000Z
trackpoint,Monday Morning Walk,1,38.552108,-78.306756,874.9,2026-04-20T14:19:44.000Z
trackpoint,Monday Morning Walk,1,38.5522,-78.306826,874.6,2026-04-20T14:19:50.000Z
trackpoint,Monday Morning Walk,1,38.552273,-78.306872,875,2026-04-20T14:19:55.000Z
trackpoint,Monday Morning Walk,1,38.552263,-78.306814,874.8,2026-04-20T14:20:00.000Z
trackpoint,Monday Morning Walk,1,38.55225,-78.306884,874.9,2026-04-20T14:20:05.000Z
trackpoint,Monday Morning Walk,1,38.552178,-78.306987,874.7,2026-04-20T14:20:10.000Z
trackpoint,Monday Morning Walk,1,38.552168,-78.307007,874.3,2026-04-20T14:20:15.000Z
trackpoint,Monday Morning Walk,1,38.55219,-78.307037,874,2026-04-20T14:20:20.000Z
trackpoint,Monday Morning Walk,1,38.552132,-78.306931,873.7,2026-04-20T14:20:25.000Z
trackpoint,Monday Morning Walk,1,38.552122,-78.306899,873.7,2026-04-20T14:20:30.000Z
trackpoint,Monday Morning Walk,1,38.552138,-78.307129,874.8,2026-04-20T14:20:35.000Z
trackpoint,Monday Morning Walk,1,38.552142,-78.307197,875.5,2026-04-20T14:20:40.000Z
trackpoint,Monday Morning Walk,1,38.552118,-78.307251,875.9,2026-04-20T14:20:46.000Z
trackpoint,Monday Morning Walk,1,38.552108,-78.307194,875.8,2026-04-20T14:20:51.000Z
trackpoint,Monday Morning Walk,1,38.552068,-78.307126,875.6,2026-04-20T14:20:56.000Z
trackpoint,Monday Morning Walk,1,38.55206,-78.307026,875.1,2026-04-20T14:21:01.000Z
trackpoint,Monday Morning Walk,1,38.552063,-78.306986,874.6,2026-04-20T14:21:06.000Z
trackpoint,Monday Morning Walk,1,38.552075,-78.307001,874.5,2026-04-20T14:21:11.000Z
trackpoint,Monday Morning Walk,1,38.552077,-78.307021,874.8,2026-04-20T14:21:16.000Z
trackpoint,Monday Morning Walk,1,38.552117,-78.307009,874.8,2026-04-20T14:21:21.000Z
trackpoint,Monday Morning Walk,1,38.552133,-78.306982,874.4,2026-04-20T14:21:26.000Z
trackpoint,Monday Morning Walk,1,38.552188,-78.306997,874.3,2026-04-20T14:21:31.000Z
trackpoint,Monday Morning Walk,1,38.552278,-78.307026,875.1,2026-04-20T14:21:36.000Z
trackpoint,Monday Morning Walk,1,38.552088,-78.306906,875.9,2026-04-20T14:21:41.000Z
trackpoint,Monday Morning Walk,1,38.552063,-78.306909,877.7,2026-04-20T14:21:46.000Z
trackpoint,Monday Morning Walk,1,38.552093,-78.306926,880.2,2026-04-20T14:21:51.000Z
trackpoint,Monday Morning Walk,1,38.552103,-78.306949,881.1,2026-04-20T14:21:57.000Z
trackpoint,Monday Morning Walk,1,38.55213,-78.306987,882,2026-04-20T14:22:02.000Z
trackpoint,Monday Morning Walk,1,38.552143,-78.307009,882,2026-04-20T14:22:07.000Z
trackpoint,Monday Morning Walk,1,38.552152,-78.306986,882.5,2026-04-20T14:22:12.000Z
trackpoint,Monday Morning Walk,1,38.552155,-78.306994,883.2,2026-04-20T14:22:17.000Z
trackpoint,Monday Morning Walk,1,38.552158,-78.307002,883.4,2026-04-20T14:22:22.000Z
trackpoint,Monday Morning Walk,1,38.552162,-78.307049,883.2,2026-04-20T14:22:27.000Z
trackpoint,Monday Morning Walk,1,38.552157,-78.307047,883.4,2026-04-20T14:22:32.000Z
trackpoint,Monday Morning Walk,1,38.552163,-78.307067,883.3,2026-04-20T14:22:37.000Z
trackpoint,Monday Morning Walk,1,38.552168,-78.307047,883.2,2026-04-20T14:22:42.000Z
trackpoint,Monday Morning Walk,1,38.552147,-78.306934,882.9,2026-04-20T14:22:47.000Z
trackpoint,Monday Morning Walk,1,38.552133,-78.306944,883,2026-04-20T14:22:52.000Z
trackpoint,Monday Morning Walk,1,38.552153,-78.306966,882.9,2026-04-20T14:22:58.000Z
trackpoint,Monday Morning Walk,1,38.552147,-78.306944,882.3,2026-04-20T14:23:03.000Z
trackpoint,Monday Morning Walk,1,38.55215,-78.306971,881.9,2026-04-20T14:23:08.000Z
trackpoint,Monday Morning Walk,1,38.552155,-78.306977,881.9,2026-04-20T14:23:13.000Z
trackpoint,Monday Morning Walk,1,38.552155,-78.306979,881.9,2026-04-20T14:23:18.000Z
trackpoint,Monday Morning Walk,1,38.552158,-78.306996,882,2026-04-20T14:23:23.000Z
trackpoint,Monday Morning Walk,1,38.552168,-78.307024,882,2026-04-20T14:23:28.000Z
trackpoint,Monday Morning Walk,1,38.552198,-78.307021,882,2026-04-20T14:23:33.000Z
trackpoint,Monday Morning Walk,1,38.552177,-78.307029,881.6,2026-04-20T14:23:38.000Z
trackpoint,Monday Morning Walk,1,38.552253,-78.307402,880.2,2026-04-20T14:24:23.000Z
trackpoint,Monday Morning Walk,1,38.55207,-78.306864,881.7,2026-04-20T14:24:28.000Z
trackpoint,Monday Morning Walk,1,38.552053,-78.306816,887.7,2026-04-20T14:24:33.000Z
trackpoint,Monday Morning Walk,1,38.552057,-78.306889,888.6,2026-04-20T14:24:38.000Z
trackpoint,Monday Morning Walk,1,38.552072,-78.306954,888.8,2026-04-20T14:24:43.000Z
trackpoint,Monday Morning Walk,1,38.552138,-78.307097,889,2026-04-20T14:24:48.000Z
trackpoint,Monday Morning Walk,1,38.552213,-78.307299,891.3,2026-04-20T14:24:56.000Z
trackpoint,Monday Morning Walk,1,38.552225,-78.307104,892.4,2026-04-20T14:25:01.000Z
trackpoint,Monday Morning Walk,1,38.552275,-78.307147,892.4,2026-04-20T14:25:06.000Z
trackpoint,Monday Morning Walk,1,38.552195,-78.307067,889.1,2026-04-20T14:25:11.000Z
trackpoint,Monday Morning Walk,1,38.552133,-78.307022,885.7,2026-04-20T14:25:16.000Z
trackpoint,Monday Morning Walk,1,38.55213,-78.307072,884.9,2026-04-20T14:25:21.000Z
trackpoint,Monday Morning Walk,1,38.552128,-78.307049,884.7,2026-04-20T14:25:26.000Z
trackpoint,Monday Morning Walk,1,38.552122,-78.307036,884.9,2026-04-20T14:25:31.000Z
trackpoint,Monday Morning Walk,1,38.552132,-78.307057,885.8,2026-04-20T14:25:36.000Z
trackpoint,Monday Morning Walk,1,38.552048,-78.306867,885.1,2026-04-20T14:25:41.000Z
trackpoint,Monday Morning Walk,1,38.552032,-78.306901,884.1,2026-04-20T14:25:46.000Z
trackpoint,Monday Morning Walk,1,38.552052,-78.306999,883.1,2026-04-20T14:25:51.000Z
trackpoint,Monday Morning Walk,1,38.552077,-78.307017,883.8,2026-04-20T14:25:56.000Z
trackpoint,Monday Morning Walk,1,38.552098,-78.307046,883.5,2026-04-20T14:26:02.000Z
trackpoint,Monday Morning Walk,1,38.552087,-78.307071,882.8,2026-04-20T14:26:07.000Z
trackpoint,Monday Morning Walk,1,38.552067,-78.307087,882.7,2026-04-20T14:26:12.000Z
trackpoint,Monday Morning Walk,1,38.552077,-78.307089,883,2026-04-20T14:26:17.000Z
trackpoint,Monday Morning Walk,1,38.552082,-78.307099,883,2026-04-20T14:26:22.000Z
trackpoint,Monday Morning Walk,1,38.552073,-78.307097,883.2,2026-04-20T14:26:27.000Z
trackpoint,Monday Morning Walk,1,38.552075,-78.307102,883.2,2026-04-20T14:26:32.000Z
trackpoint,Monday Morning Walk,1,38.552077,-78.307101,883.2,2026-04-20T14:26:37.000Z
trackpoint,Monday Morning Walk,1,38.552067,-78.307104,883.1,2026-04-20T14:26:42.000Z
trackpoint,Monday Morning Walk,1,38.552075,-78.307092,883,2026-04-20T14:26:47.000Z
trackpoint,Monday Morning Walk,1,38.552077,-78.307091,883,2026-04-20T14:26:52.000Z
trackpoint,Monday Morning Walk,1,38.552063,-78.307099,883.1,2026-04-20T14:26:57.000Z
trackpoint,Monday Morning Walk,1,38.552075,-78.307099,883.3,2026-04-20T14:27:03.000Z
trackpoint,Monday Morning Walk,1,38.552075,-78.307097,883.4,2026-04-20T14:27:08.000Z
trackpoint,Monday Morning Walk,1,38.552072,-78.307102,883.4,2026-04-20T14:27:14.000Z
trackpoint,Monday Morning Walk,1,38.552065,-78.307096,883.5,2026-04-20T14:27:19.000Z
trackpoint,Monday Morning Walk,1,38.55205,-78.307126,883.8,2026-04-20T14:27:24.000Z
trackpoint,Monday Morning Walk,1,38.552043,-78.307137,883.9,2026-04-20T14:27:29.000Z
trackpoint,Monday Morning Walk,1,38.552033,-78.307146,883.9,2026-04-20T14:27:34.000Z
trackpoint,Monday Morning Walk,1,38.55202,-78.307141,883.9,2026-04-20T14:27:39.000Z
trackpoint,Monday Morning Walk,1,38.552025,-78.307136,883.9,2026-04-20T14:27:44.000Z
trackpoint,Monday Morning Walk,1,38.552025,-78.307129,884,2026-04-20T14:27:49.000Z
trackpoint,Monday Morning Walk,1,38.55203,-78.307126,884.1,2026-04-20T14:27:54.000Z
trackpoint,Monday Morning Walk,1,38.552038,-78.307141,883.9,2026-04-20T14:27:59.000Z
trackpoint,Monday Morning Walk,1,38.552017,-78.307149,884.2,2026-04-20T14:28:04.000Z
trackpoint,Monday Morning Walk,1,38.551967,-78.307142,884.8,2026-04-20T14:28:10.000Z
trackpoint,Monday Morning Walk,1,38.551952,-78.307146,885.6,2026-04-20T14:28:15.000Z
trackpoint,Monday Morning Walk,1,38.551918,-78.307169,886.6,2026-04-20T14:28:20.000Z
trackpoint,Monday Morning Walk,1,38.551905,-78.307176,887.2,2026-04-20T14:28:25.000Z
trackpoint,Monday Morning Walk,1,38.551898,-78.307176,887.1,2026-04-20T14:28:30.000Z
trackpoint,Monday Morning Walk,1,38.551882,-78.307182,887.5,2026-04-20T14:28:35.000Z
trackpoint,Monday Morning Walk,1,38.551907,-78.307207,887.4,2026-04-20T14:28:40.000Z
trackpoint,Monday Morning Walk,1,38.551903,-78.307199,887.4,2026-04-20T14:28:45.000Z
trackpoint,Monday Morning Walk,1,38.551902,-78.307157,886.3,2026-04-20T14:28:50.000Z
trackpoint,Monday Morning Walk,1,38.551898,-78.307156,886.2,2026-04-20T14:28:55.000Z
trackpoint,Monday Morning Walk,1,38.5519,-78.307157,886.1,2026-04-20T14:29:00.000Z
trackpoint,Monday Morning Walk,1,38.55188,-78.307151,886,2026-04-20T14:29:06.000Z
trackpoint,Monday Morning Walk,1,38.551852,-78.307149,885.9,2026-04-20T14:29:10.000Z
trackpoint,Monday Morning Walk,1,38.551818,-78.307149,885.7,2026-04-20T14:29:16.000Z
trackpoint,Monday Morning Walk,1,38.551828,-78.307154,885.7,2026-04-20T14:29:21.000Z
trackpoint,Monday Morning Walk,1,38.551855,-78.307144,885.9,2026-04-20T14:29:26.000Z
trackpoint,Monday Morning Walk,1,38.551845,-78.307142,886,2026-04-20T14:29:31.000Z
trackpoint,Monday Morning Walk,1,38.551843,-78.307156,886.4,2026-04-20T14:29:36.000Z
trackpoint,Monday Morning Walk,1,38.551793,-78.307204,887.1,2026-04-20T14:29:41.000Z
trackpoint,Monday Morning Walk,1,38.551782,-78.307149,888.2,2026-04-20T14:29:46.000Z
trackpoint,Monday Morning Walk,1,38.551805,-78.307116,888.3,2026-04-20T14:29:51.000Z
trackpoint,Monday Morning Walk,1,38.551805,-78.307111,887.9,2026-04-20T14:29:56.000Z
trackpoint,Monday Morning Walk,1,38.551798,-78.307117,887.9,2026-04-20T14:30:01.000Z
trackpoint,Monday Morning Walk,1,38.551803,-78.307122,887.9,2026-04-20T14:30:06.000Z
trackpoint,Monday Morning Walk,1,38.5518,-78.307127,887.8,2026-04-20T14:30:12.000Z
trackpoint,Monday Morning Walk,1,38.551803,-78.307121,887.8,2026-04-20T14:30:17.000Z
trackpoint,Monday Morning Walk,1,38.551835,-78.307129,888.1,2026-04-20T14:30:22.000Z
trackpoint,Monday Morning Walk,1,38.551833,-78.307117,888.2,2026-04-20T14:30:27.000Z
trackpoint,Monday Morning Walk,1,38.551835,-78.307114,888.3,2026-04-20T14:30:32.000Z
trackpoint,Monday Morning Walk,1,38.551827,-78.307127,888.4,2026-04-20T14:30:37.000Z
trackpoint,Monday Morning Walk,1,38.5518,-78.307142,889,2026-04-20T14:30:42.000Z
trackpoint,Monday Morning Walk,1,38.55178,-78.307171,889.4,2026-04-20T14:30:47.000Z
trackpoint,Monday Morning Walk,1,38.551767,-78.307197,889.3,2026-04-20T14:30:52.000Z
trackpoint,Monday Morning Walk,1,38.551738,-78.307226,889.2,2026-04-20T14:30:57.000Z
trackpoint,Monday Morning Walk,1,38.55171,-78.307241,888.7,2026-04-20T14:31:02.000Z
trackpoint,Monday Morning Walk,1,38.551703,-78.307271,888.7,2026-04-20T14:31:07.000Z
trackpoint,Monday Morning Walk,1,38.551705,-78.307269,889.7,2026-04-20T14:31:13.000Z
trackpoint,Monday Morning Walk,1,38.551698,-78.307257,890.2,2026-04-20T14:31:19.000Z
trackpoint,Monday Morning Walk,1,38.551673,-78.307277,891.2,2026-04-20T14:31:24.000Z
trackpoint,Monday Morning Walk,1,38.551675,-78.307279,891.9,2026-04-20T14:31:29.000Z
trackpoint,Monday Morning Walk,1,38.551698,-78.307272,893.1,2026-04-20T14:31:34.000Z
trackpoint,Monday Morning Walk,1,38.551685,-78.307271,893.8,2026-04-20T14:31:39.000Z
trackpoint,Monday Morning Walk,1,38.551702,-78.307304,894.4,2026-04-20T14:31:44.000Z
trackpoint,Monday Morning Walk,1,38.551702,-78.307316,894.4,2026-04-20T14:31:49.000Z
trackpoint,Monday Morning Walk,1,38.551683,-78.307351,894.9,2026-04-20T14:31:54.000Z
trackpoint,Monday Morning Walk,1,38.551667,-78.307361,895,2026-04-20T14:31:59.000Z
trackpoint,Monday Morning Walk,1,38.551678,-78.307364,895.1,2026-04-20T14:32:04.000Z
trackpoint,Monday Morning Walk,1,38.551643,-78.307364,896.3,2026-04-20T14:32:10.000Z
trackpoint,Monday Morning Walk,1,38.551613,-78.307401,896.8,2026-04-20T14:32:15.000Z
trackpoint,Monday Morning Walk,1,38.551595,-78.307419,896.9,2026-04-20T14:32:20.000Z
trackpoint,Monday Morning Walk,1,38.551548,-78.307447,897,2026-04-20T14:32:25.000Z
trackpoint,Monday Morning Walk,1,38.55154,-78.307441,898.5,2026-04-20T14:32:30.000Z
trackpoint,Monday Morning Walk,1,38.551538,-78.307426,899.4,2026-04-20T14:32:35.000Z
trackpoint,Monday Morning Walk,1,38.551528,-78.307431,899.7,2026-04-20T14:32:40.000Z
trackpoint,Monday Morning Walk,1,38.551528,-78.307437,899.7,2026-04-20T14:32:45.000Z
trackpoint,Monday Morning Walk,1,38.551545,-78.307441,900,2026-04-20T14:32:50.000Z
trackpoint,Monday Morning Walk,1,38.551542,-78.307427,900.5,2026-04-20T14:32:55.000Z
trackpoint,Monday Morning Walk,1,38.551543,-78.307421,900.4,2026-04-20T14:33:00.000Z
trackpoint,Monday Morning Walk,1,38.551537,-78.307424,900.5,2026-04-20T14:33:05.000Z
trackpoint,Monday Morning Walk,1,38.551515,-78.307442,900.6,2026-04-20T14:33:10.000Z
trackpoint,Monday Morning Walk,1,38.551507,-78.307441,900.6,2026-04-20T14:33:16.000Z
trackpoint,Monday Morning Walk,1,38.551507,-78.307437,900.6,2026-04-20T14:33:21.000Z
trackpoint,Monday Morning Walk,1,38.551502,-78.307432,900.6,2026-04-20T14:33:26.000Z
trackpoint,Monday Morning Walk,1,38.551497,-78.307416,900.9,2026-04-20T14:33:31.000Z
trackpoint,Monday Morning Walk,1,38.551495,-78.307404,901,2026-04-20T14:33:36.000Z
trackpoint,Monday Morning Walk,1,38.551498,-78.307392,901.2,2026-04-20T14:33:41.000Z
trackpoint,Monday Morning Walk,1,38.5515,-78.307419,901.3,2026-04-20T14:33:46.000Z
trackpoint,Monday Morning Walk,1,38.551493,-78.307466,901.5,2026-04-20T14:33:51.000Z
trackpoint,Monday Morning Walk,1,38.551482,-78.307511,902.1,2026-04-20T14:33:56.000Z
trackpoint,Monday Morning Walk,1,38.551473,-78.307541,903.2,2026-04-20T14:34:01.000Z
trackpoint,Monday Morning Walk,1,38.551442,-78.307584,904.1,2026-04-20T14:34:06.000Z
trackpoint,Monday Morning Walk,1,38.551425,-78.307602,905.3,2026-04-20T14:34:11.000Z
trackpoint,Monday Morning Walk,1,38.55144,-78.307649,905.7,2026-04-20T14:34:17.000Z
trackpoint,Monday Morning Walk,1,38.551427,-78.307669,906.1,2026-04-20T14:34:22.000Z
trackpoint,Monday Morning Walk,1,38.551425,-78.307724,906.1,2026-04-20T14:34:27.000Z
trackpoint,Monday Morning Walk,1,38.551433,-78.307777,905.8,2026-04-20T14:34:32.000Z
trackpoint,Monday Morning Walk,1,38.55141,-78.307811,905.9,2026-04-20T14:34:37.000Z
trackpoint,Monday Morning Walk,1,38.5514,-78.307866,905.5,2026-04-20T14:34:42.000Z
trackpoint,Monday Morning Walk,1,38.551383,-78.307881,905.6,2026-04-20T14:34:47.000Z
trackpoint,Monday Morning Walk,1,38.551375,-78.307911,905.7,2026-04-20T14:34:52.000Z
trackpoint,Monday Morning Walk,1,38.551373,-78.307944,906.2,2026-04-20T14:34:57.000Z
trackpoint,Monday Morning Walk,1,38.551373,-78.307939,906.6,2026-04-20T14:35:02.000Z
trackpoint,Monday Morning Walk,1,38.551362,-78.307949,907,2026-04-20T14:35:07.000Z
trackpoint,Monday Morning Walk,1,38.551363,-78.307996,908.6,2026-04-20T14:35:13.000Z
trackpoint,Monday Morning Walk,1,38.551375,-78.308046,909.4,2026-04-20T14:35:18.000Z
trackpoint,Monday Morning Walk,1,38.551367,-78.308122,910.6,2026-04-20T14:35:23.000Z
trackpoint,Monday Morning Walk,1,38.551368,-78.308182,911.8,2026-04-20T14:35:28.000Z
trackpoint,Monday Morning Walk,1,38.551358,-78.308217,912.9,2026-04-20T14:35:33.000Z
trackpoint,Monday Morning Walk,1,38.551362,-78.308241,913.8,2026-04-20T14:35:38.000Z
trackpoint,Monday Morning Walk,1,38.551365,-78.308302,914.3,2026-04-20T14:35:43.000Z
trackpoint,Monday Morning Walk,1,38.551382,-78.308391,915.4,2026-04-20T14:35:48.000Z
trackpoint,Monday Morning Walk,1,38.551382,-78.308447,916.8,2026-04-20T14:35:53.000Z
trackpoint,Monday Morning Walk,1,38.55138,-78.308501,917.8,2026-04-20T14:35:58.000Z
trackpoint,Monday Morning Walk,1,38.551382,-78.308549,919,2026-04-20T14:36:03.000Z
trackpoint,Monday Morning Walk,1,38.551402,-78.308596,919.6,2026-04-20T14:36:08.000Z
trackpoint,Monday Morning Walk,1,38.551423,-78.308621,920,2026-04-20T14:36:14.000Z
trackpoint,Monday Morning Walk,1,38.55143,-78.308649,920.5,2026-04-20T14:36:19.000Z
trackpoint,Monday Morning Walk,1,38.551433,-78.308692,920.6,2026-04-20T14:36:24.000Z
trackpoint,Monday Morning Walk,1,38.551453,-78.308744,920.9,2026-04-20T14:36:29.000Z
trackpoint,Monday Morning Walk,1,38.551472,-78.308811,921.4,2026-04-20T14:36:34.000Z
trackpoint,Monday Morning Walk,1,38.551478,-78.308854,921.4,2026-04-20T14:36:39.000Z
trackpoint,Monday Morning Walk,1,38.551477,-78.308866,921.4,2026-04-20T14:36:44.000Z
trackpoint,Monday Morning Walk,1,38.551468,-78.308879,921.5,2026-04-20T14:36:49.000Z
trackpoint,Monday Morning Walk,1,38.551448,-78.308889,921.9,2026-04-20T14:36:54.000Z
trackpoint,Monday Morning Walk,1,38.551443,-78.308891,922.3,2026-04-20T14:36:59.000Z
trackpoint,Monday Morning Walk,1,38.551437,-78.308921,923.1,2026-04-20T14:37:04.000Z
trackpoint,Monday Morning Walk,1,38.55143,-78.308952,923.8,2026-04-20T14:37:09.000Z
trackpoint,Monday Morning Walk,1,38.551413,-78.308986,924.2,2026-04-20T14:37:15.000Z
trackpoint,Monday Morning Walk,1,38.551422,-78.308986,924.5,2026-04-20T14:37:20.000Z
trackpoint,Monday Morning Walk,1,38.55142,-78.308982,924.7,2026-04-20T14:37:25.000Z
trackpoint,Monday Morning Walk,1,38.551423,-78.309024,925.2,2026-04-20T14:37:30.000Z
trackpoint,Monday Morning Walk,1,38.551393,-78.309069,927.7,2026-04-20T14:37:35.000Z
trackpoint,Monday Morning Walk,1,38.55138,-78.309099,930,2026-04-20T14:37:40.000Z
trackpoint,Monday Morning Walk,1,38.551365,-78.309114,930.3,2026-04-20T14:37:45.000Z
trackpoint,Monday Morning Walk,1,38.551365,-78.309121,930.3,2026-04-20T14:37:50.000Z
trackpoint,Monday Morning Walk,1,38.551367,-78.309116,930.2,2026-04-20T14:37:55.000Z
trackpoint,Monday Morning Walk,1,38.551385,-78.309134,930.1,2026-04-20T14:38:00.000Z
trackpoint,Monday Morning Walk,1,38.551395,-78.309152,930.1,2026-04-20T14:38:05.000Z
trackpoint,Monday Morning Walk,1,38.551402,-78.309186,930.2,2026-04-20T14:38:10.000Z
trackpoint,Monday Morning Walk,1,38.55142,-78.309206,930.6,2026-04-20T14:38:15.000Z
trackpoint,Monday Morning Walk,1,38.551437,-78.309231,930.8,2026-04-20T14:38:21.000Z
trackpoint,Monday Morning Walk,1,38.55144,-78.309286,930.8,2026-04-20T14:38:26.000Z
trackpoint,Monday Morning Walk,1,38.551435,-78.309326,930.8,2026-04-20T14:38:31.000Z
trackpoint,Monday Morning Walk,1,38.551428,-78.309339,931,2026-04-20T14:38:36.000Z
trackpoint,Monday Morning Walk,1,38.551412,-78.309376,931.1,2026-04-20T14:38:41.000Z
trackpoint,Monday Morning Walk,1,38.551413,-78.309359,931.4,2026-04-20T14:38:46.000Z
trackpoint,Monday Morning Walk,1,38.551417,-78.309387,931.7,2026-04-20T14:38:51.000Z
trackpoint,Monday Morning Walk,1,38.551417,-78.309424,933.2,2026-04-20T14:38:56.000Z
trackpoint,Monday Morning Walk,1,38.551445,-78.309434,934.4,2026-04-20T14:39:01.000Z
trackpoint,Monday Morning Walk,1,38.551447,-78.309452,935.5,2026-04-20T14:39:06.000Z
trackpoint,Monday Morning Walk,1,38.55145,-78.309451,935.9,2026-04-20T14:39:11.000Z
trackpoint,Monday Morning Walk,1,38.551462,-78.309469,936.5,2026-04-20T14:39:17.000Z
trackpoint,Monday Morning Walk,1,38.551448,-78.309484,937.1,2026-04-20T14:39:22.000Z
trackpoint,Monday Morning Walk,1,38.551445,-78.309479,937.4,2026-04-20T14:39:27.000Z
trackpoint,Monday Morning Walk,1,38.551433,-78.309486,937.7,2026-04-20T14:39:32.000Z
trackpoint,Monday Morning Walk,1,38.551452,-78.309477,937.7,2026-04-20T14:39:37.000Z
trackpoint,Monday Morning Walk,1,38.551488,-78.309491,937.6,2026-04-20T14:39:42.000Z
trackpoint,Monday Morning Walk,1,38.551493,-78.309496,937.3,2026-04-20T14:39:47.000Z
trackpoint,Monday Morning Walk,1,38.551473,-78.309504,936.4,2026-04-20T14:39:52.000Z
trackpoint,Monday Morning Walk,1,38.55146,-78.309529,936,2026-04-20T14:39:57.000Z
trackpoint,Monday Morning Walk,1,38.551443,-78.309546,935.8,2026-04-20T14:40:02.000Z
trackpoint,Monday Morning Walk,1,38.551437,-78.309549,935.9,2026-04-20T14:40:07.000Z
trackpoint,Monday Morning Walk,1,38.551413,-78.309552,936.2,2026-04-20T14:40:12.000Z
trackpoint,Monday Morning Walk,1,38.551403,-78.309547,936.3,2026-04-20T14:40:18.000Z
trackpoint,Monday Morning Walk,1,38.551407,-78.309562,936.4,2026-04-20T14:40:23.000Z
trackpoint,Monday Morning Walk,1,38.551395,-78.309576,936.5,2026-04-20T14:40:28.000Z
trackpoint,Monday Morning Walk,1,38.551377,-78.309562,936.4,2026-04-20T14:40:33.000Z
trackpoint,Monday Morning Walk,1,38.551368,-78.309554,936.6,2026-04-20T14:40:38.000Z
trackpoint,Monday Morning Walk,1,38.551357,-78.309601,937.2,2026-04-20T14:40:43.000Z
trackpoint,Monday Morning Walk,1,38.551362,-78.309629,937.9,2026-04-20T14:40:48.000Z
trackpoint,Monday Morning Walk,1,38.551347,-78.309641,938,2026-04-20T14:40:53.000Z
trackpoint,Monday Morning Walk,1,38.551338,-78.309637,938.3,2026-04-20T14:40:58.000Z
trackpoint,Monday Morning Walk,1,38.551337,-78.309651,939.1,2026-04-20T14:41:03.000Z
trackpoint,Monday Morning Walk,1,38.551357,-78.309652,939.8,2026-04-20T14:41:08.000Z
trackpoint,Monday Morning Walk,1,38.551355,-78.309654,939.8,2026-04-20T14:41:13.000Z
trackpoint,Monday Morning Walk,1,38.551347,-78.309657,939.9,2026-04-20T14:41:19.000Z
trackpoint,Monday Morning Walk,1,38.551343,-78.309649,939.9,2026-04-20T14:41:24.000Z
trackpoint,Monday Morning Walk,1,38.551342,-78.309651,939.9,2026-04-20T14:41:29.000Z
trackpoint,Monday Morning Walk,1,38.551337,-78.309642,939.9,2026-04-20T14:41:34.000Z
trackpoint,Monday Morning Walk,1,38.551345,-78.309646,940.1,2026-04-20T14:41:39.000Z
trackpoint,Monday Morning Walk,1,38.551332,-78.309632,940.5,2026-04-20T14:41:44.000Z
trackpoint,Monday Morning Walk,1,38.551315,-78.309621,940.7,2026-04-20T14:41:49.000Z
trackpoint,Monday Morning Walk,1,38.5513,-78.309571,940.7,2026-04-20T14:41:54.000Z
trackpoint,Monday Morning Walk,1,38.5513,-78.309569,940.6,2026-04-20T14:41:59.000Z
trackpoint,Monday Morning Walk,1,38.551307,-78.309581,940.7,2026-04-20T14:42:04.000Z
trackpoint,Monday Morning Walk,1,38.551313,-78.309616,940.9,2026-04-20T14:42:09.000Z
trackpoint,Monday Morning Walk,1,38.551312,-78.309606,941.3,2026-04-20T14:42:14.000Z
trackpoint,Monday Morning Walk,1,38.551317,-78.309606,941.2,2026-04-20T14:42:19.000Z
trackpoint,Monday Morning Walk,1,38.551328,-78.309627,941.9,2026-04-20T14:42:25.000Z
trackpoint,Monday Morning Walk,1,38.551318,-78.309616,941.9,2026-04-20T14:42:30.000Z
trackpoint,Monday Morning Walk,1,38.551327,-78.309667,942.4,2026-04-20T14:42:35.000Z
trackpoint,Monday Morning Walk,1,38.55132,-78.309719,942.8,2026-04-20T14:42:40.000Z
trackpoint,Monday Morning Walk,1,38.551302,-78.309767,942.4,2026-04-20T14:42:45.000Z
trackpoint,Monday Morning Walk,1,38.551312,-78.309781,941,2026-04-20T14:42:50.000Z
trackpoint,Monday Morning Walk,1,38.551315,-78.309801,940.2,2026-04-20T14:42:55.000Z
trackpoint,Monday Morning Walk,1,38.551317,-78.309762,940.1,2026-04-20T14:43:00.000Z
trackpoint,Monday Morning Walk,1,38.551323,-78.309751,939.9,2026-04-20T14:43:05.000Z
trackpoint,Monday Morning Walk,1,38.551323,-78.309742,939.8,2026-04-20T14:43:10.000Z
trackpoint,Monday Morning Walk,1,38.551323,-78.309706,940,2026-04-20T14:43:15.000Z
trackpoint,Monday Morning Walk,1,38.551343,-78.309709,940.4,2026-04-20T14:43:21.000Z
trackpoint,Monday Morning Walk,1,38.551343,-78.309717,940.5,2026-04-20T14:43:26.000Z
trackpoint,Monday Morning Walk,1,38.551333,-78.309716,940.4,2026-04-20T14:43:31.000Z
trackpoint,Monday Morning Walk,1,38.551333,-78.309716,940.3,2026-04-20T14:43:36.000Z
trackpoint,Monday Morning Walk,1,38.55133,-78.309714,940.3,2026-04-20T14:43:41.000Z
trackpoint,Monday Morning Walk,1,38.551337,-78.309712,940.6,2026-04-20T14:43:46.000Z
trackpoint,Monday Morning Walk,1,38.55133,-78.309697,940.6,2026-04-20T14:43:51.000Z
trackpoint,Monday Morning Walk,1,38.551352,-78.309719,940.6,2026-04-20T14:43:56.000Z
trackpoint,Monday Morning Walk,1,38.551362,-78.309747,940.7,2026-04-20T14:44:01.000Z
trackpoint,Monday Morning Walk,1,38.551358,-78.309786,940.6,2026-04-20T14:44:06.000Z
trackpoint,Monday Morning Walk,1,38.551338,-78.309816,941.1,2026-04-20T14:44:11.000Z
trackpoint,Monday Morning Walk,1,38.551335,-78.309814,941.1,2026-04-20T14:44:16.000Z
trackpoint,Monday Morning Walk,1,38.551325,-78.309784,940.9,2026-04-20T14:44:21.000Z
trackpoint,Monday Morning Walk,1,38.551315,-78.309767,941.3,2026-04-20T14:44:27.000Z
trackpoint,Monday Morning Walk,1,38.551307,-78.309786,941.7,2026-04-20T14:44:32.000Z
trackpoint,Monday Morning Walk,1,38.551293,-78.309804,941.8,2026-04-20T14:44:37.000Z
trackpoint,Monday Morning Walk,1,38.551305,-78.309799,942.9,2026-04-20T14:44:42.000Z
trackpoint,Monday Morning Walk,1,38.551305,-78.309804,944.1,2026-04-20T14:44:47.000Z
trackpoint,Monday Morning Walk,1,38.551305,-78.309819,944.7,2026-04-20T14:44:52.000Z
trackpoint,Monday Morning Walk,1,38.551297,-78.309817,944.8,2026-04-20T14:44:57.000Z
trackpoint,Monday Morning Walk,1,38.551288,-78.309819,945.3,2026-04-20T14:45:02.000Z
trackpoint,Monday Morning Walk,1,38.551273,-78.309836,945.4,2026-04-20T14:45:07.000Z
trackpoint,Monday Morning Walk,1,38.551268,-78.309836,945.5,2026-04-20T14:45:12.000Z
trackpoint,Monday Morning Walk,1,38.551243,-78.309832,945,2026-04-20T14:45:17.000Z
trackpoint,Monday Morning Walk,1,38.551232,-78.309854,944.3,2026-04-20T14:45:23.000Z
trackpoint,Monday Morning Walk,1,38.55119,-78.309866,943.7,2026-04-20T14:45:28.000Z
trackpoint,Monday Morning Walk,1,38.551138,-78.309866,943.2,2026-04-20T14:45:33.000Z
trackpoint,Monday Morning Walk,1,38.551107,-78.309899,943.3,2026-04-20T14:45:38.000Z
trackpoint,Monday Morning Walk,1,38.551115,-78.309927,943.8,2026-04-20T14:45:43.000Z
trackpoint,Monday Morning Walk,1,38.551142,-78.309942,944.9,2026-04-20T14:45:48.000Z
trackpoint,Monday Morning Walk,1,38.551122,-78.309986,945.6,2026-04-20T14:45:53.000Z
trackpoint,Monday Morning Walk,1,38.551107,-78.309984,946.5,2026-04-20T14:45:58.000Z
trackpoint,Monday Morning Walk,1,38.551107,-78.310022,947.6,2026-04-20T14:46:03.000Z
trackpoint,Monday Morning Walk,1,38.551103,-78.310039,948.7,2026-04-20T14:46:08.000Z
trackpoint,Monday Morning Walk,1,38.551068,-78.310077,949.4,2026-04-20T14:46:13.000Z
trackpoint,Monday Morning Walk,1,38.551077,-78.310067,950.4,2026-04-20T14:46:18.000Z
trackpoint,Monday Morning Walk,1,38.551077,-78.310082,950.8,2026-04-20T14:46:23.000Z
trackpoint,Monday Morning Walk,1,38.551088,-78.310106,951.3,2026-04-20T14:46:29.000Z
trackpoint,Monday Morning Walk,1,38.5511,-78.310169,952.2,2026-04-20T14:46:34.000Z
trackpoint,Monday Morning Walk,1,38.551118,-78.310194,953,2026-04-20T14:46:39.000Z
trackpoint,Monday Morning Walk,1,38.551132,-78.310214,954,2026-04-20T14:46:44.000Z
trackpoint,Monday Morning Walk,1,38.55114,-78.310207,954.1,2026-04-20T14:46:49.000Z
trackpoint,Monday Morning Walk,1,38.55117,-78.310229,954.8,2026-04-20T14:46:54.000Z
trackpoint,Monday Morning Walk,1,38.551172,-78.310244,955.6,2026-04-20T14:46:59.000Z
trackpoint,Monday Morning Walk,1,38.551173,-78.310262,956.6,2026-04-20T14:47:04.000Z
trackpoint,Monday Morning Walk,1,38.551175,-78.310271,957.2,2026-04-20T14:47:09.000Z
trackpoint,Monday Morning Walk,1,38.551187,-78.310269,958.5,2026-04-20T14:47:14.000Z
trackpoint,Monday Morning Walk,1,38.551198,-78.310281,959.8,2026-04-20T14:47:20.000Z
trackpoint,Monday Morning Walk,1,38.551215,-78.310276,959.6,2026-04-20T14:47:25.000Z
trackpoint,Monday Morning Walk,1,38.551223,-78.310294,959.9,2026-04-20T14:47:30.000Z
trackpoint,Monday Morning Walk,1,38.551243,-78.310307,960.4,2026-04-20T14:47:35.000Z
trackpoint,Monday Morning Walk,1,38.551257,-78.310316,960.5,2026-04-20T14:47:40.000Z
trackpoint,Monday Morning Walk,1,38.551272,-78.310306,960.1,2026-04-20T14:47:45.000Z
trackpoint,Monday Morning Walk,1,38.551293,-78.310339,960.3,2026-04-20T14:47:50.000Z
trackpoint,Monday Morning Walk,1,38.551295,-78.310382,960.9,2026-04-20T14:47:55.000Z
trackpoint,Monday Morning Walk,1,38.551313,-78.310412,961.1,2026-04-20T14:48:00.000Z
trackpoint,Monday Morning Walk,1,38.551323,-78.310457,961,2026-04-20T14:48:05.000Z
trackpoint,Monday Morning Walk,1,38.551322,-78.310479,961.2,2026-04-20T14:48:10.000Z
trackpoint,Monday Morning Walk,1,38.551335,-78.310497,961.5,2026-04-20T14:48:15.000Z
trackpoint,Monday Morning Walk,1,38.551377,-78.310502,961.2,2026-04-20T14:48:20.000Z
trackpoint,Monday Morning Walk,1,38.551378,-78.310497,961.1,2026-04-20T14:48:25.000Z
trackpoint,Monday Morning Walk,1,38.551395,-78.310499,961.5,2026-04-20T14:48:31.000Z
trackpoint,Monday Morning Walk,1,38.5514,-78.310506,962.1,2026-04-20T14:48:36.000Z
trackpoint,Monday Morning Walk,1,38.551407,-78.310504,963.2,2026-04-20T14:48:41.000Z
trackpoint,Monday Morning Walk,1,38.55141,-78.310501,963.6,2026-04-20T14:48:46.000Z
trackpoint,Monday Morning Walk,1,38.551415,-78.310494,963.6,2026-04-20T14:48:51.000Z
trackpoint,Monday Morning Walk,1,38.55141,-78.310494,963.5,2026-04-20T14:48:56.000Z
trackpoint,Monday Morning Walk,1,38.5514,-78.310486,963.5,2026-04-20T14:49:01.000Z
trackpoint,Monday Morning Walk,1,38.551403,-78.310486,963.5,2026-04-20T14:49:06.000Z
trackpoint,Monday Morning Walk,1,38.551403,-78.310482,963.4,2026-04-20T14:49:11.000Z
trackpoint,Monday Morning Walk,1,38.551402,-78.310477,963.4,2026-04-20T14:49:16.000Z
trackpoint,Monday Morning Walk,1,38.5514,-78.310474,963.4,2026-04-20T14:49:21.000Z
trackpoint,Monday Morning Walk,1,38.551398,-78.310469,963.4,2026-04-20T14:49:27.000Z
trackpoint,Monday Morning Walk,1,38.551398,-78.310472,963.4,2026-04-20T14:49:32.000Z
trackpoint,Monday Morning Walk,1,38.551395,-78.310471,963.3,2026-04-20T14:49:37.000Z
trackpoint,Monday Morning Walk,1,38.551397,-78.310466,963.3,2026-04-20T14:49:42.000Z
trackpoint,Monday Morning Walk,1,38.551395,-78.310464,963.4,2026-04-20T14:49:47.000Z
trackpoint,Monday Morning Walk,1,38.551395,-78.310462,963.4,2026-04-20T14:49:52.000Z
trackpoint,Monday Morning Walk,1,38.5514,-78.310467,963.4,2026-04-20T14:49:57.000Z
trackpoint,Monday Morning Walk,1,38.551402,-78.310481,963.3,2026-04-20T14:50:02.000Z
trackpoint,Monday Morning Walk,1,38.551408,-78.310487,963.3,2026-04-20T14:50:07.000Z
trackpoint,Monday Morning Walk,1,38.55141,-78.310481,963.4,2026-04-20T14:50:12.000Z
trackpoint,Monday Morning Walk,1,38.551415,-78.310507,963.5,2026-04-20T14:50:17.000Z
trackpoint,Monday Morning Walk,1,38.551415,-78.310567,963.1,2026-04-20T14:50:22.000Z
trackpoint,Monday Morning Walk,1,38.551438,-78.310616,963,2026-04-20T14:50:28.000Z
trackpoint,Monday Morning Walk,1,38.551465,-78.310607,963.1,2026-04-20T14:50:34.000Z
trackpoint,Monday Morning Walk,1,38.551485,-78.310607,962.6,2026-04-20T14:50:39.000Z
trackpoint,Monday Morning Walk,1,38.55148,-78.310624,962.4,2026-04-20T14:50:44.000Z
trackpoint,Monday Morning Walk,1,38.551482,-78.310641,962.4,2026-04-20T14:50:49.000Z
trackpoint,Monday Morning Walk,1,38.551493,-78.310651,962.3,2026-04-20T14:50:54.000Z
trackpoint,Monday Morning Walk,1,38.551495,-78.310647,962.4,2026-04-20T14:50:59.000Z
trackpoint,Monday Morning Walk,1,38.5515,-78.310649,962.4,2026-04-20T14:51:04.000Z
trackpoint,Monday Morning Walk,1,38.551497,-78.310674,962.7,2026-04-20T14:51:09.000Z
trackpoint,Monday Morning Walk,1,38.551503,-78.310687,962.8,2026-04-20T14:51:14.000Z
trackpoint,Monday Morning Walk,1,38.551512,-78.310684,963,2026-04-20T14:51:19.000Z
trackpoint,Monday Morning Walk,1,38.551523,-78.310674,963.1,2026-04-20T14:51:25.000Z
trackpoint,Monday Morning Walk,1,38.5515,-78.310656,963.2,2026-04-20T14:51:31.000Z
trackpoint,Monday Morning Walk,1,38.551493,-78.310652,963.2,2026-04-20T14:51:36.000Z
trackpoint,Monday Morning Walk,1,38.551477,-78.310684,963.2,2026-04-20T14:51:41.000Z
trackpoint,Monday Morning Walk,1,38.551518,-78.310647,963.3,2026-04-20T14:51:46.000Z
trackpoint,Monday Morning Walk,1,38.551542,-78.310602,963.3,2026-04-20T14:51:51.000Z
trackpoint,Monday Morning Walk,1,38.551585,-78.310701,963.6,2026-04-20T14:52:00.000Z
trackpoint,Monday Morning Walk,1,38.551588,-78.310741,962.2,2026-04-20T14:52:06.000Z
trackpoint,Monday Morning Walk,1,38.551588,-78.310741,962.1,2026-04-20T14:52:11.000Z
trackpoint,Monday Morning Walk,1,38.551588,-78.310744,962.1,2026-04-20T14:52:16.000Z
trackpoint,Monday Morning Walk,1,38.55159,-78.310744,962.1,2026-04-20T14:52:21.000Z
trackpoint,Monday Morning Walk,1,38.551595,-78.310744,962.2,2026-04-20T14:52:26.000Z
trackpoint,Monday Morning Walk,1,38.551592,-78.310754,962.6,2026-04-20T14:52:31.000Z
trackpoint,Monday Morning Walk,1,38.551588,-78.310762,962.6,2026-04-20T14:52:37.000Z
trackpoint,Monday Morning Walk,1,38.551583,-78.310757,962.6,2026-04-20T14:52:42.000Z
trackpoint,Monday Morning Walk,1,38.551557,-78.310766,962,2026-04-20T14:52:47.000Z
trackpoint,Monday Morning Walk,1,38.551553,-78.310746,961.6,2026-04-20T14:52:52.000Z
trackpoint,Monday Morning Walk,1,38.55154,-78.310729,961.4,2026-04-20T14:52:57.000Z
trackpoint,Monday Morning Walk,1,38.551543,-78.310739,961.4,2026-04-20T14:53:02.000Z
trackpoint,Monday Morning Walk,1,38.551537,-78.310786,961.2,2026-04-20T14:53:07.000Z
trackpoint,Monday Morning Walk,1,38.551522,-78.310804,960.7,2026-04-20T14:53:12.000Z
trackpoint,Monday Morning Walk,1,38.551527,-78.310817,960.8,2026-04-20T14:53:17.000Z
trackpoint,Monday Morning Walk,1,38.551503,-78.310844,961.1,2026-04-20T14:53:22.000Z
trackpoint,Monday Morning Walk,1,38.551517,-78.310859,961.9,2026-04-20T14:53:27.000Z
trackpoint,Monday Morning Walk,1,38.551538,-78.310856,962.7,2026-04-20T14:53:33.000Z
trackpoint,Monday Morning Walk,1,38.551547,-78.310864,962.5,2026-04-20T14:53:38.000Z
trackpoint,Monday Morning Walk,1,38.551543,-78.310866,962.2,2026-04-20T14:53:43.000Z
trackpoint,Monday Morning Walk,1,38.551538,-78.310857,962,2026-04-20T14:53:48.000Z
trackpoint,Monday Morning Walk,1,38.551537,-78.310854,962,2026-04-20T14:53:53.000Z
trackpoint,Monday Morning Walk,1,38.551538,-78.310861,962,2026-04-20T14:53:58.000Z
trackpoint,Monday Morning Walk,1,38.55154,-78.310867,962.1,2026-04-20T14:54:03.000Z
trackpoint,Monday Morning Walk,1,38.551542,-78.310866,962,2026-04-20T14:54:08.000Z
trackpoint,Monday Morning Walk,1,38.551545,-78.310862,962.1,2026-04-20T14:54:13.000Z
trackpoint,Monday Morning Walk,1,38.551542,-78.310856,962.1,2026-04-20T14:54:18.000Z
trackpoint,Monday Morning Walk,1,38.551545,-78.310852,961.8,2026-04-20T14:54:23.000Z
trackpoint,Monday Morning Walk,1,38.551538,-78.310852,961,2026-04-20T14:54:28.000Z
trackpoint,Monday Morning Walk,1,38.551533,-78.310854,961,2026-04-20T14:54:34.000Z
trackpoint,Monday Morning Walk,1,38.551518,-78.310847,961,2026-04-20T14:54:39.000Z
trackpoint,Monday Morning Walk,1,38.551513,-78.310841,961,2026-04-20T14:54:44.000Z
trackpoint,Monday Morning Walk,1,38.551512,-78.310844,961,2026-04-20T14:54:49.000Z
trackpoint,Monday Morning Walk,1,38.551512,-78.310847,960.9,2026-04-20T14:54:54.000Z
trackpoint,Monday Morning Walk,1,38.551508,-78.310869,961,2026-04-20T14:54:59.000Z
trackpoint,Monday Morning Walk,1,38.551497,-78.310912,960.9,2026-04-20T14:55:04.000Z
trackpoint,Monday Morning Walk,1,38.551493,-78.310931,960.9,2026-04-20T14:55:09.000Z
trackpoint,Monday Morning Walk,1,38.551477,-78.310939,960.8,2026-04-20T14:55:14.000Z
trackpoint,Monday Morning Walk,1,38.551453,-78.310964,960.7,2026-04-20T14:55:19.000Z
trackpoint,Monday Morning Walk,1,38.551425,-78.311009,961.1,2026-04-20T14:55:24.000Z
trackpoint,Monday Morning Walk,1,38.551438,-78.311029,961.5,2026-04-20T14:55:30.000Z
trackpoint,Monday Morning Walk,1,38.551442,-78.311089,962,2026-04-20T14:55:35.000Z
trackpoint,Monday Morning Walk,1,38.55142,-78.311152,962.7,2026-04-20T14:55:40.000Z
trackpoint,Monday Morning Walk,1,38.55141,-78.311186,963.9,2026-04-20T14:55:45.000Z
trackpoint,Monday Morning Walk,1,38.551443,-78.311212,965.1,2026-04-20T14:55:50.000Z
trackpoint,Monday Morning Walk,1,38.55149,-78.311244,966,2026-04-20T14:55:55.000Z
trackpoint,Monday Morning Walk,1,38.551507,-78.311252,966.7,2026-04-20T14:56:00.000Z
trackpoint,Monday Morning Walk,1,38.551515,-78.311262,966.6,2026-04-20T14:56:05.000Z
trackpoint,Monday Morning Walk,1,38.551515,-78.311262,966.4,2026-04-20T14:56:10.000Z
trackpoint,Monday Morning Walk,1,38.551525,-78.311282,966.2,2026-04-20T14:56:15.000Z
trackpoint,Monday Morning Walk,1,38.551553,-78.311292,965.6,2026-04-20T14:56:20.000Z
trackpoint,Monday Morning Walk,1,38.551562,-78.311302,965.1,2026-04-20T14:56:25.000Z
trackpoint,Monday Morning Walk,1,38.551558,-78.311344,964.9,2026-04-20T14:56:31.000Z
trackpoint,Monday Morning Walk,1,38.551565,-78.311367,964.6,2026-04-20T14:56:37.000Z
trackpoint,Monday Morning Walk,1,38.551567,-78.311362,964.7,2026-04-20T14:56:42.000Z
trackpoint,Monday Morning Walk,1,38.551582,-78.311376,964.8,2026-04-20T14:56:47.000Z
trackpoint,Monday Morning Walk,1,38.551585,-78.311377,964.8,2026-04-20T14:56:52.000Z
trackpoint,Monday Morning Walk,1,38.551587,-78.311381,964.7,2026-04-20T14:56:57.000Z
trackpoint,Monday Morning Walk,1,38.551588,-78.311389,964.7,2026-04-20T14:57:02.000Z
trackpoint,Monday Morning Walk,1,38.551588,-78.311391,964.7,2026-04-20T14:57:07.000Z
trackpoint,Monday Morning Walk,1,38.551593,-78.311391,964.6,2026-04-20T14:57:12.000Z
trackpoint,Monday Morning Walk,1,38.551595,-78.311389,964.7,2026-04-20T14:57:17.000Z
trackpoint,Monday Morning Walk,1,38.551598,-78.311382,964.8,2026-04-20T14:57:22.000Z
trackpoint,Monday Morning Walk,1,38.551595,-78.311382,965,2026-04-20T14:57:27.000Z
trackpoint,Monday Morning Walk,1,38.551597,-78.311401,964.7,2026-04-20T14:57:33.000Z
trackpoint,Monday Morning Walk,1,38.551597,-78.311412,964.8,2026-04-20T14:57:38.000Z
trackpoint,Monday Morning Walk,1,38.551592,-78.311417,964.8,2026-04-20T14:57:43.000Z
trackpoint,Monday Morning Walk,1,38.551587,-78.311414,964.7,2026-04-20T14:57:48.000Z
trackpoint,Monday Morning Walk,1,38.55159,-78.311401,964.7,2026-04-20T14:57:53.000Z
trackpoint,Monday Morning Walk,1,38.551587,-78.311401,964.6,2026-04-20T14:57:58.000Z
trackpoint,Monday Morning Walk,1,38.55159,-78.311399,964.7,2026-04-20T14:58:03.000Z
trackpoint,Monday Morning Walk,1,38.551597,-78.311402,964.6,2026-04-20T14:58:08.000Z
trackpoint,Monday Morning Walk,1,38.551598,-78.311404,964.5,2026-04-20T14:58:13.000Z
trackpoint,Monday Morning Walk,1,38.551597,-78.311404,964.6,2026-04-20T14:58:18.000Z
trackpoint,Monday Morning Walk,1,38.5516,-78.311402,964.6,2026-04-20T14:58:23.000Z
trackpoint,Monday Morning Walk,1,38.551595,-78.311419,964.5,2026-04-20T14:58:29.000Z
trackpoint,Monday Morning Walk,1,38.551588,-78.311426,964.5,2026-04-20T14:58:34.000Z
trackpoint,Monday Morning Walk,1,38.551587,-78.311429,964.5,2026-04-20T14:58:39.000Z
trackpoint,Monday Morning Walk,1,38.551572,-78.311442,964.5,2026-04-20T14:58:44.000Z
trackpoint,Monday Morning Walk,1,38.55156,-78.311449,964.5,2026-04-20T14:58:49.000Z
trackpoint,Monday Morning Walk,1,38.551555,-78.311456,964.5,2026-04-20T14:58:54.000Z
trackpoint,Monday Morning Walk,1,38.551547,-78.311466,964.5,2026-04-20T14:58:59.000Z
trackpoint,Monday Morning Walk,1,38.551547,-78.311469,964.5,2026-04-20T14:59:04.000Z
trackpoint,Monday Morning Walk,1,38.551545,-78.311466,964.6,2026-04-20T14:59:09.000Z
trackpoint,Monday Morning Walk,1,38.551542,-78.311476,964.2,2026-04-20T14:59:14.000Z
trackpoint,Monday Morning Walk,1,38.55154,-78.311474,964.3,2026-04-20T14:59:19.000Z
trackpoint,Monday Morning Walk,1,38.551543,-78.311472,964.5,2026-04-20T14:59:24.000Z
trackpoint,Monday Morning Walk,1,38.551532,-78.311476,964.5,2026-04-20T14:59:29.000Z
trackpoint,Monday Morning Walk,1,38.551528,-78.311481,964.4,2026-04-20T14:59:35.000Z
trackpoint,Monday Morning Walk,1,38.55152,-78.311476,964.4,2026-04-20T14:59:40.000Z
trackpoint,Monday Morning Walk,1,38.551493,-78.311496,964.6,2026-04-20T14:59:45.000Z
trackpoint,Monday Morning Walk,1,38.551487,-78.311497,964.6,2026-04-20T14:59:50.000Z
trackpoint,Monday Morning Walk,1,38.55148,-78.311506,964.6,2026-04-20T14:59:55.000Z
trackpoint,Monday Morning Walk,1,38.551475,-78.311512,964.6,2026-04-20T15:00:00.000Z
trackpoint,Monday Morning Walk,1,38.55149,-78.311522,964.8,2026-04-20T15:00:05.000Z
trackpoint,Monday Morning Walk,1,38.551507,-78.311524,964.9,2026-04-20T15:00:10.000Z
trackpoint,Monday Morning Walk,1,38.551508,-78.311527,964.9,2026-04-20T15:00:15.000Z
trackpoint,Monday Morning Walk,1,38.551512,-78.311534,965,2026-04-20T15:00:20.000Z
trackpoint,Monday Morning Walk,1,38.551507,-78.311544,965,2026-04-20T15:00:25.000Z
trackpoint,Monday Morning Walk,1,38.551502,-78.311539,965.1,2026-04-20T15:00:30.000Z
trackpoint,Monday Morning Walk,1,38.551522,-78.311546,965.2,2026-04-20T15:00:36.000Z
trackpoint,Monday Morning Walk,1,38.551522,-78.311537,965.3,2026-04-20T15:00:40.000Z
trackpoint,Monday Morning Walk,1,38.551527,-78.311544,965.3,2026-04-20T15:00:46.000Z
trackpoint,Monday Morning Walk,1,38.551532,-78.311554,965.2,2026-04-20T15:00:51.000Z
trackpoint,Monday Morning Walk,1,38.55153,-78.311561,965.1,2026-04-20T15:00:56.000Z
trackpoint,Monday Morning Walk,1,38.551527,-78.311584,964.8,2026-04-20T15:01:01.000Z
trackpoint,Monday Morning Walk,1,38.551532,-78.311596,964.6,2026-04-20T15:01:06.000Z
trackpoint,Monday Morning Walk,1,38.55155,-78.311579,964.6,2026-04-20T15:01:11.000Z
trackpoint,Monday Morning Walk,1,38.55156,-78.311581,964.7,2026-04-20T15:01:16.000Z
trackpoint,Monday Morning Walk,1,38.551558,-78.311579,964.7,2026-04-20T15:01:21.000Z
trackpoint,Monday Morning Walk,1,38.551548,-78.311569,964.8,2026-04-20T15:01:26.000Z
trackpoint,Monday Morning Walk,1,38.551537,-78.311569,965,2026-04-20T15:01:31.000Z
trackpoint,Monday Morning Walk,1,38.55155,-78.311577,964.9,2026-04-20T15:01:37.000Z
trackpoint,Monday Morning Walk,1,38.551565,-78.311594,964.7,2026-04-20T15:01:42.000Z
trackpoint,Monday Morning Walk,1,38.551565,-78.311592,964.6,2026-04-20T15:01:47.000Z
trackpoint,Monday Morning Walk,1,38.551577,-78.311607,964.6,2026-04-20T15:01:52.000Z
trackpoint,Monday Morning Walk,1,38.55158,-78.311617,964.6,2026-04-20T15:01:57.000Z
trackpoint,Monday Morning Walk,1,38.551578,-78.311619,964.5,2026-04-20T15:02:02.000Z
trackpoint,Monday Morning Walk,1,38.55158,-78.311631,964.7,2026-04-20T15:02:07.000Z
trackpoint,Monday Morning Walk,1,38.551565,-78.311639,964.7,2026-04-20T15:02:12.000Z
trackpoint,Monday Morning Walk,1,38.551552,-78.311676,964.7,2026-04-20T15:02:17.000Z
trackpoint,Monday Morning Walk,1,38.551563,-78.311692,964.7,2026-04-20T15:02:22.000Z
trackpoint,Monday Morning Walk,1,38.551567,-78.311699,964.7,2026-04-20T15:02:27.000Z
trackpoint,Monday Morning Walk,1,38.551567,-78.311691,964.7,2026-04-20T15:02:32.000Z
trackpoint,Monday Morning Walk,1,38.551563,-78.311691,964.8,2026-04-20T15:02:38.000Z
trackpoint,Monday Morning Walk,1,38.551565,-78.311694,964.9,2026-04-20T15:02:43.000Z
trackpoint,Monday Morning Walk,1,38.551567,-78.311692,964.9,2026-04-20T15:02:48.000Z
trackpoint,Monday Morning Walk,1,38.551567,-78.311686,964.9,2026-04-20T15:02:53.000Z
trackpoint,Monday Morning Walk,1,38.55157,-78.311691,964.9,2026-04-20T15:02:58.000Z
trackpoint,Monday Morning Walk,1,38.551565,-78.311682,965,2026-04-20T15:03:03.000Z
trackpoint,Monday Morning Walk,1,38.551563,-78.311672,965,2026-04-20T15:03:08.000Z
trackpoint,Monday Morning Walk,1,38.55157,-78.311672,965.2,2026-04-20T15:03:13.000Z
trackpoint,Monday Morning Walk,1,38.551598,-78.311691,965.4,2026-04-20T15:03:18.000Z
trackpoint,Monday Morning Walk,1,38.551603,-78.311721,965.3,2026-04-20T15:03:23.000Z
trackpoint,Monday Morning Walk,1,38.551607,-78.311756,965,2026-04-20T15:03:28.000Z
trackpoint,Monday Morning Walk,1,38.55161,-78.311766,964.9,2026-04-20T15:03:33.000Z
trackpoint,Monday Morning Walk,1,38.551582,-78.311779,964.9,2026-04-20T15:03:39.000Z
trackpoint,Monday Morning Walk,1,38.551547,-78.311839,965,2026-04-20T15:03:44.000Z
trackpoint,Monday Morning Walk,1,38.551525,-78.311846,964.8,2026-04-20T15:03:49.000Z
trackpoint,Monday Morning Walk,1,38.55153,-78.311824,965.3,2026-04-20T15:03:54.000Z
trackpoint,Monday Morning Walk,1,38.55153,-78.311814,965.4,2026-04-20T15:03:59.000Z
trackpoint,Monday Morning Walk,1,38.55153,-78.311812,965.3,2026-04-20T15:04:04.000Z
trackpoint,Monday Morning Walk,1,38.551532,-78.311806,965.1,2026-04-20T15:04:09.000Z
trackpoint,Monday Morning Walk,1,38.551537,-78.311801,965.1,2026-04-20T15:04:14.000Z
trackpoint,Monday Morning Walk,1,38.551533,-78.311797,965.1,2026-04-20T15:04:19.000Z
trackpoint,Monday Morning Walk,1,38.551532,-78.311791,965,2026-04-20T15:04:24.000Z
trackpoint,Monday Morning Walk,1,38.551527,-78.311807,965.1,2026-04-20T15:04:29.000Z
trackpoint,Monday Morning Walk,1,38.551517,-78.311861,965.2,2026-04-20T15:04:34.000Z
trackpoint,Monday Morning Walk,1,38.55151,-78.311899,965.6,2026-04-20T15:04:40.000Z
trackpoint,Monday Morning Walk,1,38.551492,-78.311901,965.9,2026-04-20T15:04:45.000Z
trackpoint,Monday Morning Walk,1,38.551482,-78.311911,966,2026-04-20T15:04:50.000Z
trackpoint,Monday Morning Walk,1,38.55148,-78.311901,966.1,2026-04-20T15:04:55.000Z
trackpoint,Monday Morning Walk,1,38.55149,-78.311894,966.1,2026-04-20T15:05:00.000Z
trackpoint,Monday Morning Walk,1,38.551498,-78.311897,966.1,2026-04-20T15:05:05.000Z
trackpoint,Monday Morning Walk,1,38.5515,-78.311902,966,2026-04-20T15:05:10.000Z
trackpoint,Monday Morning Walk,1,38.551502,-78.311916,966,2026-04-20T15:05:15.000Z
trackpoint,Monday Morning Walk,1,38.5515,-78.311934,965.9,2026-04-20T15:05:20.000Z
trackpoint,Monday Morning Walk,1,38.551493,-78.311949,965.9,2026-04-20T15:05:25.000Z
trackpoint,Monday Morning Walk,1,38.551492,-78.311974,965.9,2026-04-20T15:05:30.000Z
trackpoint,Monday Morning Walk,1,38.551477,-78.311976,966.2,2026-04-20T15:05:36.000Z
trackpoint,Monday Morning Walk,1,38.551472,-78.311954,966.1,2026-04-20T15:05:41.000Z
trackpoint,Monday Morning Walk,1,38.551493,-78.311986,964.5,2026-04-20T15:05:46.000Z
trackpoint,Monday Morning Walk,1,38.55149,-78.311977,964.4,2026-04-20T15:05:51.000Z
trackpoint,Monday Morning Walk,1,38.551482,-78.311979,964,2026-04-20T15:05:56.000Z
trackpoint,Monday Morning Walk,1,38.551458,-78.311984,963.9,2026-04-20T15:06:01.000Z
trackpoint,Monday Morning Walk,1,38.551437,-78.312004,964.3,2026-04-20T15:06:06.000Z
trackpoint,Monday Morning Walk,1,38.551413,-78.312019,963.8,2026-04-20T15:06:11.000Z
trackpoint,Monday Morning Walk,1,38.551422,-78.312027,963.7,2026-04-20T15:06:16.000Z
trackpoint,Monday Morning Walk,1,38.551433,-78.312021,964.1,2026-04-20T15:06:21.000Z
trackpoint,Monday Morning Walk,1,38.551448,-78.312019,963.6,2026-04-20T15:06:26.000Z
trackpoint,Monday Morning Walk,1,38.551465,-78.312031,963.6,2026-04-20T15:06:31.000Z
trackpoint,Monday Morning Walk,1,38.551468,-78.312034,963.5,2026-04-20T15:06:36.000Z
trackpoint,Monday Morning Walk,1,38.551468,-78.312061,963.3,2026-04-20T15:06:42.000Z
trackpoint,Monday Morning Walk,1,38.551463,-78.312096,963.1,2026-04-20T15:06:47.000Z
trackpoint,Monday Morning Walk,1,38.551465,-78.312116,963,2026-04-20T15:06:52.000Z
trackpoint,Monday Morning Walk,1,38.551465,-78.312116,963,2026-04-20T15:06:57.000Z
trackpoint,Monday Morning Walk,1,38.551457,-78.312142,963,2026-04-20T15:07:02.000Z
trackpoint,Monday Morning Walk,1,38.551457,-78.312141,962.9,2026-04-20T15:07:07.000Z
trackpoint,Monday Morning Walk,1,38.55145,-78.312154,962.7,2026-04-20T15:07:12.000Z
trackpoint,Monday Morning Walk,1,38.551447,-78.312174,962.5,2026-04-20T15:07:17.000Z
trackpoint,Monday Morning Walk,1,38.551447,-78.312177,962.5,2026-04-20T15:07:22.000Z
trackpoint,Monday Morning Walk,1,38.55145,-78.312187,962.4,2026-04-20T15:07:27.000Z
trackpoint,Monday Morning Walk,1,38.551423,-78.312192,963.1,2026-04-20T15:07:37.000Z
trackpoint,Monday Morning Walk,1,38.551402,-78.312227,963.7,2026-04-20T15:07:43.000Z
trackpoint,Monday Morning Walk,1,38.551405,-78.312246,964.2,2026-04-20T15:07:48.000Z
trackpoint,Monday Morning Walk,1,38.551383,-78.312304,964.9,2026-04-20T15:07:53.000Z
trackpoint,Monday Morning Walk,1,38.551395,-78.312311,965.5,2026-04-20T15:07:58.000Z
trackpoint,Monday Morning Walk,1,38.55142,-78.312332,966.2,2026-04-20T15:08:03.000Z
trackpoint,Monday Morning Walk,1,38.551453,-78.312332,967,2026-04-20T15:08:08.000Z
trackpoint,Monday Morning Walk,1,38.551482,-78.312357,967.4,2026-04-20T15:08:13.000Z
trackpoint,Monday Morning Walk,1,38.55152,-78.312381,968.9,2026-04-20T15:08:18.000Z
trackpoint,Monday Morning Walk,1,38.551532,-78.312414,969.9,2026-04-20T15:08:23.000Z
trackpoint,Monday Morning Walk,1,38.551555,-78.312424,970.1,2026-04-20T15:08:28.000Z
trackpoint,Monday Morning Walk,1,38.551552,-78.312427,970.4,2026-04-20T15:08:33.000Z
trackpoint,Monday Morning Walk,1,38.551545,-78.312464,970.7,2026-04-20T15:08:38.000Z
trackpoint,Monday Morning Walk,1,38.551535,-78.312526,969.6,2026-04-20T15:08:44.000Z
trackpoint,Monday Morning Walk,1,38.551518,-78.312549,968.9,2026-04-20T15:08:49.000Z
trackpoint,Monday Morning Walk,1,38.551495,-78.312551,968.5,2026-04-20T15:08:54.000Z
trackpoint,Monday Morning Walk,1,38.551482,-78.312562,968.8,2026-04-20T15:08:59.000Z
trackpoint,Monday Morning Walk,1,38.551455,-78.312576,969.5,2026-04-20T15:09:04.000Z
trackpoint,Monday Morning Walk,1,38.551427,-78.312606,970,2026-04-20T15:09:09.000Z
trackpoint,Monday Morning Walk,1,38.551397,-78.312641,970.5,2026-04-20T15:09:14.000Z
trackpoint,Monday Morning Walk,1,38.551372,-78.312672,971.8,2026-04-20T15:09:19.000Z
trackpoint,Monday Morning Walk,1,38.551352,-78.312709,973.1,2026-04-20T15:09:24.000Z
trackpoint,Monday Morning Walk,1,38.551353,-78.312772,972.8,2026-04-20T15:09:29.000Z
trackpoint,Monday Morning Walk,1,38.551342,-78.312817,973.6,2026-04-20T15:09:34.000Z
trackpoint,Monday Morning Walk,1,38.55132,-78.312852,973.7,2026-04-20T15:09:39.000Z
trackpoint,Monday Morning Walk,1,38.551297,-78.312891,973.6,2026-04-20T15:09:45.000Z
trackpoint,Monday Morning Walk,1,38.55128,-78.312922,973.6,2026-04-20T15:09:50.000Z
trackpoint,Monday Morning Walk,1,38.551278,-78.312942,973.9,2026-04-20T15:09:55.000Z
trackpoint,Monday Morning Walk,1,38.551283,-78.312954,974.9,2026-04-20T15:10:00.000Z
trackpoint,Monday Morning Walk,1,38.551267,-78.312972,975.5,2026-04-20T15:10:05.000Z
trackpoint,Monday Morning Walk,1,38.551268,-78.312996,976.2,2026-04-20T15:10:10.000Z
trackpoint,Monday Morning Walk,1,38.551262,-78.313021,976.2,2026-04-20T15:10:15.000Z
trackpoint,Monday Morning Walk,1,38.551303,-78.313022,976,2026-04-20T15:10:20.000Z
trackpoint,Monday Morning Walk,1,38.551307,-78.313011,976.4,2026-04-20T15:10:25.000Z
trackpoint,Monday Morning Walk,1,38.551302,-78.313014,976.8,2026-04-20T15:10:30.000Z
trackpoint,Monday Morning Walk,1,38.551268,-78.313032,977.4,2026-04-20T15:10:35.000Z
trackpoint,Monday Morning Walk,1,38.551283,-78.313051,978.3,2026-04-20T15:10:41.000Z
trackpoint,Monday Morning Walk,1,38.551288,-78.313071,978.6,2026-04-20T15:10:46.000Z
trackpoint,Monday Morning Walk,1,38.551285,-78.313072,978.9,2026-04-20T15:10:51.000Z
trackpoint,Monday Morning Walk,1,38.55129,-78.313071,979,2026-04-20T15:10:56.000Z
trackpoint,Monday Morning Walk,1,38.551292,-78.313084,979.1,2026-04-20T15:11:01.000Z
trackpoint,Monday Morning Walk,1,38.551297,-78.313107,979.4,2026-04-20T15:11:06.000Z
trackpoint,Monday Morning Walk,1,38.55133,-78.313127,979.6,2026-04-20T15:11:11.000Z
trackpoint,Monday Morning Walk,1,38.551372,-78.313117,980,2026-04-20T15:11:16.000Z
trackpoint,Monday Morning Walk,1,38.551395,-78.313154,980.3,2026-04-20T15:11:21.000Z
trackpoint,Monday Morning Walk,1,38.551423,-78.313142,980.8,2026-04-20T15:11:26.000Z
trackpoint,Monday Morning Walk,1,38.551445,-78.313166,981.3,2026-04-20T15:11:31.000Z
trackpoint,Monday Morning Walk,1,38.551448,-78.313246,981.6,2026-04-20T15:11:36.000Z
trackpoint,Monday Morning Walk,1,38.551447,-78.313316,981.1,2026-04-20T15:11:41.000Z
trackpoint,Monday Morning Walk,1,38.551437,-78.313372,981,2026-04-20T15:11:47.000Z
trackpoint,Monday Morning Walk,1,38.551412,-78.313406,980.7,2026-04-20T15:11:52.000Z
trackpoint,Monday Morning Walk,1,38.551415,-78.313439,980.9,2026-04-20T15:11:57.000Z
trackpoint,Monday Morning Walk,1,38.5514,-78.313481,981.1,2026-04-20T15:12:02.000Z
trackpoint,Monday Morning Walk,1,38.551405,-78.313519,981.4,2026-04-20T15:12:07.000Z
trackpoint,Monday Morning Walk,1,38.551403,-78.313539,981.9,2026-04-20T15:12:12.000Z
trackpoint,Monday Morning Walk,1,38.551385,-78.313541,982.9,2026-04-20T15:12:17.000Z
trackpoint,Monday Morning Walk,1,38.551368,-78.313519,984.1,2026-04-20T15:12:22.000Z
trackpoint,Monday Morning Walk,1,38.551367,-78.313522,984.5,2026-04-20T15:12:27.000Z
trackpoint,Monday Morning Walk,1,38.551372,-78.313511,985.5,2026-04-20T15:12:32.000Z
trackpoint,Monday Morning Walk,1,38.55136,-78.313574,986.8,2026-04-20T15:12:37.000Z
trackpoint,Monday Morning Walk,1,38.551357,-78.313596,987.2,2026-04-20T15:12:43.000Z
trackpoint,Monday Morning Walk,1,38.551365,-78.313559,987.9,2026-04-20T15:12:48.000Z
trackpoint,Monday Morning Walk,1,38.551365,-78.313564,988.1,2026-04-20T15:12:53.000Z
trackpoint,Monday Morning Walk,1,38.551358,-78.313549,988.3,2026-04-20T15:12:58.000Z
trackpoint,Monday Morning Walk,1,38.551365,-78.313551,988.2,2026-04-20T15:13:03.000Z
trackpoint,Monday Morning Walk,1,38.551365,-78.313544,988.1,2026-04-20T15:13:08.000Z
trackpoint,Monday Morning Walk,1,38.551378,-78.313564,987.6,2026-04-20T15:13:13.000Z
trackpoint,Monday Morning Walk,1,38.551383,-78.313566,986.6,2026-04-20T15:13:18.000Z
trackpoint,Monday Morning Walk,1,38.551388,-78.313572,986.4,2026-04-20T15:13:23.000Z
trackpoint,Monday Morning Walk,1,38.551383,-78.313592,986,2026-04-20T15:13:28.000Z
trackpoint,Monday Morning Walk,1,38.551383,-78.313599,985.9,2026-04-20T15:13:33.000Z
trackpoint,Monday Morning Walk,1,38.551393,-78.313606,986,2026-04-20T15:13:38.000Z
trackpoint,Monday Morning Walk,1,38.551397,-78.313599,986,2026-04-20T15:13:43.000Z
trackpoint,Monday Morning Walk,1,38.551385,-78.313591,986.1,2026-04-20T15:13:49.000Z
trackpoint,Monday Morning Walk,1,38.551385,-78.313582,986.2,2026-04-20T15:13:54.000Z
trackpoint,Monday Morning Walk,1,38.551387,-78.313592,985.9,2026-04-20T15:13:59.000Z
trackpoint,Monday Morning Walk,1,38.551392,-78.313601,986,2026-04-20T15:14:04.000Z
trackpoint,Monday Morning Walk,1,38.551383,-78.313611,985.8,2026-04-20T15:14:09.000Z
trackpoint,Monday Morning Walk,1,38.551378,-78.313611,985.5,2026-04-20T15:14:14.000Z
trackpoint,Monday Morning Walk,1,38.551397,-78.313612,985.4,2026-04-20T15:14:19.000Z
trackpoint,Monday Morning Walk,1,38.551418,-78.313624,985.3,2026-04-20T15:14:24.000Z
trackpoint,Monday Morning Walk,1,38.551422,-78.313634,985.2,2026-04-20T15:14:29.000Z
trackpoint,Monday Morning Walk,1,38.551458,-78.313682,984.8,2026-04-20T15:14:34.000Z
trackpoint,Monday Morning Walk,1,38.551473,-78.313701,985,2026-04-20T15:14:39.000Z
trackpoint,Monday Morning Walk,1,38.551498,-78.313746,985.8,2026-04-20T15:14:45.000Z
trackpoint,Monday Morning Walk,1,38.551517,-78.313772,986.3,2026-04-20T15:14:50.000Z
trackpoint,Monday Morning Walk,1,38.55155,-78.313792,987.1,2026-04-20T15:14:55.000Z
trackpoint,Monday Morning Walk,1,38.55157,-78.313807,987.4,2026-04-20T15:15:00.000Z
trackpoint,Monday Morning Walk,1,38.55158,-78.313834,987.6,2026-04-20T15:15:05.000Z
trackpoint,Monday Morning Walk,1,38.551592,-78.313859,988.5,2026-04-20T15:15:10.000Z
trackpoint,Monday Morning Walk,1,38.55158,-78.313899,988.9,2026-04-20T15:15:15.000Z
trackpoint,Monday Morning Walk,1,38.551575,-78.313952,988.2,2026-04-20T15:15:20.000Z
trackpoint,Monday Morning Walk,1,38.551552,-78.313969,988.4,2026-04-20T15:15:25.000Z
trackpoint,Monday Morning Walk,1,38.55157,-78.314004,988.4,2026-04-20T15:15:30.000Z
trackpoint,Monday Morning Walk,1,38.551573,-78.314034,988.3,2026-04-20T15:15:35.000Z
trackpoint,Monday Morning Walk,1,38.551595,-78.314044,988.6,2026-04-20T15:15:40.000Z
trackpoint,Monday Morning Walk,1,38.551613,-78.314061,989.3,2026-04-20T15:15:45.000Z
trackpoint,Monday Morning Walk,1,38.551635,-78.314092,990.2,2026-04-20T15:15:51.000Z
trackpoint,Monday Morning Walk,1,38.551657,-78.314134,990.9,2026-04-20T15:15:56.000Z
trackpoint,Monday Morning Walk,1,38.55168,-78.314172,991.4,2026-04-20T15:16:01.000Z
trackpoint,Monday Morning Walk,1,38.55168,-78.314202,991.9,2026-04-20T15:16:06.000Z
trackpoint,Monday Morning Walk,1,38.551698,-78.314254,992.4,2026-04-20T15:16:11.000Z
trackpoint,Monday Morning Walk,1,38.55172,-78.314302,993.2,2026-04-20T15:16:16.000Z
trackpoint,Monday Morning Walk,1,38.551717,-78.314349,993.8,2026-04-20T15:16:21.000Z
trackpoint,Monday Morning Walk,1,38.551707,-78.314394,994.3,2026-04-20T15:16:26.000Z
trackpoint,Monday Morning Walk,1,38.551703,-78.314424,994.7,2026-04-20T15:16:31.000Z
trackpoint,Monday Morning Walk,1,38.551697,-78.314439,994.9,2026-04-20T15:16:36.000Z
trackpoint,Monday Morning Walk,1,38.551672,-78.314447,995,2026-04-20T15:16:41.000Z
trackpoint,Monday Morning Walk,1,38.551653,-78.314466,995.2,2026-04-20T15:16:47.000Z
trackpoint,Monday Morning Walk,1,38.551647,-78.314471,995.2,2026-04-20T15:16:52.000Z
trackpoint,Monday Morning Walk,1,38.551647,-78.314477,995.2,2026-04-20T15:16:57.000Z
trackpoint,Monday Morning Walk,1,38.551645,-78.314489,995.2,2026-04-20T15:17:02.000Z
trackpoint,Monday Morning Walk,1,38.551642,-78.314486,995.2,2026-04-20T15:17:07.000Z
trackpoint,Monday Morning Walk,1,38.551645,-78.314496,995.4,2026-04-20T15:17:12.000Z
trackpoint,Monday Morning Walk,1,38.551637,-78.314504,995.4,2026-04-20T15:17:17.000Z
trackpoint,Monday Morning Walk,1,38.551637,-78.314504,995.3,2026-04-20T15:17:22.000Z
trackpoint,Monday Morning Walk,1,38.551635,-78.314501,995.4,2026-04-20T15:17:27.000Z
trackpoint,Monday Morning Walk,1,38.551643,-78.314529,995.2,2026-04-20T15:17:32.000Z
trackpoint,Monday Morning Walk,1,38.551627,-78.314544,995.1,2026-04-20T15:17:37.000Z
trackpoint,Monday Morning Walk,1,38.55163,-78.314551,995.3,2026-04-20T15:17:42.000Z
trackpoint,Monday Morning Walk,1,38.551642,-78.314581,995.5,2026-04-20T15:17:47.000Z
trackpoint,Monday Morning Walk,1,38.551663,-78.314607,995.7,2026-04-20T15:17:53.000Z
trackpoint,Monday Morning Walk,1,38.551675,-78.314626,996.1,2026-04-20T15:17:58.000Z
trackpoint,Monday Morning Walk,1,38.551675,-78.314657,996.3,2026-04-20T15:18:03.000Z
trackpoint,Monday Morning Walk,1,38.551695,-78.314681,996.4,2026-04-20T15:18:08.000Z
trackpoint,Monday Morning Walk,1,38.55171,-78.314679,996.3,2026-04-20T15:18:13.000Z
trackpoint,Monday Morning Walk,1,38.55172,-78.314717,996.9,2026-04-20T15:18:18.000Z
trackpoint,Monday Morning Walk,1,38.551717,-78.314749,998.4,2026-04-20T15:18:23.000Z
trackpoint,Monday Morning Walk,1,38.551693,-78.314784,999.2,2026-04-20T15:18:28.000Z
trackpoint,Monday Morning Walk,1,38.55167,-78.314827,1000.4,2026-04-20T15:18:33.000Z
trackpoint,Monday Morning Walk,1,38.551642,-78.314867,1000.4,2026-04-20T15:18:38.000Z
trackpoint,Monday Morning Walk,1,38.551635,-78.314876,1000.3,2026-04-20T15:18:43.000Z
trackpoint,Monday Morning Walk,1,38.551627,-78.314877,999.4,2026-04-20T15:18:49.000Z
trackpoint,Monday Morning Walk,1,38.551622,-78.314874,999.3,2026-04-20T15:18:54.000Z
trackpoint,Monday Morning Walk,1,38.55162,-78.314872,999.4,2026-04-20T15:18:59.000Z
trackpoint,Monday Morning Walk,1,38.551617,-78.314871,999.4,2026-04-20T15:19:04.000Z
trackpoint,Monday Morning Walk,1,38.551617,-78.314877,999.4,2026-04-20T15:19:09.000Z
trackpoint,Monday Morning Walk,1,38.551613,-78.314874,999.4,2026-04-20T15:19:14.000Z
trackpoint,Monday Morning Walk,1,38.55162,-78.314879,999.4,2026-04-20T15:19:19.000Z
trackpoint,Monday Morning Walk,1,38.55162,-78.314896,999.2,2026-04-20T15:19:24.000Z
trackpoint,Monday Morning Walk,1,38.551618,-78.314902,999.2,2026-04-20T15:19:29.000Z
trackpoint,Monday Morning Walk,1,38.551613,-78.314906,999.2,2026-04-20T15:19:34.000Z
trackpoint,Monday Morning Walk,1,38.55162,-78.314912,999.1,2026-04-20T15:19:39.000Z
trackpoint,Monday Morning Walk,1,38.551622,-78.314916,999.2,2026-04-20T15:19:44.000Z
trackpoint,Monday Morning Walk,1,38.55162,-78.314916,999.3,2026-04-20T15:19:49.000Z
trackpoint,Monday Morning Walk,1,38.551622,-78.314917,999.5,2026-04-20T15:19:55.000Z
trackpoint,Monday Morning Walk,1,38.551623,-78.314917,999.5,2026-04-20T15:20:00.000Z
trackpoint,Monday Morning Walk,1,38.55162,-78.314917,999.6,2026-04-20T15:20:05.000Z
trackpoint,Monday Morning Walk,1,38.551612,-78.314907,999.6,2026-04-20T15:20:10.000Z
trackpoint,Monday Morning Walk,1,38.55161,-78.314904,999.6,2026-04-20T15:20:15.000Z
trackpoint,Monday Morning Walk,1,38.551612,-78.314907,999.6,2026-04-20T15:20:20.000Z
trackpoint,Monday Morning Walk,1,38.551615,-78.314907,999.6,2026-04-20T15:20:25.000Z
trackpoint,Monday Morning Walk,1,38.551608,-78.314909,999.6,2026-04-20T15:20:30.000Z
trackpoint,Monday Morning Walk,1,38.551608,-78.314912,999.6,2026-04-20T15:20:35.000Z
trackpoint,Monday Morning Walk,1,38.551612,-78.314912,999.6,2026-04-20T15:20:40.000Z
trackpoint,Monday Morning Walk,1,38.551608,-78.314909,999.7,2026-04-20T15:20:46.000Z
trackpoint,Monday Morning Walk,1,38.551613,-78.314914,999.7,2026-04-20T15:20:52.000Z
trackpoint,Monday Morning Walk,1,38.551617,-78.314914,999.7,2026-04-20T15:20:57.000Z
trackpoint,Monday Morning Walk,1,38.551622,-78.314902,999.6,2026-04-20T15:21:02.000Z
trackpoint,Monday Morning Walk,1,38.55162,-78.314904,999.6,2026-04-20T15:21:07.000Z
trackpoint,Monday Morning Walk,1,38.551617,-78.314909,999.6,2026-04-20T15:21:12.000Z
trackpoint,Monday Morning Walk,1,38.551613,-78.314899,999.6,2026-04-20T15:21:17.000Z
trackpoint,Monday Morning Walk,1,38.55161,-78.314902,999.5,2026-04-20T15:21:22.000Z
trackpoint,Monday Morning Walk,1,38.551618,-78.314926,999.1,2026-04-20T15:21:27.000Z
trackpoint,Monday Morning Walk,1,38.55163,-78.314917,998.8,2026-04-20T15:21:32.000Z
trackpoint,Monday Morning Walk,1,38.55164,-78.314914,998.6,2026-04-20T15:21:37.000Z
trackpoint,Monday Morning Walk,1,38.551635,-78.314909,998.6,2026-04-20T15:21:42.000Z
trackpoint,Monday Morning Walk,1,38.551637,-78.314912,998.5,2026-04-20T15:21:48.000Z
trackpoint,Monday Morning Walk,1,38.551638,-78.314914,998.5,2026-04-20T15:21:53.000Z
trackpoint,Monday Morning Walk,1,38.551633,-78.314914,998.5,2026-04-20T15:21:58.000Z
trackpoint,Monday Morning Walk,1,38.55163,-78.314916,998.4,2026-04-20T15:22:03.000Z
trackpoint,Monday Morning Walk,1,38.55163,-78.314912,998.4,2026-04-20T15:22:08.000Z
trackpoint,Monday Morning Walk,1,38.551633,-78.314916,998.4,2026-04-20T15:22:13.000Z
trackpoint,Monday Morning Walk,1,38.551628,-78.314916,998.4,2026-04-20T15:22:18.000Z
trackpoint,Monday Morning Walk,1,38.551627,-78.314912,998.3,2026-04-20T15:22:23.000Z
trackpoint,Monday Morning Walk,1,38.551627,-78.314892,998.3,2026-04-20T15:22:28.000Z
trackpoint,Monday Morning Walk,1,38.551625,-78.314887,998.3,2026-04-20T15:22:33.000Z
trackpoint,Monday Morning Walk,1,38.551623,-78.314887,998.4,2026-04-20T15:22:38.000Z
trackpoint,Monday Morning Walk,1,38.55162,-78.314889,998.4,2026-04-20T15:22:43.000Z
trackpoint,Monday Morning Walk,1,38.55162,-78.314892,998.4,2026-04-20T15:22:49.000Z
trackpoint,Monday Morning Walk,1,38.551623,-78.314894,998.5,2026-04-20T15:22:54.000Z
trackpoint,Monday Morning Walk,1,38.551623,-78.314899,998.4,2026-04-20T15:22:59.000Z
trackpoint,Monday Morning Walk,1,38.551622,-78.314904,998.5,2026-04-20T15:23:04.000Z
trackpoint,Monday Morning Walk,1,38.551605,-78.314912,998.3,2026-04-20T15:23:09.000Z
trackpoint,Monday Morning Walk,1,38.551605,-78.314911,998.3,2026-04-20T15:23:14.000Z
trackpoint,Monday Morning Walk,1,38.551603,-78.314907,998.4,2026-04-20T15:23:19.000Z
trackpoint,Monday Morning Walk,1,38.551622,-78.314871,998.6,2026-04-20T15:23:24.000Z
trackpoint,Monday Morning Walk,1,38.551657,-78.314834,998.4,2026-04-20T15:23:29.000Z
trackpoint,Monday Morning Walk,1,38.55168,-78.314826,998.2,2026-04-20T15:23:34.000Z
trackpoint,Monday Morning Walk,1,38.55169,-78.314799,998.2,2026-04-20T15:23:39.000Z
trackpoint,Monday Morning Walk,1,38.551695,-78.314777,998.4,2026-04-20T15:23:44.000Z
trackpoint,Monday Morning Walk,1,38.551715,-78.314749,998.6,2026-04-20T15:23:50.000Z
trackpoint,Monday Morning Walk,1,38.55173,-78.314764,998.7,2026-04-20T15:23:55.000Z
trackpoint,Monday Morning Walk,1,38.55174,-78.314789,998.7,2026-04-20T15:24:00.000Z
trackpoint,Monday Morning Walk,1,38.551743,-78.314791,998.8,2026-04-20T15:24:05.000Z
trackpoint,Monday Morning Walk,1,38.551755,-78.314762,999,2026-04-20T15:24:10.000Z
trackpoint,Monday Morning Walk,1,38.551785,-78.314736,999,2026-04-20T15:24:15.000Z
trackpoint,Monday Morning Walk,1,38.551783,-78.314734,999.2,2026-04-20T15:24:20.000Z
trackpoint,Monday Morning Walk,1,38.551782,-78.314729,999.4,2026-04-20T15:24:25.000Z
trackpoint,Monday Morning Walk,1,38.551787,-78.314726,999.8,2026-04-20T15:24:30.000Z
trackpoint,Monday Morning Walk,1,38.551788,-78.314702,999.9,2026-04-20T15:24:35.000Z
trackpoint,Monday Morning Walk,1,38.551795,-78.314711,999.6,2026-04-20T15:24:40.000Z
trackpoint,Monday Morning Walk,1,38.551797,-78.314757,999.3,2026-04-20T15:24:45.000Z
trackpoint,Monday Morning Walk,1,38.551818,-78.314786,1000.7,2026-04-20T15:24:51.000Z
trackpoint,Monday Morning Walk,1,38.551827,-78.314801,1001.8,2026-04-20T15:24:56.000Z
trackpoint,Monday Morning Walk,1,38.55184,-78.314806,1002.2,2026-04-20T15:25:01.000Z
trackpoint,Monday Morning Walk,1,38.551858,-78.314822,1002.4,2026-04-20T15:25:06.000Z
trackpoint,Monday Morning Walk,1,38.551873,-78.314826,1002.7,2026-04-20T15:25:11.000Z
trackpoint,Monday Morning Walk,1,38.551872,-78.314819,1003,2026-04-20T15:25:16.000Z
trackpoint,Monday Morning Walk,1,38.551872,-78.314814,1002.9,2026-04-20T15:25:21.000Z
trackpoint,Monday Morning Walk,1,38.55187,-78.314812,1002.9,2026-04-20T15:25:26.000Z
trackpoint,Monday Morning Walk,1,38.55187,-78.314824,1003.1,2026-04-20T15:25:31.000Z
trackpoint,Monday Morning Walk,1,38.551877,-78.314831,1003.3,2026-04-20T15:25:36.000Z
trackpoint,Monday Morning Walk,1,38.551878,-78.314832,1003.6,2026-04-20T15:25:41.000Z
trackpoint,Monday Morning Walk,1,38.55188,-78.314829,1003.7,2026-04-20T15:25:46.000Z
trackpoint,Monday Morning Walk,1,38.55188,-78.314844,1003.6,2026-04-20T15:25:52.000Z
trackpoint,Monday Morning Walk,1,38.551845,-78.314862,1003.4,2026-04-20T15:25:57.000Z
trackpoint,Monday Morning Walk,1,38.55183,-78.314856,1003.1,2026-04-20T15:26:02.000Z
trackpoint,Monday Morning Walk,1,38.551823,-78.314844,1002.8,2026-04-20T15:26:07.000Z
trackpoint,Monday Morning Walk,1,38.551815,-78.314816,1002.6,2026-04-20T15:26:12.000Z
trackpoint,Monday Morning Walk,1,38.551803,-78.314764,1002.5,2026-04-20T15:26:17.000Z
trackpoint,Monday Morning Walk,1,38.551782,-78.314751,1002.4,2026-04-20T15:26:22.000Z
trackpoint,Monday Morning Walk,1,38.551767,-78.314759,1001.8,2026-04-20T15:26:27.000Z
trackpoint,Monday Morning Walk,1,38.551757,-78.314736,1001.6,2026-04-20T15:26:32.000Z
trackpoint,Monday Morning Walk,1,38.551742,-78.314716,1001.7,2026-04-20T15:26:37.000Z
trackpoint,Monday Morning Walk,1,38.551713,-78.314662,1001.9,2026-04-20T15:26:42.000Z
trackpoint,Monday Morning Walk,1,38.55169,-78.314656,1001.4,2026-04-20T15:26:47.000Z
trackpoint,Monday Morning Walk,1,38.551697,-78.314644,1001.5,2026-04-20T15:26:53.000Z
trackpoint,Monday Morning Walk,1,38.551688,-78.314616,1001.4,2026-04-20T15:26:58.000Z
trackpoint,Monday Morning Walk,1,38.551658,-78.314592,1001.2,2026-04-20T15:27:03.000Z
trackpoint,Monday Morning Walk,1,38.551623,-78.314581,1001.2,2026-04-20T15:27:08.000Z
trackpoint,Monday Morning Walk,1,38.551598,-78.314591,1001.2,2026-04-20T15:27:13.000Z
trackpoint,Monday Morning Walk,1,38.55158,-78.314596,1001.1,2026-04-20T15:27:18.000Z
trackpoint,Monday Morning Walk,1,38.551568,-78.314584,1001,2026-04-20T15:27:23.000Z
trackpoint,Monday Morning Walk,1,38.551538,-78.314576,1001,2026-04-20T15:27:28.000Z
trackpoint,Monday Morning Walk,1,38.551502,-78.314571,1001.1,2026-04-20T15:27:33.000Z
trackpoint,Monday Morning Walk,1,38.551483,-78.314576,1000.9,2026-04-20T15:27:38.000Z
trackpoint,Monday Morning Walk,1,38.551457,-78.314577,1000.9,2026-04-20T15:27:43.000Z
trackpoint,Monday Morning Walk,1,38.551427,-78.314597,1001.2,2026-04-20T15:27:48.000Z
trackpoint,Monday Morning Walk,1,38.551403,-78.314634,1001.3,2026-04-20T15:27:54.000Z
trackpoint,Monday Morning Walk,1,38.55139,-78.314686,1001.6,2026-04-20T15:27:59.000Z
trackpoint,Monday Morning Walk,1,38.55137,-78.314702,1001.5,2026-04-20T15:28:04.000Z
trackpoint,Monday Morning Walk,1,38.551353,-78.314716,1001,2026-04-20T15:28:09.000Z
trackpoint,Monday Morning Walk,1,38.551342,-78.314736,1001,2026-04-20T15:28:14.000Z
trackpoint,Monday Morning Walk,1,38.551337,-78.314767,1000.5,2026-04-20T15:28:19.000Z
trackpoint,Monday Morning Walk,1,38.551348,-78.314799,999.9,2026-04-20T15:28:24.000Z
trackpoint,Monday Morning Walk,1,38.55136,-78.314841,999.4,2026-04-20T15:28:29.000Z
trackpoint,Monday Morning Walk,1,38.551355,-78.314856,999.2,2026-04-20T15:28:34.000Z
trackpoint,Monday Morning Walk,1,38.551347,-78.314856,999.1,2026-04-20T15:28:39.000Z
trackpoint,Monday Morning Walk,1,38.551343,-78.314876,999.4,2026-04-20T15:28:44.000Z
trackpoint,Monday Morning Walk,1,38.55133,-78.314912,999.2,2026-04-20T15:28:49.000Z
trackpoint,Monday Morning Walk,1,38.551325,-78.314954,999,2026-04-20T15:28:55.000Z
trackpoint,Monday Morning Walk,1,38.551313,-78.315031,998,2026-04-20T15:29:00.000Z
trackpoint,Monday Morning Walk,1,38.551288,-78.315102,998.1,2026-04-20T15:29:05.000Z
trackpoint,Monday Morning Walk,1,38.551277,-78.315164,997.7,2026-04-20T15:29:10.000Z
trackpoint,Monday Morning Walk,1,38.551245,-78.315216,997.6,2026-04-20T15:29:15.000Z
trackpoint,Monday Morning Walk,1,38.551252,-78.315254,998.5,2026-04-20T15:29:20.000Z
trackpoint,Monday Morning Walk,1,38.551253,-78.315274,998.5,2026-04-20T15:29:25.000Z
trackpoint,Monday Morning Walk,1,38.551267,-78.315326,998.9,2026-04-20T15:29:30.000Z
trackpoint,Monday Morning Walk,1,38.55129,-78.315381,999.3,2026-04-20T15:29:35.000Z
trackpoint,Monday Morning Walk,1,38.551305,-78.315437,999.2,2026-04-20T15:29:40.000Z
trackpoint,Monday Morning Walk,1,38.551333,-78.315477,999.2,2026-04-20T15:29:45.000Z
trackpoint,Monday Morning Walk,1,38.551352,-78.315509,999,2026-04-20T15:29:50.000Z
trackpoint,Monday Morning Walk,1,38.551362,-78.315496,998.6,2026-04-20T15:29:56.000Z
trackpoint,Monday Morning Walk,1,38.55136,-78.315519,998.6,2026-04-20T15:30:01.000Z
trackpoint,Monday Morning Walk,1,38.551388,-78.315517,998.7,2026-04-20T15:30:06.000Z
trackpoint,Monday Morning Walk,1,38.551388,-78.315517,998.7,2026-04-20T15:30:11.000Z
trackpoint,Monday Morning Walk,1,38.551405,-78.315519,998.3,2026-04-20T15:30:16.000Z
trackpoint,Monday Morning Walk,1,38.551415,-78.315574,998.2,2026-04-20T15:30:21.000Z
trackpoint,Monday Morning Walk,1,38.551433,-78.315602,997.7,2026-04-20T15:30:26.000Z
trackpoint,Monday Morning Walk,1,38.551442,-78.315634,997.5,2026-04-20T15:30:31.000Z
trackpoint,Monday Morning Walk,1,38.551435,-78.315672,997.5,2026-04-20T15:30:36.000Z
trackpoint,Monday Morning Walk,1,38.55144,-78.315737,997.3,2026-04-20T15:30:41.000Z
trackpoint,Monday Morning Walk,1,38.551458,-78.315779,997,2026-04-20T15:30:46.000Z
trackpoint,Monday Morning Walk,1,38.55146,-78.315831,996.6,2026-04-20T15:30:52.000Z
trackpoint,Monday Morning Walk,1,38.551433,-78.315869,996.4,2026-04-20T15:30:58.000Z
trackpoint,Monday Morning Walk,1,38.551453,-78.315876,996.3,2026-04-20T15:31:03.000Z
trackpoint,Monday Morning Walk,1,38.55142,-78.315884,996.4,2026-04-20T15:31:08.000Z
trackpoint,Monday Morning Walk,1,38.551402,-78.315917,995.9,2026-04-20T15:31:13.000Z
trackpoint,Monday Morning Walk,1,38.5514,-78.315961,995.5,2026-04-20T15:31:18.000Z
trackpoint,Monday Morning Walk,1,38.551378,-78.316012,994.7,2026-04-20T15:31:23.000Z
trackpoint,Monday Morning Walk,1,38.551368,-78.316064,992.8,2026-04-20T15:31:28.000Z
trackpoint,Monday Morning Walk,1,38.55134,-78.316077,992.3,2026-04-20T15:31:33.000Z
trackpoint,Monday Morning Walk,1,38.551292,-78.316086,991.7,2026-04-20T15:31:38.000Z
trackpoint,Monday Morning Walk,1,38.55126,-78.316106,991.9,2026-04-20T15:31:43.000Z
trackpoint,Monday Morning Walk,1,38.551235,-78.316097,992.1,2026-04-20T15:31:48.000Z
trackpoint,Monday Morning Walk,1,38.551225,-78.316091,991.8,2026-04-20T15:31:54.000Z
trackpoint,Monday Morning Walk,1,38.551217,-78.316056,991.2,2026-04-20T15:31:59.000Z
trackpoint,Monday Morning Walk,1,38.551202,-78.316057,991.3,2026-04-20T15:32:04.000Z
trackpoint,Monday Morning Walk,1,38.551155,-78.316057,991.1,2026-04-20T15:32:09.000Z
trackpoint,Monday Morning Walk,1,38.551135,-78.316082,990.9,2026-04-20T15:32:14.000Z
trackpoint,Monday Morning Walk,1,38.551123,-78.316099,990.9,2026-04-20T15:32:19.000Z
trackpoint,Monday Morning Walk,1,38.551123,-78.316164,990.9,2026-04-20T15:32:24.000Z
trackpoint,Monday Morning Walk,1,38.551132,-78.316211,990.8,2026-04-20T15:32:29.000Z
trackpoint,Monday Morning Walk,1,38.551135,-78.316227,990.8,2026-04-20T15:32:34.000Z
trackpoint,Monday Morning Walk,1,38.551138,-78.316281,990.3,2026-04-20T15:32:39.000Z
trackpoint,Monday Morning Walk,1,38.551138,-78.316327,989.9,2026-04-20T15:32:44.000Z
trackpoint,Monday Morning Walk,1,38.55116,-78.316372,989.2,2026-04-20T15:32:49.000Z
trackpoint,Monday Morning Walk,1,38.551182,-78.316414,988.4,2026-04-20T15:32:55.000Z
trackpoint,Monday Morning Walk,1,38.551198,-78.316472,987.1,2026-04-20T15:33:00.000Z
trackpoint,Monday Morning Walk,1,38.551205,-78.316491,985.4,2026-04-20T15:33:05.000Z
trackpoint,Monday Morning Walk,1,38.551188,-78.316527,984.1,2026-04-20T15:33:10.000Z
trackpoint,Monday Morning Walk,1,38.551187,-78.316526,983.8,2026-04-20T15:33:15.000Z
trackpoint,Monday Morning Walk,1,38.55116,-78.316547,983.5,2026-04-20T15:33:20.000Z
trackpoint,Monday Morning Walk,1,38.551103,-78.316532,982.3,2026-04-20T15:33:25.000Z
trackpoint,Monday Morning Walk,1,38.551065,-78.316499,980.6,2026-04-20T15:33:30.000Z
trackpoint,Monday Morning Walk,1,38.551047,-78.316484,979.3,2026-04-20T15:33:35.000Z
trackpoint,Monday Morning Walk,1,38.551028,-78.316504,978.3,2026-04-20T15:33:40.000Z
trackpoint,Monday Morning Walk,1,38.550958,-78.316512,975.1,2026-04-20T15:33:45.000Z
trackpoint,Monday Morning Walk,1,38.55094,-78.316521,974,2026-04-20T15:33:50.000Z
trackpoint,Monday Morning Walk,1,38.550942,-78.316537,973.2,2026-04-20T15:33:56.000Z
trackpoint,Monday Morning Walk,1,38.550932,-78.316547,972.6,2026-04-20T15:34:01.000Z
trackpoint,Monday Morning Walk,1,38.550915,-78.316534,970.9,2026-04-20T15:34:06.000Z
trackpoint,Monday Morning Walk,1,38.550905,-78.316507,969.9,2026-04-20T15:34:11.000Z
trackpoint,Monday Morning Walk,1,38.550937,-78.316447,968.9,2026-04-20T15:34:16.000Z
trackpoint,Monday Morning Walk,1,38.55094,-78.316401,968.4,2026-04-20T15:34:21.000Z
trackpoint,Monday Morning Walk,1,38.550945,-78.316411,967.9,2026-04-20T15:34:26.000Z
trackpoint,Monday Morning Walk,1,38.550935,-78.316466,967,2026-04-20T15:34:31.000Z
trackpoint,Monday Morning Walk,1,38.550933,-78.316539,966.8,2026-04-20T15:34:36.000Z
trackpoint,Monday Morning Walk,1,38.550963,-78.316587,968.1,2026-04-20T15:34:41.000Z
trackpoint,Monday Morning Walk,1,38.550995,-78.316619,968.6,2026-04-20T15:34:46.000Z
trackpoint,Monday Morning Walk,1,38.551008,-78.316634,968.7,2026-04-20T15:34:51.000Z
trackpoint,Monday Morning Walk,1,38.551023,-78.316644,968.6,2026-04-20T15:34:56.000Z
trackpoint,Monday Morning Walk,1,38.55107,-78.316686,968,2026-04-20T15:35:02.000Z
trackpoint,Monday Morning Walk,1,38.551087,-78.316766,966.9,2026-04-20T15:35:07.000Z
trackpoint,Monday Morning Walk,1,38.5511,-78.316797,965.6,2026-04-20T15:35:12.000Z
trackpoint,Monday Morning Walk,1,38.551117,-78.316832,964.6,2026-04-20T15:35:17.000Z
trackpoint,Monday Morning Walk,1,38.551132,-78.316864,964,2026-04-20T15:35:22.000Z
trackpoint,Monday Morning Walk,1,38.55117,-78.316906,962.5,2026-04-20T15:35:27.000Z
trackpoint,Monday Morning Walk,1,38.551182,-78.316961,962.2,2026-04-20T15:35:32.000Z
trackpoint,Monday Morning Walk,1,38.55119,-78.316982,961.8,2026-04-20T15:35:37.000Z
trackpoint,Monday Morning Walk,1,38.55119,-78.317019,961.1,2026-04-20T15:35:42.000Z
trackpoint,Monday Morning Walk,1,38.551183,-78.317084,961,2026-04-20T15:35:47.000Z
trackpoint,Monday Morning Walk,1,38.551175,-78.317129,959.8,2026-04-20T15:35:52.000Z
trackpoint,Monday Morning Walk,1,38.551172,-78.317147,959,2026-04-20T15:35:58.000Z
trackpoint,Monday Morning Walk,1,38.55117,-78.317131,959.3,2026-04-20T15:36:03.000Z
trackpoint,Monday Morning Walk,1,38.551167,-78.317114,959.6,2026-04-20T15:36:08.000Z
trackpoint,Monday Morning Walk,1,38.551157,-78.317116,960,2026-04-20T15:36:13.000Z
trackpoint,Monday Morning Walk,1,38.551157,-78.317117,960.1,2026-04-20T15:36:18.000Z
trackpoint,Monday Morning Walk,1,38.551152,-78.317117,960.1,2026-04-20T15:36:23.000Z
trackpoint,Monday Morning Walk,1,38.55115,-78.317122,960,2026-04-20T15:36:28.000Z
trackpoint,Monday Morning Walk,1,38.551145,-78.317131,959.8,2026-04-20T15:36:33.000Z
trackpoint,Monday Morning Walk,1,38.551142,-78.317159,959.6,2026-04-20T15:36:38.000Z
trackpoint,Monday Morning Walk,1,38.551167,-78.317182,959.5,2026-04-20T15:36:43.000Z
trackpoint,Monday Morning Walk,1,38.551177,-78.317186,959.4,2026-04-20T15:36:48.000Z
trackpoint,Monday Morning Walk,1,38.551145,-78.317237,959.1,2026-04-20T15:36:54.000Z
trackpoint,Monday Morning Walk,1,38.551158,-78.317229,958.5,2026-04-20T15:36:59.000Z
trackpoint,Monday Morning Walk,1,38.551165,-78.317256,958.3,2026-04-20T15:37:04.000Z
trackpoint,Monday Morning Walk,1,38.551185,-78.317337,957.4,2026-04-20T15:37:09.000Z
trackpoint,Monday Morning Walk,1,38.55119,-78.317391,957.3,2026-04-20T15:37:14.000Z
trackpoint,Monday Morning Walk,1,38.551227,-78.317424,956.7,2026-04-20T15:37:19.000Z
trackpoint,Monday Morning Walk,1,38.551237,-78.317482,956.7,2026-04-20T15:37:24.000Z
trackpoint,Monday Morning Walk,1,38.551232,-78.317519,956.6,2026-04-20T15:37:29.000Z
trackpoint,Monday Morning Walk,1,38.551235,-78.317537,955.8,2026-04-20T15:37:34.000Z
trackpoint,Monday Morning Walk,1,38.551228,-78.317549,955.9,2026-04-20T15:37:39.000Z
trackpoint,Monday Morning Walk,1,38.551227,-78.317557,955.4,2026-04-20T15:37:44.000Z
trackpoint,Monday Morning Walk,1,38.551228,-78.317557,955.2,2026-04-20T15:37:49.000Z
trackpoint,Monday Morning Walk,1,38.551235,-78.317587,954.4,2026-04-20T15:37:54.000Z
trackpoint,Monday Morning Walk,1,38.551218,-78.317599,953.7,2026-04-20T15:38:00.000Z
trackpoint,Monday Morning Walk,1,38.55118,-78.317676,952.3,2026-04-20T15:38:04.000Z
trackpoint,Monday Morning Walk,1,38.551185,-78.317669,950.8,2026-04-20T15:38:10.000Z
trackpoint,Monday Morning Walk,1,38.551187,-78.317662,949.8,2026-04-20T15:38:15.000Z
trackpoint,Monday Morning Walk,1,38.551182,-78.317646,949.1,2026-04-20T15:38:20.000Z
trackpoint,Monday Morning Walk,1,38.551163,-78.317647,949.2,2026-04-20T15:38:25.000Z
trackpoint,Monday Morning Walk,1,38.551147,-78.317639,949.4,2026-04-20T15:38:30.000Z
trackpoint,Monday Morning Walk,1,38.551132,-78.317626,949.6,2026-04-20T15:38:35.000Z
trackpoint,Monday Morning Walk,1,38.551112,-78.317601,949.5,2026-04-20T15:38:40.000Z
trackpoint,Monday Morning Walk,1,38.551073,-78.317602,949.2,2026-04-20T15:38:45.000Z
trackpoint,Monday Morning Walk,1,38.551037,-78.317611,949.5,2026-04-20T15:38:50.000Z
trackpoint,Monday Morning Walk,1,38.551005,-78.317596,950,2026-04-20T15:38:55.000Z
trackpoint,Monday Morning Walk,1,38.551005,-78.317587,949.8,2026-04-20T15:39:00.000Z
trackpoint,Monday Morning Walk,1,38.550985,-78.317564,949.8,2026-04-20T15:39:06.000Z
trackpoint,Monday Morning Walk,1,38.550952,-78.317536,950.2,2026-04-20T15:39:11.000Z
trackpoint,Monday Morning Walk,1,38.550918,-78.317529,949.5,2026-04-20T15:39:16.000Z
trackpoint,Monday Morning Walk,1,38.550898,-78.317517,949,2026-04-20T15:39:21.000Z
trackpoint,Monday Morning Walk,1,38.550875,-78.317507,947.3,2026-04-20T15:39:26.000Z
trackpoint,Monday Morning Walk,1,38.550847,-78.317519,946.6,2026-04-20T15:39:31.000Z
trackpoint,Monday Morning Walk,1,38.55082,-78.317491,946.1,2026-04-20T15:39:36.000Z
trackpoint,Monday Morning Walk,1,38.550813,-78.317459,945.5,2026-04-20T15:39:41.000Z
trackpoint,Monday Morning Walk,1,38.550823,-78.317406,945.1,2026-04-20T15:39:46.000Z
trackpoint,Monday Morning Walk,1,38.55082,-78.317382,944.8,2026-04-20T15:39:51.000Z
trackpoint,Monday Morning Walk,1,38.550828,-78.317371,944.8,2026-04-20T15:39:56.000Z
trackpoint,Monday Morning Walk,1,38.55082,-78.317281,944.5,2026-04-20T15:40:02.000Z
trackpoint,Monday Morning Walk,1,38.550817,-78.317291,944.4,2026-04-20T15:40:07.000Z
trackpoint,Monday Morning Walk,1,38.5508,-78.317266,944.5,2026-04-20T15:40:12.000Z
trackpoint,Monday Morning Walk,1,38.550807,-78.317242,944.6,2026-04-20T15:40:17.000Z
trackpoint,Monday Morning Walk,1,38.550808,-78.317239,944.4,2026-04-20T15:40:22.000Z
trackpoint,Monday Morning Walk,1,38.55082,-78.317262,944.3,2026-04-20T15:40:27.000Z
trackpoint,Monday Morning Walk,1,38.550835,-78.317289,943.7,2026-04-20T15:40:32.000Z
trackpoint,Monday Morning Walk,1,38.550838,-78.317301,942.7,2026-04-20T15:40:37.000Z
trackpoint,Monday Morning Walk,1,38.550832,-78.317311,942.3,2026-04-20T15:40:42.000Z
trackpoint,Monday Morning Walk,1,38.550823,-78.317326,942.4,2026-04-20T15:40:47.000Z
trackpoint,Monday Morning Walk,1,38.55084,-78.317314,942.3,2026-04-20T15:40:52.000Z
trackpoint,Monday Morning Walk,1,38.550855,-78.317337,942.1,2026-04-20T15:40:57.000Z
trackpoint,Monday Morning Walk,1,38.550845,-78.317321,941.8,2026-04-20T15:41:02.000Z
trackpoint,Monday Morning Walk,1,38.550838,-78.317296,941.4,2026-04-20T15:41:08.000Z
trackpoint,Monday Morning Walk,1,38.550825,-78.317289,941.2,2026-04-20T15:41:13.000Z
trackpoint,Monday Morning Walk,1,38.550813,-78.317309,940.7,2026-04-20T15:41:18.000Z
trackpoint,Monday Morning Walk,1,38.550815,-78.317311,940.9,2026-04-20T15:41:23.000Z
trackpoint,Monday Morning Walk,1,38.550827,-78.317277,940.9,2026-04-20T15:41:28.000Z
trackpoint,Monday Morning Walk,1,38.550838,-78.317267,940.9,2026-04-20T15:41:33.000Z
trackpoint,Monday Morning Walk,1,38.550852,-78.317261,941,2026-04-20T15:41:38.000Z
trackpoint,Monday Morning Walk,1,38.550825,-78.317251,941,2026-04-20T15:41:43.000Z
trackpoint,Monday Morning Walk,1,38.550812,-78.317266,941,2026-04-20T15:41:48.000Z
trackpoint,Monday Morning Walk,1,38.550822,-78.317337,941.2,2026-04-20T15:41:53.000Z
trackpoint,Monday Morning Walk,1,38.550807,-78.317459,941.2,2026-04-20T15:41:58.000Z
trackpoint,Monday Morning Walk,1,38.550775,-78.317446,941.3,2026-04-20T15:42:03.000Z
trackpoint,Monday Morning Walk,1,38.550768,-78.317382,941.5,2026-04-20T15:42:09.000Z
trackpoint,Monday Morning Walk,1,38.550762,-78.317301,941.3,2026-04-20T15:42:14.000Z
trackpoint,Monday Morning Walk,1,38.550752,-78.317294,940.6,2026-04-20T15:42:19.000Z
trackpoint,Monday Morning Walk,1,38.5507,-78.317347,939.2,2026-04-20T15:42:24.000Z
trackpoint,Monday Morning Walk,1,38.550698,-78.317369,939.5,2026-04-20T15:42:29.000Z
trackpoint,Monday Morning Walk,1,38.550702,-78.317391,938.9,2026-04-20T15:42:34.000Z
trackpoint,Monday Morning Walk,1,38.550692,-78.317384,938.2,2026-04-20T15:42:39.000Z
trackpoint,Monday Morning Walk,1,38.550687,-78.317369,937.9,2026-04-20T15:42:44.000Z
trackpoint,Monday Morning Walk,1,38.550687,-78.317384,937.7,2026-04-20T15:42:49.000Z
trackpoint,Monday Morning Walk,1,38.550697,-78.317414,937.8,2026-04-20T15:42:54.000Z
trackpoint,Monday Morning Walk,1,38.550693,-78.317452,937.7,2026-04-20T15:42:59.000Z
trackpoint,Monday Morning Walk,1,38.550665,-78.317524,937.3,2026-04-20T15:43:05.000Z
trackpoint,Monday Morning Walk,1,38.55066,-78.317571,937.6,2026-04-20T15:43:10.000Z
trackpoint,Monday Morning Walk,1,38.550662,-78.317571,937.6,2026-04-20T15:43:15.000Z
trackpoint,Monday Morning Walk,1,38.550665,-78.317571,937.7,2026-04-20T15:43:20.000Z
trackpoint,Monday Morning Walk,1,38.550675,-78.317566,937.7,2026-04-20T15:43:25.000Z
trackpoint,Monday Morning Walk,1,38.550693,-78.317552,937.8,2026-04-20T15:43:30.000Z
trackpoint,Monday Morning Walk,1,38.550702,-78.317601,937.4,2026-04-20T15:43:35.000Z
trackpoint,Monday Morning Walk,1,38.55069,-78.317711,936.9,2026-04-20T15:43:40.000Z
trackpoint,Monday Morning Walk,1,38.550682,-78.317744,936.4,2026-04-20T15:43:45.000Z
trackpoint,Monday Morning Walk,1,38.550678,-78.317754,935.5,2026-04-20T15:43:50.000Z
trackpoint,Monday Morning Walk,1,38.550663,-78.317849,933.5,2026-04-20T15:43:55.000Z
trackpoint,Monday Morning Walk,1,38.550685,-78.317876,932,2026-04-20T15:44:00.000Z
trackpoint,Monday Morning Walk,1,38.550708,-78.317922,931,2026-04-20T15:44:06.000Z
trackpoint,Monday Morning Walk,1,38.550742,-78.317951,930,2026-04-20T15:44:11.000Z
trackpoint,Monday Morning Walk,1,38.550775,-78.317986,929.1,2026-04-20T15:44:16.000Z
trackpoint,Monday Morning Walk,1,38.550793,-78.317994,928.1,2026-04-20T15:44:21.000Z
trackpoint,Monday Morning Walk,1,38.550815,-78.318054,926.8,2026-04-20T15:44:26.000Z
trackpoint,Monday Morning Walk,1,38.550848,-78.318081,926.2,2026-04-20T15:44:31.000Z
trackpoint,Monday Morning Walk,1,38.550882,-78.318122,925,2026-04-20T15:44:36.000Z
trackpoint,Monday Morning Walk,1,38.550875,-78.318152,924,2026-04-20T15:44:41.000Z
trackpoint,Monday Morning Walk,1,38.550872,-78.318221,923.2,2026-04-20T15:44:46.000Z
trackpoint,Monday Morning Walk,1,38.550862,-78.318301,922.4,2026-04-20T15:44:51.000Z
trackpoint,Monday Morning Walk,1,38.550873,-78.318301,921.7,2026-04-20T15:44:56.000Z
trackpoint,Monday Morning Walk,1,38.550885,-78.318299,921.7,2026-04-20T15:45:01.000Z
trackpoint,Monday Morning Walk,1,38.550905,-78.318351,921.7,2026-04-20T15:45:06.000Z
trackpoint,Monday Morning Walk,1,38.550928,-78.318404,921.7,2026-04-20T15:45:12.000Z
trackpoint,Monday Morning Walk,1,38.550948,-78.318467,921.1,2026-04-20T15:45:17.000Z
trackpoint,Monday Morning Walk,1,38.550953,-78.318517,921.8,2026-04-20T15:45:22.000Z
trackpoint,Monday Morning Walk,1,38.550992,-78.318536,920.9,2026-04-20T15:45:27.000Z
trackpoint,Monday Morning Walk,1,38.551015,-78.318554,919.9,2026-04-20T15:45:32.000Z
trackpoint,Monday Morning Walk,1,38.551025,-78.318606,919,2026-04-20T15:45:37.000Z
trackpoint,Monday Morning Walk,1,38.551032,-78.318606,918.2,2026-04-20T15:45:42.000Z
trackpoint,Monday Morning Walk,1,38.55104,-78.318614,918.1,2026-04-20T15:45:47.000Z
trackpoint,Monday Morning Walk,1,38.55105,-78.318634,917.5,2026-04-20T15:45:52.000Z
trackpoint,Monday Morning Walk,1,38.551065,-78.318657,916.5,2026-04-20T15:45:57.000Z
trackpoint,Monday Morning Walk,1,38.551082,-78.318687,915.5,2026-04-20T15:46:02.000Z
trackpoint,Monday Morning Walk,1,38.551107,-78.318686,914,2026-04-20T15:46:08.000Z
trackpoint,Monday Morning Walk,1,38.551123,-78.318677,912.8,2026-04-20T15:46:13.000Z
trackpoint,Monday Morning Walk,1,38.551147,-78.318692,911.8,2026-04-20T15:46:18.000Z
trackpoint,Monday Morning Walk,1,38.551168,-78.318729,911.5,2026-04-20T15:46:23.000Z
trackpoint,Monday Morning Walk,1,38.551158,-78.318744,910.1,2026-04-20T15:46:28.000Z
trackpoint,Monday Morning Walk,1,38.551105,-78.318796,909.2,2026-04-20T15:46:33.000Z
trackpoint,Monday Morning Walk,1,38.55109,-78.318796,908.7,2026-04-20T15:46:38.000Z
trackpoint,Monday Morning Walk,1,38.551073,-78.318816,908.4,2026-04-20T15:46:43.000Z
trackpoint,Monday Morning Walk,1,38.55103,-78.318846,907.5,2026-04-20T15:46:48.000Z
trackpoint,Monday Morning Walk,1,38.551007,-78.318871,906.5,2026-04-20T15:46:53.000Z
trackpoint,Monday Morning Walk,1,38.55099,-78.318899,905.6,2026-04-20T15:46:58.000Z
trackpoint,Monday Morning Walk,1,38.550975,-78.318939,904.8,2026-04-20T15:47:03.000Z
trackpoint,Monday Morning Walk,1,38.550965,-78.318962,904.6,2026-04-20T15:47:09.000Z
trackpoint,Monday Morning Walk,1,38.550945,-78.318984,904.6,2026-04-20T15:47:14.000Z
trackpoint,Monday Morning Walk,1,38.550922,-78.319016,904.5,2026-04-20T15:47:19.000Z
trackpoint,Monday Morning Walk,1,38.5509,-78.319074,904.6,2026-04-20T15:47:24.000Z
trackpoint,Monday Morning Walk,1,38.550868,-78.319119,904.8,2026-04-20T15:47:29.000Z
trackpoint,Monday Morning Walk,1,38.550822,-78.319194,905.1,2026-04-20T15:47:34.000Z
trackpoint,Monday Morning Walk,1,38.550802,-78.319221,905.4,2026-04-20T15:47:39.000Z
trackpoint,Monday Morning Walk,1,38.55078,-78.319242,905.5,2026-04-20T15:47:44.000Z
trackpoint,Monday Morning Walk,1,38.550737,-78.319284,905.2,2026-04-20T15:47:49.000Z
trackpoint,Monday Morning Walk,1,38.550727,-78.319314,904.6,2026-04-20T15:47:54.000Z
trackpoint,Monday Morning Walk,1,38.550722,-78.319322,904.2,2026-04-20T15:47:59.000Z
trackpoint,Monday Morning Walk,1,38.550687,-78.319332,903.8,2026-04-20T15:48:04.000Z
trackpoint,Monday Morning Walk,1,38.550637,-78.319372,903.9,2026-04-20T15:48:10.000Z
trackpoint,Monday Morning Walk,1,38.550622,-78.319401,904.5,2026-04-20T15:48:15.000Z
trackpoint,Monday Morning Walk,1,38.550595,-78.319449,905.1,2026-04-20T15:48:20.000Z
trackpoint,Monday Morning Walk,1,38.550587,-78.319454,905.3,2026-04-20T15:48:25.000Z
trackpoint,Monday Morning Walk,1,38.550568,-78.319444,905.7,2026-04-20T15:48:30.000Z
trackpoint,Monday Morning Walk,1,38.550488,-78.319467,905.8,2026-04-20T15:48:35.000Z
trackpoint,Monday Morning Walk,1,38.550473,-78.319509,904.9,2026-04-20T15:48:40.000Z
trackpoint,Monday Morning Walk,1,38.550443,-78.319569,905.8,2026-04-20T15:48:45.000Z
trackpoint,Monday Morning Walk,1,38.55043,-78.319614,905.7,2026-04-20T15:48:50.000Z
trackpoint,Monday Morning Walk,1,38.550418,-78.319656,905.9,2026-04-20T15:48:55.000Z
trackpoint,Monday Morning Walk,1,38.550422,-78.319717,906.1,2026-04-20T15:49:00.000Z
trackpoint,Monday Morning Walk,1,38.550402,-78.319794,906,2026-04-20T15:49:05.000Z
trackpoint,Monday Morning Walk,1,38.550355,-78.319869,906.4,2026-04-20T15:49:11.000Z
trackpoint,Monday Morning Walk,1,38.550337,-78.319904,906,2026-04-20T15:49:16.000Z
trackpoint,Monday Morning Walk,1,38.550327,-78.319939,906.2,2026-04-20T15:49:21.000Z
trackpoint,Monday Morning Walk,1,38.550318,-78.319969,906.6,2026-04-20T15:49:26.000Z
trackpoint,Monday Morning Walk,1,38.550263,-78.320007,905.8,2026-04-20T15:49:31.000Z
trackpoint,Monday Morning Walk,1,38.55024,-78.320044,904.6,2026-04-20T15:49:36.000Z
trackpoint,Monday Morning Walk,1,38.550215,-78.320099,903.2,2026-04-20T15:49:41.000Z
trackpoint,Monday Morning Walk,1,38.550192,-78.320126,902.2,2026-04-20T15:49:46.000Z
trackpoint,Monday Morning Walk,1,38.550182,-78.320157,901.7,2026-04-20T15:49:51.000Z
trackpoint,Monday Morning Walk,1,38.550192,-78.320161,901.7,2026-04-20T15:49:56.000Z
trackpoint,Monday Morning Walk,1,38.550185,-78.320219,902,2026-04-20T15:50:01.000Z
trackpoint,Monday Morning Walk,1,38.550192,-78.320244,902.1,2026-04-20T15:50:06.000Z
trackpoint,Monday Morning Walk,1,38.550172,-78.320327,902.2,2026-04-20T15:50:12.000Z
trackpoint,Monday Morning Walk,1,38.550177,-78.320364,902.1,2026-04-20T15:50:17.000Z
trackpoint,Monday Morning Walk,1,38.550168,-78.320391,902.2,2026-04-20T15:50:22.000Z
trackpoint,Monday Morning Walk,1,38.550162,-78.320401,902,2026-04-20T15:50:27.000Z
trackpoint,Monday Morning Walk,1,38.550153,-78.320437,901.4,2026-04-20T15:50:32.000Z
trackpoint,Monday Morning Walk,1,38.550153,-78.320474,901.4,2026-04-20T15:50:37.000Z
trackpoint,Monday Morning Walk,1,38.550148,-78.320481,901.3,2026-04-20T15:50:42.000Z
trackpoint,Monday Morning Walk,1,38.550158,-78.320491,901.3,2026-04-20T15:50:47.000Z
trackpoint,Monday Morning Walk,1,38.550168,-78.320514,901.2,2026-04-20T15:50:52.000Z
trackpoint,Monday Morning Walk,1,38.550172,-78.320544,901.2,2026-04-20T15:50:57.000Z
trackpoint,Monday Morning Walk,1,38.550168,-78.320579,901.3,2026-04-20T15:51:02.000Z
trackpoint,Monday Morning Walk,1,38.550165,-78.320564,901.3,2026-04-20T15:51:07.000Z
trackpoint,Monday Morning Walk,1,38.550145,-78.320496,901.4,2026-04-20T15:51:12.000Z
trackpoint,Monday Morning Walk,1,38.550128,-78.320474,901.6,2026-04-20T15:51:17.000Z
trackpoint,Monday Morning Walk,1,38.550123,-78.320476,901.2,2026-04-20T15:51:23.000Z
trackpoint,Monday Morning Walk,1,38.55014,-78.320494,901.5,2026-04-20T15:51:28.000Z
trackpoint,Monday Morning Walk,1,38.550168,-78.320546,901.4,2026-04-20T15:51:33.000Z
trackpoint,Monday Morning Walk,1,38.550188,-78.320567,900.6,2026-04-20T15:51:38.000Z
trackpoint,Monday Morning Walk,1,38.550192,-78.320561,898.7,2026-04-20T15:51:43.000Z
trackpoint,Monday Morning Walk,1,38.550192,-78.320559,898.2,2026-04-20T15:51:48.000Z
trackpoint,Monday Morning Walk,1,38.550195,-78.320561,898.2,2026-04-20T15:51:53.000Z
trackpoint,Monday Morning Walk,1,38.550193,-78.320557,898.1,2026-04-20T15:51:58.000Z
trackpoint,Monday Morning Walk,1,38.550193,-78.320554,898.2,2026-04-20T15:52:03.000Z
trackpoint,Monday Morning Walk,1,38.55019,-78.320561,898.3,2026-04-20T15:52:08.000Z
trackpoint,Monday Morning Walk,1,38.55018,-78.320582,898.2,2026-04-20T15:52:14.000Z
trackpoint,Monday Morning Walk,1,38.550168,-78.320616,898,2026-04-20T15:52:19.000Z
trackpoint,Monday Morning Walk,1,38.550158,-78.320639,897.9,2026-04-20T15:52:24.000Z
trackpoint,Monday Morning Walk,1,38.550143,-78.320671,897.5,2026-04-20T15:52:29.000Z
trackpoint,Monday Morning Walk,1,38.55014,-78.320704,897.3,2026-04-20T15:52:34.000Z
trackpoint,Monday Morning Walk,1,38.550178,-78.320696,896.6,2026-04-20T15:52:39.000Z
trackpoint,Monday Morning Walk,1,38.550218,-78.320701,893.9,2026-04-20T15:52:44.000Z
trackpoint,Monday Morning Walk,1,38.550242,-78.320707,892.1,2026-04-20T15:52:49.000Z
trackpoint,Monday Morning Walk,1,38.550272,-78.320752,891,2026-04-20T15:52:54.000Z
trackpoint,Monday Morning Walk,1,38.550307,-78.320777,889.8,2026-04-20T15:52:59.000Z
trackpoint,Monday Morning Walk,1,38.550332,-78.320786,888.9,2026-04-20T15:53:04.000Z
trackpoint,Monday Morning Walk,1,38.550352,-78.320774,888.3,2026-04-20T15:53:09.000Z
trackpoint,Monday Morning Walk,1,38.550385,-78.320792,887.1,2026-04-20T15:53:15.000Z
trackpoint,Monday Morning Walk,1,38.550392,-78.320839,886.4,2026-04-20T15:53:20.000Z
trackpoint,Monday Morning Walk,1,38.550427,-78.320871,885.4,2026-04-20T15:53:25.000Z
trackpoint,Monday Morning Walk,1,38.550443,-78.320909,883.8,2026-04-20T15:53:30.000Z
trackpoint,Monday Morning Walk,1,38.550442,-78.320937,882.6,2026-04-20T15:53:35.000Z
trackpoint,Monday Morning Walk,1,38.550442,-78.320947,882.2,2026-04-20T15:53:40.000Z
trackpoint,Monday Morning Walk,1,38.550457,-78.320987,881.2,2026-04-20T15:53:45.000Z
trackpoint,Monday Morning Walk,1,38.550498,-78.321047,879.2,2026-04-20T15:53:50.000Z
trackpoint,Monday Morning Walk,1,38.550518,-78.321107,878.4,2026-04-20T15:53:55.000Z
trackpoint,Monday Morning Walk,1,38.550543,-78.321189,877.2,2026-04-20T15:54:00.000Z
trackpoint,Monday Morning Walk,1,38.550585,-78.321289,875.9,2026-04-20T15:54:05.000Z
trackpoint,Monday Morning Walk,1,38.550595,-78.321349,875.6,2026-04-20T15:54:10.000Z
trackpoint,Monday Morning Walk,1,38.550587,-78.321399,875.3,2026-04-20T15:54:16.000Z
trackpoint,Monday Morning Walk,1,38.550583,-78.321421,875,2026-04-20T15:54:22.000Z
trackpoint,Monday Morning Walk,1,38.550597,-78.321452,874.7,2026-04-20T15:54:27.000Z
trackpoint,Monday Morning Walk,1,38.550597,-78.321492,874,2026-04-20T15:54:32.000Z
trackpoint,Monday Morning Walk,1,38.550633,-78.321532,873.1,2026-04-20T15:54:37.000Z
trackpoint,Monday Morning Walk,1,38.550643,-78.321576,871.8,2026-04-20T15:54:42.000Z
trackpoint,Monday Morning Walk,1,38.550653,-78.321636,869.9,2026-04-20T15:54:47.000Z
trackpoint,Monday Morning Walk,1,38.550652,-78.321666,869.5,2026-04-20T15:54:52.000Z
trackpoint,Monday Morning Walk,1,38.550638,-78.321686,869.4,2026-04-20T15:54:57.000Z
trackpoint,Monday Morning Walk,1,38.550633,-78.321699,869.1,2026-04-20T15:55:02.000Z
trackpoint,Monday Morning Walk,1,38.55063,-78.321729,869.1,2026-04-20T15:55:07.000Z
trackpoint,Monday Morning Walk,1,38.550643,-78.321777,869,2026-04-20T15:55:12.000Z
trackpoint,Monday Morning Walk,1,38.550663,-78.321807,868.9,2026-04-20T15:55:18.000Z
trackpoint,Monday Morning Walk,1,38.550665,-78.321862,868.8,2026-04-20T15:55:23.000Z
trackpoint,Monday Morning Walk,1,38.55064,-78.321897,868.7,2026-04-20T15:55:28.000Z
trackpoint,Monday Morning Walk,1,38.550628,-78.321934,869.1,2026-04-20T15:55:33.000Z
trackpoint,Monday Morning Walk,1,38.550618,-78.321982,868.6,2026-04-20T15:55:38.000Z
trackpoint,Monday Morning Walk,1,38.550608,-78.322016,868.2,2026-04-20T15:55:43.000Z
trackpoint,Monday Morning Walk,1,38.550625,-78.322079,867.7,2026-04-20T15:55:48.000Z
trackpoint,Monday Morning Walk,1,38.550602,-78.322157,866.5,2026-04-20T15:55:53.000Z
trackpoint,Monday Morning Walk,1,38.550603,-78.322176,866,2026-04-20T15:55:58.000Z
trackpoint,Monday Morning Walk,1,38.55062,-78.322177,865.6,2026-04-20T15:56:03.000Z
trackpoint,Monday Morning Walk,1,38.550622,-78.322204,865,2026-04-20T15:56:08.000Z
trackpoint,Monday Morning Walk,1,38.550617,-78.322219,864.6,2026-04-20T15:56:13.000Z
trackpoint,Monday Morning Walk,1,38.55062,-78.322254,864.3,2026-04-20T15:56:19.000Z
trackpoint,Monday Morning Walk,1,38.550605,-78.322266,863.3,2026-04-20T15:56:24.000Z
trackpoint,Monday Morning Walk,1,38.550585,-78.322301,863.4,2026-04-20T15:56:29.000Z
trackpoint,Monday Morning Walk,1,38.550553,-78.322311,863.7,2026-04-20T15:56:34.000Z
trackpoint,Monday Morning Walk,1,38.550567,-78.322314,863.7,2026-04-20T15:56:39.000Z
trackpoint,Monday Morning Walk,1,38.550575,-78.322329,863.1,2026-04-20T15:56:44.000Z
trackpoint,Monday Morning Walk,1,38.55058,-78.322349,861.2,2026-04-20T15:56:49.000Z
trackpoint,Monday Morning Walk,1,38.550587,-78.322387,859.9,2026-04-20T15:56:54.000Z
trackpoint,Monday Morning Walk,1,38.550593,-78.322401,859.2,2026-04-20T15:56:59.000Z
trackpoint,Monday Morning Walk,1,38.550575,-78.322446,857.7,2026-04-20T15:57:04.000Z
trackpoint,Monday Morning Walk,1,38.550573,-78.322462,857.7,2026-04-20T15:57:09.000Z
trackpoint,Monday Morning Walk,1,38.550572,-78.322471,857.9,2026-04-20T15:57:15.000Z
trackpoint,Monday Morning Walk,1,38.550583,-78.322471,858.2,2026-04-20T15:57:20.000Z
trackpoint,Monday Morning Walk,1,38.550592,-78.322476,857.9,2026-04-20T15:57:25.000Z
trackpoint,Monday Morning Walk,1,38.550593,-78.322439,857.5,2026-04-20T15:57:30.000Z
trackpoint,Monday Morning Walk,1,38.550583,-78.322427,857.2,2026-04-20T15:57:35.000Z
trackpoint,Monday Morning Walk,1,38.550607,-78.322371,856.5,2026-04-20T15:57:40.000Z
trackpoint,Monday Morning Walk,1,38.550608,-78.322342,855,2026-04-20T15:57:45.000Z
trackpoint,Monday Morning Walk,1,38.550613,-78.322321,854.7,2026-04-20T15:57:50.000Z
trackpoint,Monday Morning Walk,1,38.55062,-78.322316,854,2026-04-20T15:57:55.000Z
trackpoint,Monday Morning Walk,1,38.550622,-78.322322,853.8,2026-04-20T15:58:00.000Z
trackpoint,Monday Morning Walk,1,38.550635,-78.322307,854.4,2026-04-20T15:58:05.000Z
trackpoint,Monday Morning Walk,1,38.550662,-78.322252,855.4,2026-04-20T15:58:10.000Z
trackpoint,Monday Morning Walk,1,38.550678,-78.322234,857,2026-04-20T15:58:16.000Z
trackpoint,Monday Morning Walk,1,38.550677,-78.322199,857.8,2026-04-20T15:58:22.000Z
trackpoint,Monday Morning Walk,1,38.550717,-78.322146,858.5,2026-04-20T15:58:27.000Z
trackpoint,Monday Morning Walk,1,38.550748,-78.322104,858,2026-04-20T15:58:32.000Z
trackpoint,Monday Morning Walk,1,38.550763,-78.322071,857.3,2026-04-20T15:58:37.000Z
trackpoint,Monday Morning Walk,1,38.550773,-78.322034,858.1,2026-04-20T15:58:42.000Z
trackpoint,Monday Morning Walk,1,38.550792,-78.321989,858.6,2026-04-20T15:58:47.000Z
trackpoint,Monday Morning Walk,1,38.55081,-78.321979,858.7,2026-04-20T15:58:52.000Z
trackpoint,Monday Morning Walk,1,38.550832,-78.321959,857.6,2026-04-20T15:58:57.000Z
trackpoint,Monday Morning Walk,1,38.550842,-78.321952,855.9,2026-04-20T15:59:02.000Z
trackpoint,Monday Morning Walk,1,38.550843,-78.321947,854.6,2026-04-20T15:59:07.000Z
trackpoint,Monday Morning Walk,1,38.550905,-78.321902,853.3,2026-04-20T15:59:12.000Z
trackpoint,Monday Morning Walk,1,38.550957,-78.321861,851.8,2026-04-20T15:59:18.000Z
trackpoint,Monday Morning Walk,1,38.55097,-78.321836,850.9,2026-04-20T15:59:23.000Z
trackpoint,Monday Morning Walk,1,38.550985,-78.321807,849.9,2026-04-20T15:59:28.000Z
trackpoint,Monday Morning Walk,1,38.551002,-78.321789,849.7,2026-04-20T15:59:33.000Z
trackpoint,Monday Morning Walk,1,38.55103,-78.321756,849.9,2026-04-20T15:59:38.000Z
trackpoint,Monday Morning Walk,1,38.551038,-78.321732,850.1,2026-04-20T15:59:43.000Z
trackpoint,Monday Morning Walk,1,38.55105,-78.321687,850,2026-04-20T15:59:48.000Z
trackpoint,Monday Morning Walk,1,38.55107,-78.321654,850.1,2026-04-20T15:59:53.000Z
trackpoint,Monday Morning Walk,1,38.551077,-78.321622,849.8,2026-04-20T15:59:58.000Z
trackpoint,Monday Morning Walk,1,38.551075,-78.321612,849.7,2026-04-20T16:00:03.000Z
trackpoint,Monday Morning Walk,1,38.551087,-78.321604,849.6,2026-04-20T16:00:08.000Z
trackpoint,Monday Morning Walk,1,38.551077,-78.321557,849.3,2026-04-20T16:00:13.000Z
trackpoint,Monday Morning Walk,1,38.551078,-78.321516,848.8,2026-04-20T16:00:19.000Z
trackpoint,Monday Morning Walk,1,38.55107,-78.321502,848.5,2026-04-20T16:00:24.000Z
trackpoint,Monday Morning Walk,1,38.551073,-78.321494,848.2,2026-04-20T16:00:29.000Z
trackpoint,Monday Morning Walk,1,38.551087,-78.321466,848.7,2026-04-20T16:00:34.000Z
trackpoint,Monday Morning Walk,1,38.551085,-78.321426,849,2026-04-20T16:00:39.000Z
trackpoint,Monday Morning Walk,1,38.551108,-78.321419,849.4,2026-04-20T16:00:44.000Z
trackpoint,Monday Morning Walk,1,38.551113,-78.321387,849.4,2026-04-20T16:00:49.000Z
trackpoint,Monday Morning Walk,1,38.551112,-78.321331,849.3,2026-04-20T16:00:54.000Z
trackpoint,Monday Morning Walk,1,38.551118,-78.321282,849.5,2026-04-20T16:00:59.000Z
trackpoint,Monday Morning Walk,1,38.551123,-78.321221,850,2026-04-20T16:01:04.000Z
trackpoint,Monday Morning Walk,1,38.551122,-78.321209,850.3,2026-04-20T16:01:09.000Z
trackpoint,Monday Morning Walk,1,38.551143,-78.321167,849.8,2026-04-20T16:01:14.000Z
trackpoint,Monday Morning Walk,1,38.55117,-78.321124,848.8,2026-04-20T16:01:19.000Z
trackpoint,Monday Morning Walk,1,38.551193,-78.321096,847.7,2026-04-20T16:01:25.000Z
trackpoint,Monday Morning Walk,1,38.55122,-78.321042,847,2026-04-20T16:01:30.000Z
trackpoint,Monday Morning Walk,1,38.551238,-78.321026,846.9,2026-04-20T16:01:35.000Z
trackpoint,Monday Morning Walk,1,38.551238,-78.321029,846.9,2026-04-20T16:01:40.000Z
trackpoint,Monday Morning Walk,1,38.55126,-78.320986,846.5,2026-04-20T16:01:45.000Z
trackpoint,Monday Morning Walk,1,38.551263,-78.320974,846,2026-04-20T16:01:50.000Z
trackpoint,Monday Morning Walk,1,38.551267,-78.320961,845.6,2026-04-20T16:01:55.000Z
trackpoint,Monday Morning Walk,1,38.551293,-78.320944,844.9,2026-04-20T16:02:00.000Z
trackpoint,Monday Morning Walk,1,38.551293,-78.320959,844.7,2026-04-20T16:02:05.000Z
trackpoint,Monday Morning Walk,1,38.551293,-78.320932,844.3,2026-04-20T16:02:10.000Z
trackpoint,Monday Morning Walk,1,38.551293,-78.320927,843.7,2026-04-20T16:02:15.000Z
trackpoint,Monday Morning Walk,1,38.551318,-78.320914,843.6,2026-04-20T16:02:20.000Z
trackpoint,Monday Morning Walk,1,38.551352,-78.320867,843.4,2026-04-20T16:02:26.000Z
trackpoint,Monday Morning Walk,1,38.551392,-78.320801,842.5,2026-04-20T16:02:31.000Z
trackpoint,Monday Morning Walk,1,38.551432,-78.320754,842.3,2026-04-20T16:02:36.000Z
trackpoint,Monday Morning Walk,1,38.551477,-78.320739,842.6,2026-04-20T16:02:41.000Z
trackpoint,Monday Morning Walk,1,38.551505,-78.320726,842.4,2026-04-20T16:02:46.000Z
trackpoint,Monday Morning Walk,1,38.55156,-78.320692,842.5,2026-04-20T16:02:51.000Z
trackpoint,Monday Morning Walk,1,38.551582,-78.320684,842.2,2026-04-20T16:02:56.000Z
trackpoint,Monday Morning Walk,1,38.551573,-78.320662,842.1,2026-04-20T16:03:01.000Z
trackpoint,Monday Morning Walk,1,38.551592,-78.320587,840.9,2026-04-20T16:03:06.000Z
trackpoint,Monday Morning Walk,1,38.551627,-78.320591,839.2,2026-04-20T16:03:11.000Z
trackpoint,Monday Morning Walk,1,38.551662,-78.320566,838.6,2026-04-20T16:03:16.000Z
trackpoint,Monday Morning Walk,1,38.551653,-78.320541,838.8,2026-04-20T16:03:21.000Z
trackpoint,Monday Morning Walk,1,38.551658,-78.320531,838.3,2026-04-20T16:03:27.000Z
trackpoint,Monday Morning Walk,1,38.551695,-78.320507,838.1,2026-04-20T16:03:32.000Z
trackpoint,Monday Morning Walk,1,38.551737,-78.320492,838.1,2026-04-20T16:03:37.000Z
trackpoint,Monday Morning Walk,1,38.551737,-78.320516,837.6,2026-04-20T16:03:42.000Z
trackpoint,Monday Morning Walk,1,38.551712,-78.320504,836.2,2026-04-20T16:03:47.000Z
trackpoint,Monday Morning Walk,1,38.551727,-78.320497,835.4,2026-04-20T16:03:52.000Z
trackpoint,Monday Morning Walk,1,38.55177,-78.320499,833.7,2026-04-20T16:03:57.000Z
trackpoint,Monday Morning Walk,1,38.551843,-78.320469,831.2,2026-04-20T16:04:02.000Z
trackpoint,Monday Morning Walk,1,38.551867,-78.320456,830.4,2026-04-20T16:04:07.000Z
trackpoint,Monday Morning Walk,1,38.551915,-78.320449,830.1,2026-04-20T16:04:12.000Z
trackpoint,Monday Morning Walk,1,38.55197,-78.320426,830.1,2026-04-20T16:04:17.000Z
trackpoint,Monday Morning Walk,1,38.551982,-78.320412,829.6,2026-04-20T16:04:23.000Z
trackpoint,Monday Morning Walk,1,38.551998,-78.320431,829,2026-04-20T16:04:28.000Z
trackpoint,Monday Morning Walk,1,38.552028,-78.320454,828.3,2026-04-20T16:04:33.000Z
trackpoint,Monday Morning Walk,1,38.552077,-78.320492,828.3,2026-04-20T16:04:38.000Z
trackpoint,Monday Morning Walk,1,38.552105,-78.320454,827.7,2026-04-20T16:04:43.000Z
trackpoint,Monday Morning Walk,1,38.55213,-78.320451,827.8,2026-04-20T16:04:48.000Z
trackpoint,Monday Morning Walk,1,38.552147,-78.320449,827.9,2026-04-20T16:04:53.000Z
trackpoint,Monday Morning Walk,1,38.55217,-78.320466,827.4,2026-04-20T16:04:58.000Z
trackpoint,Monday Morning Walk,1,38.552195,-78.320511,827.8,2026-04-20T16:05:03.000Z
trackpoint,Monday Morning Walk,1,38.55219,-78.320554,828,2026-04-20T16:05:08.000Z
trackpoint,Monday Morning Walk,1,38.552193,-78.320529,828.2,2026-04-20T16:05:13.000Z
trackpoint,Monday Morning Walk,1,38.552228,-78.320459,828.1,2026-04-20T16:05:18.000Z
trackpoint,Monday Morning Walk,1,38.552277,-78.320426,828.4,2026-04-20T16:05:24.000Z
trackpoint,Monday Morning Walk,1,38.552308,-78.320402,827.2,2026-04-20T16:05:30.000Z
trackpoint,Monday Morning Walk,1,38.552308,-78.320374,826.3,2026-04-20T16:05:35.000Z
trackpoint,Monday Morning Walk,1,38.55232,-78.320322,825.9,2026-04-20T16:05:40.000Z
trackpoint,Monday Morning Walk,1,38.552342,-78.320302,825.3,2026-04-20T16:05:45.000Z
trackpoint,Monday Morning Walk,1,38.552363,-78.320254,824,2026-04-20T16:05:50.000Z
trackpoint,Monday Morning Walk,1,38.552397,-78.320169,822.2,2026-04-20T16:05:55.000Z
trackpoint,Monday Morning Walk,1,38.552418,-78.320106,820.8,2026-04-20T16:06:00.000Z
trackpoint,Monday Morning Walk,1,38.552458,-78.320087,820,2026-04-20T16:06:05.000Z
trackpoint,Monday Morning Walk,1,38.552482,-78.320089,819.3,2026-04-20T16:06:10.000Z
trackpoint,Monday Morning Walk,1,38.552503,-78.320057,819.3,2026-04-20T16:06:15.000Z
trackpoint,Monday Morning Walk,1,38.552507,-78.319997,817.9,2026-04-20T16:06:20.000Z
trackpoint,Monday Morning Walk,1,38.552518,-78.319982,816.4,2026-04-20T16:06:26.000Z
trackpoint,Monday Morning Walk,1,38.55255,-78.319997,815.6,2026-04-20T16:06:31.000Z
trackpoint,Monday Morning Walk,1,38.552572,-78.319966,815.5,2026-04-20T16:06:36.000Z
trackpoint,Monday Morning Walk,1,38.552597,-78.319961,815.1,2026-04-20T16:06:41.000Z
trackpoint,Monday Morning Walk,1,38.552602,-78.319926,814.7,2026-04-20T16:06:46.000Z
trackpoint,Monday Morning Walk,1,38.552622,-78.319906,814.2,2026-04-20T16:06:51.000Z
trackpoint,Monday Morning Walk,1,38.552612,-78.319901,813.6,2026-04-20T16:06:56.000Z
trackpoint,Monday Morning Walk,1,38.552617,-78.319899,812.9,2026-04-20T16:07:01.000Z
trackpoint,Monday Morning Walk,1,38.552652,-78.319892,811.7,2026-04-20T16:07:06.000Z
trackpoint,Monday Morning Walk,1,38.552657,-78.319899,811.5,2026-04-20T16:07:11.000Z
trackpoint,Monday Morning Walk,1,38.552665,-78.319931,811.7,2026-04-20T16:07:16.000Z
trackpoint,Monday Morning Walk,1,38.552675,-78.320017,812,2026-04-20T16:07:22.000Z
trackpoint,Monday Morning Walk,1,38.552683,-78.320064,811.7,2026-04-20T16:07:28.000Z
trackpoint,Monday Morning Walk,1,38.552677,-78.320086,811.6,2026-04-20T16:07:33.000Z
trackpoint,Monday Morning Walk,1,38.552675,-78.320094,811.6,2026-04-20T16:07:38.000Z
trackpoint,Monday Morning Walk,1,38.55264,-78.320092,811.3,2026-04-20T16:07:43.000Z
trackpoint,Monday Morning Walk,1,38.55265,-78.320079,810.5,2026-04-20T16:07:48.000Z
trackpoint,Monday Morning Walk,1,38.55265,-78.320109,809.8,2026-04-20T16:07:53.000Z
trackpoint,Monday Morning Walk,1,38.552683,-78.320134,809.2,2026-04-20T16:07:58.000Z
trackpoint,Monday Morning Walk,1,38.552633,-78.320161,808,2026-04-20T16:08:03.000Z
trackpoint,Monday Morning Walk,1,38.552583,-78.320162,807,2026-04-20T16:08:08.000Z
trackpoint,Monday Morning Walk,1,38.552557,-78.320159,806.7,2026-04-20T16:08:13.000Z
trackpoint,Monday Morning Walk,1,38.55254,-78.320144,806.7,2026-04-20T16:08:18.000Z
trackpoint,Monday Morning Walk,1,38.5525,-78.320116,806.8,2026-04-20T16:08:23.000Z
trackpoint,Monday Morning Walk,1,38.552525,-78.320222,806.9,2026-04-20T16:08:29.000Z
trackpoint,Monday Morning Walk,1,38.552597,-78.320294,807.1,2026-04-20T16:08:34.000Z
trackpoint,Monday Morning Walk,1,38.552592,-78.320366,806.7,2026-04-20T16:08:39.000Z
trackpoint,Monday Morning Walk,1,38.552595,-78.320462,805.9,2026-04-20T16:08:44.000Z
trackpoint,Monday Morning Walk,1,38.552577,-78.320519,804.6,2026-04-20T16:08:49.000Z
trackpoint,Monday Morning Walk,1,38.552582,-78.320584,805,2026-04-20T16:08:54.000Z
trackpoint,Monday Morning Walk,1,38.55256,-78.320649,805.1,2026-04-20T16:08:59.000Z
trackpoint,Monday Morning Walk,1,38.552558,-78.320671,804.6,2026-04-20T16:09:04.000Z
trackpoint,Monday Morning Walk,1,38.552582,-78.320709,803.6,2026-04-20T16:09:09.000Z
trackpoint,Monday Morning Walk,1,38.552572,-78.320711,802.7,2026-04-20T16:09:14.000Z
trackpoint,Monday Morning Walk,1,38.552552,-78.320697,802.6,2026-04-20T16:09:19.000Z
trackpoint,Monday Morning Walk,1,38.552483,-78.320749,802.6,2026-04-20T16:09:25.000Z
trackpoint,Monday Morning Walk,1,38.552495,-78.320834,801.8,2026-04-20T16:09:30.000Z
trackpoint,Monday Morning Walk,1,38.552517,-78.320901,801.1,2026-04-20T16:09:35.000Z
trackpoint,Monday Morning Walk,1,38.552503,-78.320916,799.7,2026-04-20T16:09:40.000Z
trackpoint,Monday Morning Walk,1,38.552452,-78.320919,798.7,2026-04-20T16:09:45.000Z
trackpoint,Monday Morning Walk,1,38.552415,-78.321001,796.4,2026-04-20T16:09:50.000Z
trackpoint,Monday Morning Walk,1,38.552418,-78.321047,794.8,2026-04-20T16:09:55.000Z
trackpoint,Monday Morning Walk,1,38.552408,-78.321066,794.5,2026-04-20T16:10:00.000Z
trackpoint,Monday Morning Walk,1,38.552387,-78.321072,793.5,2026-04-20T16:10:05.000Z
trackpoint,Monday Morning Walk,1,38.552387,-78.321087,793,2026-04-20T16:10:10.000Z
trackpoint,Monday Morning Walk,1,38.552363,-78.321076,793,2026-04-20T16:10:15.000Z
trackpoint,Monday Morning Walk,1,38.55226,-78.321059,792,2026-04-20T16:10:21.000Z
trackpoint,Monday Morning Walk,1,38.55221,-78.321056,791.4,2026-04-20T16:10:25.000Z
trackpoint,Monday Morning Walk,1,38.552235,-78.321069,791.5,2026-04-20T16:10:31.000Z
trackpoint,Monday Morning Walk,1,38.552257,-78.321174,789.6,2026-04-20T16:10:36.000Z
trackpoint,Monday Morning Walk,1,38.552197,-78.321186,788.4,2026-04-20T16:10:46.000Z
trackpoint,Monday Morning Walk,1,38.552183,-78.321222,787.3,2026-04-20T16:10:51.000Z
trackpoint,Monday Morning Walk,1,38.552175,-78.321217,786.4,2026-04-20T16:10:57.000Z
trackpoint,Monday Morning Walk,1,38.552113,-78.321244,784.1,2026-04-20T16:11:02.000Z
trackpoint,Monday Morning Walk,1,38.552098,-78.321266,783.3,2026-04-20T16:11:07.000Z
trackpoint,Monday Morning Walk,1,38.552095,-78.321271,783.3,2026-04-20T16:11:12.000Z
trackpoint,Monday Morning Walk,1,38.55208,-78.321297,783.1,2026-04-20T16:11:17.000Z
trackpoint,Monday Morning Walk,1,38.552107,-78.321411,783.9,2026-04-20T16:11:22.000Z
trackpoint,Monday Morning Walk,1,38.552172,-78.321484,783.6,2026-04-20T16:11:27.000Z
trackpoint,Monday Morning Walk,1,38.55217,-78.321556,783.7,2026-04-20T16:11:32.000Z
trackpoint,Monday Morning Walk,1,38.552158,-78.321571,784,2026-04-20T16:11:37.000Z
trackpoint,Monday Morning Walk,1,38.552168,-78.321569,784,2026-04-20T16:11:42.000Z
trackpoint,Monday Morning Walk,1,38.552195,-78.321572,784.6,2026-04-20T16:11:47.000Z
trackpoint,Monday Morning Walk,1,38.552208,-78.321607,785.1,2026-04-20T16:11:52.000Z
trackpoint,Monday Morning Walk,1,38.552237,-78.321596,785.1,2026-04-20T16:11:58.000Z
trackpoint,Monday Morning Walk,1,38.552252,-78.321611,785.1,2026-04-20T16:12:03.000Z
trackpoint,Monday Morning Walk,1,38.552265,-78.321689,786,2026-04-20T16:12:08.000Z
trackpoint,Monday Morning Walk,1,38.552288,-78.321709,786.9,2026-04-20T16:12:13.000Z
trackpoint,Monday Morning Walk,1,38.552322,-78.321756,787.9,2026-04-20T16:12:18.000Z
trackpoint,Monday Morning Walk,1,38.552323,-78.321776,787,2026-04-20T16:12:23.000Z
trackpoint,Monday Morning Walk,1,38.552325,-78.321781,786.7,2026-04-20T16:12:28.000Z
trackpoint,Monday Morning Walk,1,38.552322,-78.321814,786.1,2026-04-20T16:12:33.000Z
trackpoint,Monday Morning Walk,1,38.552338,-78.321854,786.2,2026-04-20T16:12:38.000Z
trackpoint,Monday Morning Walk,1,38.552322,-78.321907,785.3,2026-04-20T16:12:43.000Z
trackpoint,Monday Morning Walk,1,38.552333,-78.321962,784.7,2026-04-20T16:12:48.000Z
trackpoint,Monday Morning Walk,1,38.552352,-78.322049,784.2,2026-04-20T16:12:53.000Z
trackpoint,Monday Morning Walk,1,38.552347,-78.322092,782.6,2026-04-20T16:12:59.000Z
trackpoint,Monday Morning Walk,1,38.552342,-78.322124,782.1,2026-04-20T16:13:04.000Z
trackpoint,Monday Morning Walk,1,38.552338,-78.322202,780.6,2026-04-20T16:13:09.000Z
trackpoint,Monday Morning Walk,1,38.55233,-78.322234,778.9,2026-04-20T16:13:14.000Z
trackpoint,Monday Morning Walk,1,38.552317,-78.322241,778.3,2026-04-20T16:13:19.000Z
trackpoint,Monday Morning Walk,1,38.55229,-78.322239,778.1,2026-04-20T16:13:24.000Z
trackpoint,Monday Morning Walk,1,38.552305,-78.322286,777.5,2026-04-20T16:13:29.000Z
trackpoint,Monday Morning Walk,1,38.552315,-78.322296,776.4,2026-04-20T16:13:34.000Z
trackpoint,Monday Morning Walk,1,38.552308,-78.322299,775.5,2026-04-20T16:13:39.000Z
trackpoint,Monday Morning Walk,1,38.552288,-78.322306,774.6,2026-04-20T16:13:44.000Z
trackpoint,Monday Morning Walk,1,38.552295,-78.322341,773.9,2026-04-20T16:13:49.000Z
trackpoint,Monday Morning Walk,1,38.552295,-78.322347,773.3,2026-04-20T16:13:54.000Z
trackpoint,Monday Morning Walk,1,38.5523,-78.322399,773.2,2026-04-20T16:14:00.000Z
trackpoint,Monday Morning Walk,1,38.552292,-78.322439,774,2026-04-20T16:14:05.000Z
trackpoint,Monday Morning Walk,1,38.552287,-78.322479,775,2026-04-20T16:14:10.000Z
trackpoint,Monday Morning Walk,1,38.552315,-78.322544,774.9,2026-04-20T16:14:15.000Z
trackpoint,Monday Morning Walk,1,38.552323,-78.322579,774.6,2026-04-20T16:14:20.000Z
trackpoint,Monday Morning Walk,1,38.552335,-78.322604,773.7,2026-04-20T16:14:25.000Z
trackpoint,Monday Morning Walk,1,38.552345,-78.322667,772.4,2026-04-20T16:14:30.000Z
trackpoint,Monday Morning Walk,1,38.55236,-78.322702,771.6,2026-04-20T16:14:35.000Z
trackpoint,Monday Morning Walk,1,38.552382,-78.322717,770.2,2026-04-20T16:14:40.000Z
trackpoint,Monday Morning Walk,1,38.55237,-78.322714,770.2,2026-04-20T16:14:45.000Z
trackpoint,Monday Morning Walk,1,38.552373,-78.322722,769.6,2026-04-20T16:14:50.000Z
trackpoint,Monday Morning Walk,1,38.552375,-78.322714,769,2026-04-20T16:14:55.000Z
trackpoint,Monday Morning Walk,1,38.552403,-78.322762,768.4,2026-04-20T16:15:01.000Z
trackpoint,Monday Morning Walk,1,38.552435,-78.322802,768.7,2026-04-20T16:15:06.000Z
trackpoint,Monday Morning Walk,1,38.552458,-78.322854,769.8,2026-04-20T16:15:11.000Z
trackpoint,Monday Morning Walk,1,38.552475,-78.322882,768.4,2026-04-20T16:15:16.000Z
trackpoint,Monday Morning Walk,1,38.552488,-78.322934,768.5,2026-04-20T16:15:21.000Z
trackpoint,Monday Morning Walk,1,38.552505,-78.322976,769,2026-04-20T16:15:26.000Z
trackpoint,Monday Morning Walk,1,38.552545,-78.323026,769,2026-04-20T16:15:31.000Z
trackpoint,Monday Morning Walk,1,38.552582,-78.323084,767.6,2026-04-20T16:15:36.000Z
trackpoint,Monday Morning Walk,1,38.552588,-78.323147,765.6,2026-04-20T16:15:41.000Z
trackpoint,Monday Morning Walk,1,38.552582,-78.323156,764.8,2026-04-20T16:15:46.000Z
trackpoint,Monday Morning Walk,1,38.552615,-78.323171,764.2,2026-04-20T16:15:51.000Z
trackpoint,Monday Morning Walk,1,38.552622,-78.323232,763.4,2026-04-20T16:15:56.000Z
trackpoint,Monday Morning Walk,1,38.552668,-78.323294,761.9,2026-04-20T16:16:01.000Z
trackpoint,Monday Morning Walk,1,38.552692,-78.323351,761.4,2026-04-20T16:16:07.000Z
trackpoint,Monday Morning Walk,1,38.552693,-78.323437,761.2,2026-04-20T16:16:12.000Z
trackpoint,Monday Morning Walk,1,38.552707,-78.323501,760.6,2026-04-20T16:16:17.000Z
trackpoint,Monday Morning Walk,1,38.55271,-78.323542,758.7,2026-04-20T16:16:22.000Z
trackpoint,Monday Morning Walk,1,38.552688,-78.323552,756.6,2026-04-20T16:16:27.000Z
trackpoint,Monday Morning Walk,1,38.552692,-78.323569,755.4,2026-04-20T16:16:32.000Z
trackpoint,Monday Morning Walk,1,38.552678,-78.323594,754.3,2026-04-20T16:16:37.000Z
trackpoint,Monday Morning Walk,1,38.552697,-78.323651,753.8,2026-04-20T16:16:42.000Z
trackpoint,Monday Morning Walk,1,38.552693,-78.323721,754.1,2026-04-20T16:16:47.000Z
trackpoint,Monday Morning Walk,1,38.552697,-78.323741,754.6,2026-04-20T16:16:52.000Z
trackpoint,Monday Morning Walk,1,38.552708,-78.323766,754.8,2026-04-20T16:16:58.000Z
trackpoint,Monday Morning Walk,1,38.552715,-78.323791,754.6,2026-04-20T16:17:03.000Z
trackpoint,Monday Morning Walk,1,38.552737,-78.323772,754.2,2026-04-20T16:17:08.000Z
trackpoint,Monday Morning Walk,1,38.552735,-78.323801,753.9,2026-04-20T16:17:13.000Z
trackpoint,Monday Morning Walk,1,38.55276,-78.323867,753.8,2026-04-20T16:17:18.000Z
trackpoint,Monday Morning Walk,1,38.55279,-78.323921,752.6,2026-04-20T16:17:23.000Z
trackpoint,Monday Morning Walk,1,38.55282,-78.323952,751.9,2026-04-20T16:17:28.000Z
trackpoint,Monday Morning Walk,1,38.552825,-78.324011,752.4,2026-04-20T16:17:33.000Z
trackpoint,Monday Morning Walk,1,38.552825,-78.324062,752.3,2026-04-20T16:17:38.000Z
trackpoint,Monday Morning Walk,1,38.552793,-78.324171,751.6,2026-04-20T16:17:43.000Z
trackpoint,Monday Morning Walk,1,38.55279,-78.324239,752.4,2026-04-20T16:17:48.000Z
trackpoint,Monday Morning Walk,1,38.552778,-78.324297,753.7,2026-04-20T16:17:53.000Z
trackpoint,Monday Morning Walk,1,38.552782,-78.324297,753.5,2026-04-20T16:17:58.000Z
trackpoint,Monday Morning Walk,1,38.552788,-78.324391,752.3,2026-04-20T16:18:04.000Z
trackpoint,Monday Morning Walk,1,38.55278,-78.324456,751.9,2026-04-20T16:18:09.000Z
trackpoint,Monday Morning Walk,1,38.552792,-78.324509,752.5,2026-04-20T16:18:14.000Z
trackpoint,Monday Morning Walk,1,38.552805,-78.324567,752.3,2026-04-20T16:18:19.000Z
trackpoint,Monday Morning Walk,1,38.552805,-78.324597,752.4,2026-04-20T16:18:24.000Z
trackpoint,Monday Morning Walk,1,38.552807,-78.324652,753.2,2026-04-20T16:18:29.000Z
trackpoint,Monday Morning Walk,1,38.552795,-78.324729,751.8,2026-04-20T16:18:34.000Z
trackpoint,Monday Morning Walk,1,38.552767,-78.324767,750.8,2026-04-20T16:18:39.000Z
trackpoint,Monday Morning Walk,1,38.552788,-78.324827,748.5,2026-04-20T16:18:44.000Z
trackpoint,Monday Morning Walk,1,38.55279,-78.324869,747,2026-04-20T16:18:49.000Z
trackpoint,Monday Morning Walk,1,38.552777,-78.324912,745.7,2026-04-20T16:18:54.000Z
trackpoint,Monday Morning Walk,1,38.552722,-78.324969,745.4,2026-04-20T16:19:00.000Z
trackpoint,Monday Morning Walk,1,38.552702,-78.325002,746,2026-04-20T16:19:06.000Z
trackpoint,Monday Morning Walk,1,38.552683,-78.325046,746,2026-04-20T16:19:11.000Z
trackpoint,Monday Morning Walk,1,38.552667,-78.325051,746.9,2026-04-20T16:19:16.000Z
trackpoint,Monday Morning Walk,1,38.552658,-78.325072,746.9,2026-04-20T16:19:21.000Z
trackpoint,Monday Morning Walk,1,38.552647,-78.325124,746.4,2026-04-20T16:19:26.000Z
trackpoint,Monday Morning Walk,1,38.552632,-78.325126,745.6,2026-04-20T16:19:31.000Z
trackpoint,Monday Morning Walk,1,38.55255,-78.325069,744.4,2026-04-20T16:19:36.000Z
trackpoint,Monday Morning Walk,1,38.552503,-78.325061,743.5,2026-04-20T16:19:41.000Z
trackpoint,Monday Morning Walk,1,38.55249,-78.325129,742.6,2026-04-20T16:19:46.000Z
trackpoint,Monday Morning Walk,1,38.552478,-78.325211,741.5,2026-04-20T16:19:51.000Z
trackpoint,Monday Morning Walk,1,38.552483,-78.325242,739.7,2026-04-20T16:19:57.000Z
trackpoint,Monday Morning Walk,1,38.552445,-78.325237,739.2,2026-04-20T16:20:02.000Z
trackpoint,Monday Morning Walk,1,38.55238,-78.325266,738,2026-04-20T16:20:07.000Z
trackpoint,Monday Morning Walk,1,38.552368,-78.325289,737.3,2026-04-20T16:20:12.000Z
trackpoint,Monday Morning Walk,1,38.552343,-78.325299,736.7,2026-04-20T16:20:17.000Z
trackpoint,Monday Morning Walk,1,38.552287,-78.325286,735.2,2026-04-20T16:20:22.000Z
trackpoint,Monday Morning Walk,1,38.55227,-78.325316,734.3,2026-04-20T16:20:27.000Z
trackpoint,Monday Morning Walk,1,38.552272,-78.325361,733.7,2026-04-20T16:20:32.000Z
trackpoint,Monday Morning Walk,1,38.552253,-78.325371,733.5,2026-04-20T16:20:37.000Z
trackpoint,Monday Morning Walk,1,38.552235,-78.325366,732.8,2026-04-20T16:20:42.000Z
trackpoint,Monday Morning Walk,1,38.552225,-78.325391,732.1,2026-04-20T16:20:47.000Z
trackpoint,Monday Morning Walk,1,38.55224,-78.325409,732.5,2026-04-20T16:20:52.000Z
trackpoint,Monday Morning Walk,1,38.55224,-78.325422,732.2,2026-04-20T16:20:58.000Z
trackpoint,Monday Morning Walk,1,38.55224,-78.325511,732.7,2026-04-20T16:21:03.000Z
trackpoint,Monday Morning Walk,1,38.552233,-78.325594,733.2,2026-04-20T16:21:08.000Z
trackpoint,Monday Morning Walk,1,38.55221,-78.325609,733.5,2026-04-20T16:21:13.000Z
trackpoint,Monday Morning Walk,1,38.552197,-78.325619,732.9,2026-04-20T16:21:18.000Z
trackpoint,Monday Morning Walk,1,38.552222,-78.325677,733.4,2026-04-20T16:21:23.000Z
trackpoint,Monday Morning Walk,1,38.552237,-78.325717,733.4,2026-04-20T16:21:28.000Z
trackpoint,Monday Morning Walk,1,38.552225,-78.325777,734.2,2026-04-20T16:21:33.000Z
trackpoint,Monday Morning Walk,1,38.552248,-78.325807,734.8,2026-04-20T16:21:38.000Z
trackpoint,Monday Morning Walk,1,38.552253,-78.325814,734.9,2026-04-20T16:21:43.000Z
trackpoint,Monday Morning Walk,1,38.552257,-78.325804,735.2,2026-04-20T16:21:48.000Z
trackpoint,Monday Morning Walk,1,38.552238,-78.325802,735.4,2026-04-20T16:21:53.000Z
trackpoint,Monday Morning Walk,1,38.552257,-78.325797,736.8,2026-04-20T16:21:59.000Z
trackpoint,Monday Morning Walk,1,38.55227,-78.325834,737,2026-04-20T16:22:04.000Z
trackpoint,Monday Morning Walk,1,38.552315,-78.325887,738,2026-04-20T16:22:09.000Z
trackpoint,Monday Morning Walk,1,38.552338,-78.325942,738.4,2026-04-20T16:22:14.000Z
trackpoint,Monday Morning Walk,1,38.552342,-78.325956,739.3,2026-04-20T16:22:19.000Z
trackpoint,Monday Morning Walk,1,38.552385,-78.326011,740,2026-04-20T16:22:24.000Z
trackpoint,Monday Morning Walk,1,38.552402,-78.326051,739.8,2026-04-20T16:22:29.000Z
trackpoint,Monday Morning Walk,1,38.552393,-78.326171,739.5,2026-04-20T16:22:34.000Z
trackpoint,Monday Morning Walk,1,38.552387,-78.326274,738.3,2026-04-20T16:22:39.000Z
trackpoint,Monday Morning Walk,1,38.552405,-78.326371,736.2,2026-04-20T16:22:44.000Z
trackpoint,Monday Morning Walk,1,38.552387,-78.326431,734.8,2026-04-20T16:22:49.000Z
trackpoint,Monday Morning Walk,1,38.55238,-78.326427,733.3,2026-04-20T16:22:54.000Z
trackpoint,Monday Morning Walk,1,38.552398,-78.326482,731.7,2026-04-20T16:23:00.000Z
trackpoint,Monday Morning Walk,1,38.552405,-78.326521,731.3,2026-04-20T16:23:05.000Z
trackpoint,Monday Morning Walk,1,38.552407,-78.326606,730.3,2026-04-20T16:23:10.000Z
trackpoint,Monday Morning Walk,1,38.552422,-78.326686,729.3,2026-04-20T16:23:15.000Z
trackpoint,Monday Morning Walk,1,38.55244,-78.326729,729.2,2026-04-20T16:23:20.000Z
trackpoint,Monday Morning Walk,1,38.552457,-78.326761,727.9,2026-04-20T16:23:25.000Z
trackpoint,Monday Morning Walk,1,38.55246,-78.326774,726.2,2026-04-20T16:23:30.000Z
trackpoint,Monday Morning Walk,1,38.552473,-78.326821,726.7,2026-04-20T16:23:35.000Z
trackpoint,Monday Morning Walk,1,38.552488,-78.326886,726.4,2026-04-20T16:23:40.000Z
trackpoint,Monday Morning Walk,1,38.552492,-78.326937,725.6,2026-04-20T16:23:45.000Z
trackpoint,Monday Morning Walk,1,38.552508,-78.326991,724.7,2026-04-20T16:23:50.000Z
trackpoint,Monday Morning Walk,1,38.552523,-78.327021,723,2026-04-20T16:23:55.000Z
trackpoint,Monday Morning Walk,1,38.552515,-78.327101,720.2,2026-04-20T16:24:01.000Z
trackpoint,Monday Morning Walk,1,38.55252,-78.327194,717.2,2026-04-20T16:24:06.000Z
trackpoint,Monday Morning Walk,1,38.552518,-78.327287,715,2026-04-20T16:24:11.000Z
trackpoint,Monday Morning Walk,1,38.552522,-78.327364,714,2026-04-20T16:24:16.000Z
trackpoint,Monday Morning Walk,1,38.552552,-78.327392,712.6,2026-04-20T16:24:21.000Z
trackpoint,Monday Morning Walk,1,38.552578,-78.327454,711.4,2026-04-20T16:24:26.000Z
trackpoint,Monday Morning Walk,1,38.552583,-78.327484,710.4,2026-04-20T16:24:31.000Z
trackpoint,Monday Morning Walk,1,38.552598,-78.327511,709.9,2026-04-20T16:24:36.000Z
trackpoint,Monday Morning Walk,1,38.55262,-78.327531,708.8,2026-04-20T16:24:41.000Z
trackpoint,Monday Morning Walk,1,38.552633,-78.327552,708.2,2026-04-20T16:24:46.000Z
trackpoint,Monday Morning Walk,1,38.552625,-78.327594,707.2,2026-04-20T16:24:51.000Z
trackpoint,Monday Morning Walk,1,38.552628,-78.327612,706.9,2026-04-20T16:24:56.000Z
trackpoint,Monday Morning Walk,1,38.552623,-78.327616,706.3,2026-04-20T16:25:02.000Z
trackpoint,Monday Morning Walk,1,38.55263,-78.327636,706.2,2026-04-20T16:25:07.000Z
trackpoint,Monday Morning Walk,1,38.552665,-78.327687,705.7,2026-04-20T16:25:12.000Z
trackpoint,Monday Morning Walk,1,38.552677,-78.327752,704.8,2026-04-20T16:25:17.000Z
trackpoint,Monday Morning Walk,1,38.552683,-78.327822,704.2,2026-04-20T16:25:22.000Z
trackpoint,Monday Morning Walk,1,38.552698,-78.327851,705,2026-04-20T16:25:27.000Z
trackpoint,Monday Morning Walk,1,38.55268,-78.327891,704.6,2026-04-20T16:25:32.000Z
trackpoint,Monday Morning Walk,1,38.552675,-78.327914,704,2026-04-20T16:25:37.000Z
trackpoint,Monday Morning Walk,1,38.552678,-78.327984,702.9,2026-04-20T16:25:42.000Z
trackpoint,Monday Morning Walk,1,38.552687,-78.328036,701.4,2026-04-20T16:25:47.000Z
trackpoint,Monday Morning Walk,1,38.552705,-78.328081,700.1,2026-04-20T16:25:52.000Z
trackpoint,Monday Morning Walk,1,38.552718,-78.328124,697.8,2026-04-20T16:25:57.000Z
trackpoint,Monday Morning Walk,1,38.55276,-78.328161,694.9,2026-04-20T16:26:03.000Z
trackpoint,Monday Morning Walk,1,38.552763,-78.328181,694.2,2026-04-20T16:26:08.000Z
trackpoint,Monday Morning Walk,1,38.552802,-78.328261,693.2,2026-04-20T16:26:13.000Z
trackpoint,Monday Morning Walk,1,38.55281,-78.328332,692.2,2026-04-20T16:26:18.000Z
trackpoint,Monday Morning Walk,1,38.552835,-78.328392,690.9,2026-04-20T16:26:23.000Z
trackpoint,Monday Morning Walk,1,38.55283,-78.328419,691.3,2026-04-20T16:26:28.000Z
trackpoint,Monday Morning Walk,1,38.552822,-78.328444,692.1,2026-04-20T16:26:33.000Z
trackpoint,Monday Morning Walk,1,38.552792,-78.328456,691,2026-04-20T16:26:38.000Z
trackpoint,Monday Morning Walk,1,38.552788,-78.328551,690.5,2026-04-20T16:26:43.000Z
trackpoint,Monday Morning Walk,1,38.552783,-78.328601,689.3,2026-04-20T16:26:48.000Z
trackpoint,Monday Morning Walk,1,38.552745,-78.328646,688.6,2026-04-20T16:26:53.000Z
trackpoint,Monday Morning Walk,1,38.55275,-78.328731,688,2026-04-20T16:26:58.000Z
trackpoint,Monday Morning Walk,1,38.552743,-78.328752,688.7,2026-04-20T16:27:04.000Z
trackpoint,Monday Morning Walk,1,38.552735,-78.328732,689.3,2026-04-20T16:27:09.000Z
trackpoint,Monday Morning Walk,1,38.552742,-78.328759,691,2026-04-20T16:27:14.000Z
trackpoint,Monday Morning Walk,1,38.552733,-78.328774,691.5,2026-04-20T16:27:19.000Z
trackpoint,Monday Morning Walk,1,38.552727,-78.328802,691.3,2026-04-20T16:27:24.000Z
trackpoint,Monday Morning Walk,1,38.552732,-78.328856,691.4,2026-04-20T16:27:29.000Z
trackpoint,Monday Morning Walk,1,38.55274,-78.328902,691.4,2026-04-20T16:27:34.000Z
trackpoint,Monday Morning Walk,1,38.552747,-78.328914,691.9,2026-04-20T16:27:39.000Z
trackpoint,Monday Morning Walk,1,38.55274,-78.328936,692.4,2026-04-20T16:27:44.000Z
trackpoint,Monday Morning Walk,1,38.552747,-78.328997,693.4,2026-04-20T16:27:49.000Z
trackpoint,Monday Morning Walk,1,38.552743,-78.329064,693.5,2026-04-20T16:27:54.000Z
trackpoint,Monday Morning Walk,1,38.552763,-78.329147,693,2026-04-20T16:28:00.000Z
trackpoint,Monday Morning Walk,1,38.552797,-78.329214,692.7,2026-04-20T16:28:05.000Z
trackpoint,Monday Morning Walk,1,38.552798,-78.329249,692.3,2026-04-20T16:28:10.000Z
trackpoint,Monday Morning Walk,1,38.552818,-78.329299,690.4,2026-04-20T16:28:15.000Z
trackpoint,Monday Morning Walk,1,38.552843,-78.329347,686.8,2026-04-20T16:28:20.000Z
trackpoint,Monday Morning Walk,1,38.552862,-78.329387,684.9,2026-04-20T16:28:25.000Z
trackpoint,Monday Morning Walk,1,38.552882,-78.329451,682.7,2026-04-20T16:28:30.000Z
trackpoint,Monday Morning Walk,1,38.552902,-78.329472,679.9,2026-04-20T16:28:35.000Z
trackpoint,Monday Morning Walk,1,38.55291,-78.329481,677.9,2026-04-20T16:28:40.000Z
trackpoint,Monday Morning Walk,1,38.55293,-78.329492,675.7,2026-04-20T16:28:45.000Z
trackpoint,Monday Morning Walk,1,38.552942,-78.329487,675,2026-04-20T16:28:50.000Z
trackpoint,Monday Morning Walk,1,38.552967,-78.329479,673.9,2026-04-20T16:28:55.000Z
trackpoint,Monday Morning Walk,1,38.553022,-78.329546,672.5,2026-04-20T16:29:00.000Z
trackpoint,Monday Morning Walk,1,38.55306,-78.329637,669,2026-04-20T16:29:06.000Z
trackpoint,Monday Morning Walk,1,38.55309,-78.329686,667.4,2026-04-20T16:29:11.000Z
trackpoint,Monday Morning Walk,1,38.553128,-78.329712,665.1,2026-04-20T16:29:16.000Z
trackpoint,Monday Morning Walk,1,38.553158,-78.329699,662.8,2026-04-20T16:29:21.000Z
trackpoint,Monday Morning Walk,1,38.553207,-78.329671,661.1,2026-04-20T16:29:26.000Z
trackpoint,Monday Morning Walk,1,38.55325,-78.329734,658.7,2026-04-20T16:29:31.000Z
trackpoint,Monday Morning Walk,1,38.553298,-78.329742,657.2,2026-04-20T16:29:36.000Z
trackpoint,Monday Morning Walk,1,38.553332,-78.329772,654.7,2026-04-20T16:29:41.000Z
trackpoint,Monday Morning Walk,1,38.553348,-78.329749,654.4,2026-04-20T16:29:46.000Z
trackpoint,Monday Morning Walk,1,38.553403,-78.329701,654.9,2026-04-20T16:29:51.000Z
trackpoint,Monday Morning Walk,1,38.553398,-78.329694,654.3,2026-04-20T16:29:56.000Z
trackpoint,Monday Morning Walk,1,38.553432,-78.329671,653.9,2026-04-20T16:30:01.000Z
trackpoint,Monday Morning Walk,1,38.55347,-78.329692,653.9,2026-04-20T16:30:07.000Z
trackpoint,Monday Morning Walk,1,38.553448,-78.329749,654.2,2026-04-20T16:30:12.000Z
trackpoint,Monday Morning Walk,1,38.553432,-78.329801,654.7,2026-04-20T16:30:17.000Z
trackpoint,Monday Morning Walk,1,38.553433,-78.329804,654.9,2026-04-20T16:30:22.000Z
trackpoint,Monday Morning Walk,1,38.553465,-78.329794,654.3,2026-04-20T16:30:27.000Z
trackpoint,Monday Morning Walk,1,38.55347,-78.329802,654.2,2026-04-20T16:30:32.000Z
trackpoint,Monday Morning Walk,1,38.553497,-78.329799,654.3,2026-04-20T16:30:37.000Z
trackpoint,Monday Morning Walk,1,38.553502,-78.329829,653.4,2026-04-20T16:30:42.000Z
trackpoint,Monday Morning Walk,1,38.553532,-78.329879,652,2026-04-20T16:30:47.000Z
trackpoint,Monday Morning Walk,1,38.553537,-78.329876,651,2026-04-20T16:30:52.000Z
trackpoint,Monday Morning Walk,1,38.553553,-78.329886,650,2026-04-20T16:30:57.000Z
trackpoint,Monday Morning Walk,1,38.55358,-78.329911,649.1,2026-04-20T16:31:02.000Z
trackpoint,Monday Morning Walk,1,38.553625,-78.329902,649,2026-04-20T16:31:08.000Z
trackpoint,Monday Morning Walk,1,38.553648,-78.329852,648.2,2026-04-20T16:31:13.000Z
trackpoint,Monday Morning Walk,1,38.55367,-78.329846,646.3,2026-04-20T16:31:18.000Z
trackpoint,Monday Morning Walk,1,38.553672,-78.329831,645.6,2026-04-20T16:31:23.000Z
trackpoint,Monday Morning Walk,1,38.553682,-78.329806,645.2,2026-04-20T16:31:28.000Z
trackpoint,Monday Morning Walk,1,38.553702,-78.329729,644.2,2026-04-20T16:31:33.000Z
trackpoint,Monday Morning Walk,1,38.553717,-78.329646,643.4,2026-04-20T16:31:38.000Z
trackpoint,Monday Morning Walk,1,38.553737,-78.329542,642.4,2026-04-20T16:31:43.000Z
trackpoint,Monday Morning Walk,1,38.553707,-78.329444,642.3,2026-04-20T16:31:48.000Z
trackpoint,Monday Morning Walk,1,38.553735,-78.329437,643.2,2026-04-20T16:31:53.000Z
trackpoint,Monday Morning Walk,1,38.553762,-78.329421,641.5,2026-04-20T16:31:58.000Z
trackpoint,Monday Morning Walk,1,38.553775,-78.329386,641.1,2026-04-20T16:32:04.000Z
trackpoint,Monday Morning Walk,1,38.55377,-78.329367,640.4,2026-04-20T16:32:09.000Z
trackpoint,Monday Morning Walk,1,38.553782,-78.329349,640.1,2026-04-20T16:32:14.000Z
trackpoint,Monday Morning Walk,1,38.553822,-78.329337,640.2,2026-04-20T16:32:19.000Z
trackpoint,Monday Morning Walk,1,38.553852,-78.329289,641.2,2026-04-20T16:32:24.000Z
trackpoint,Monday Morning Walk,1,38.553882,-78.329214,641.7,2026-04-20T16:32:29.000Z
trackpoint,Monday Morning Walk,1,38.553938,-78.329126,642,2026-04-20T16:32:34.000Z
trackpoint,Monday Morning Walk,1,38.553988,-78.329096,642.4,2026-04-20T16:32:39.000Z
trackpoint,Monday Morning Walk,1,38.554027,-78.329049,642.2,2026-04-20T16:32:44.000Z
trackpoint,Monday Morning Walk,1,38.554063,-78.329037,642.1,2026-04-20T16:32:49.000Z
trackpoint,Monday Morning Walk,1,38.554093,-78.329034,641.5,2026-04-20T16:32:54.000Z
trackpoint,Monday Morning Walk,1,38.554142,-78.328997,640.9,2026-04-20T16:32:59.000Z
trackpoint,Monday Morning Walk,1,38.554173,-78.328994,640,2026-04-20T16:33:04.000Z
trackpoint,Monday Morning Walk,1,38.554222,-78.328994,639.3,2026-04-20T16:33:10.000Z
trackpoint,Monday Morning Walk,1,38.554298,-78.328992,638.3,2026-04-20T16:33:15.000Z
trackpoint,Monday Morning Walk,1,38.554375,-78.329047,636.4,2026-04-20T16:33:20.000Z
trackpoint,Monday Morning Walk,1,38.554442,-78.329067,635.2,2026-04-20T16:33:25.000Z
trackpoint,Monday Morning Walk,1,38.554488,-78.329092,634.1,2026-04-20T16:33:30.000Z
trackpoint,Monday Morning Walk,1,38.554533,-78.329074,632.5,2026-04-20T16:33:35.000Z
trackpoint,Monday Morning Walk,1,38.554572,-78.329069,631.4,2026-04-20T16:33:40.000Z
trackpoint,Monday Morning Walk,1,38.55463,-78.329049,629.9,2026-04-20T16:33:45.000Z
trackpoint,Monday Morning Walk,1,38.554678,-78.329056,628.7,2026-04-20T16:33:50.000Z
trackpoint,Monday Morning Walk,1,38.554707,-78.329106,628.6,2026-04-20T16:33:55.000Z
trackpoint,Monday Morning Walk,1,38.554752,-78.329109,628.6,2026-04-20T16:34:00.000Z
trackpoint,Monday Morning Walk,1,38.554798,-78.329079,629.4,2026-04-20T16:34:05.000Z
trackpoint,Monday Morning Walk,1,38.554877,-78.329066,628.9,2026-04-20T16:34:11.000Z
trackpoint,Monday Morning Walk,1,38.554938,-78.329056,627.7,2026-04-20T16:34:16.000Z
trackpoint,Monday Morning Walk,1,38.554997,-78.329066,626.3,2026-04-20T16:34:21.000Z
trackpoint,Monday Morning Walk,1,38.55504,-78.329124,624.8,2026-04-20T16:34:26.000Z
trackpoint,Monday Morning Walk,1,38.555085,-78.329151,623.1,2026-04-20T16:34:31.000Z
trackpoint,Monday Morning Walk,1,38.555137,-78.329179,621.9,2026-04-20T16:34:36.000Z
trackpoint,Monday Morning Walk,1,38.5552,-78.329192,621.2,2026-04-20T16:34:41.000Z
trackpoint,Monday Morning Walk,1,38.555265,-78.329219,619.8,2026-04-20T16:34:46.000Z
trackpoint,Monday Morning Walk,1,38.555317,-78.329247,619.1,2026-04-20T16:34:51.000Z
trackpoint,Monday Morning Walk,1,38.555363,-78.329222,618.4,2026-04-20T16:34:56.000Z
trackpoint,Monday Morning Walk,1,38.555397,-78.329201,617.4,2026-04-20T16:35:01.000Z
trackpoint,Monday Morning Walk,1,38.555455,-78.329217,617.5,2026-04-20T16:35:06.000Z
trackpoint,Monday Morning Walk,1,38.555513,-78.329217,617,2026-04-20T16:35:12.000Z
trackpoint,Monday Morning Walk,1,38.55556,-78.329279,616.4,2026-04-20T16:35:17.000Z
trackpoint,Monday Morning Walk,1,38.555588,-78.329312,615.8,2026-04-20T16:35:22.000Z
trackpoint,Monday Morning Walk,1,38.555622,-78.329306,614.9,2026-04-20T16:35:27.000Z
trackpoint,Monday Morning Walk,1,38.555678,-78.329309,613.9,2026-04-20T16:35:32.000Z
trackpoint,Monday Morning Walk,1,38.555743,-78.329314,613.2,2026-04-20T16:35:37.000Z
trackpoint,Monday Morning Walk,1,38.555778,-78.329324,611.4,2026-04-20T16:35:42.000Z
trackpoint,Monday Morning Walk,1,38.555818,-78.329351,608.9,2026-04-20T16:35:47.000Z
trackpoint,Monday Morning Walk,1,38.555843,-78.329376,607.7,2026-04-20T16:35:52.000Z
trackpoint,Monday Morning Walk,1,38.555882,-78.329386,605.2,2026-04-20T16:35:57.000Z
trackpoint,Monday Morning Walk,1,38.55594,-78.329389,604.3,2026-04-20T16:36:02.000Z
trackpoint,Monday Morning Walk,1,38.555952,-78.329454,604.6,2026-04-20T16:36:08.000Z
trackpoint,Monday Morning Walk,1,38.555963,-78.329474,604.7,2026-04-20T16:36:13.000Z
trackpoint,Monday Morning Walk,1,38.555962,-78.329484,604.8,2026-04-20T16:36:18.000Z
trackpoint,Monday Morning Walk,1,38.555955,-78.329546,604.1,2026-04-20T16:36:23.000Z
trackpoint,Monday Morning Walk,1,38.555955,-78.329634,603,2026-04-20T16:36:28.000Z
trackpoint,Monday Morning Walk,1,38.555953,-78.329726,601.7,2026-04-20T16:36:33.000Z
trackpoint,Monday Morning Walk,1,38.555962,-78.329802,601.4,2026-04-20T16:36:38.000Z
trackpoint,Monday Morning Walk,1,38.555945,-78.329867,601.6,2026-04-20T16:36:43.000Z
trackpoint,Monday Morning Walk,1,38.555942,-78.329972,601.7,2026-04-20T16:36:48.000Z
trackpoint,Monday Morning Walk,1,38.555925,-78.330024,601.2,2026-04-20T16:36:53.000Z
trackpoint,Monday Morning Walk,1,38.555908,-78.330064,602.6,2026-04-20T16:36:58.000Z
trackpoint,Monday Morning Walk,1,38.555872,-78.330147,602.3,2026-04-20T16:37:03.000Z
trackpoint,Monday Morning Walk,1,38.55584,-78.330242,602.5,2026-04-20T16:37:08.000Z
trackpoint,Monday Morning Walk,1,38.555805,-78.330306,602.6,2026-04-20T16:37:14.000Z
trackpoint,Monday Morning Walk,1,38.555762,-78.330314,601.2,2026-04-20T16:37:19.000Z
trackpoint,Monday Morning Walk,1,38.555803,-78.330359,601.4,2026-04-20T16:37:24.000Z
trackpoint,Monday Morning Walk,1,38.555837,-78.330401,601.6,2026-04-20T16:37:29.000Z
trackpoint,Monday Morning Walk,1,38.555888,-78.330426,600.6,2026-04-20T16:37:34.000Z
trackpoint,Monday Morning Walk,1,38.555925,-78.330494,597.7,2026-04-20T16:37:39.000Z
trackpoint,Monday Morning Walk,1,38.555953,-78.330564,595.7,2026-04-20T16:37:44.000Z
trackpoint,Monday Morning Walk,1,38.555993,-78.330584,594.4,2026-04-20T16:37:49.000Z
trackpoint,Monday Morning Walk,1,38.556062,-78.330562,593,2026-04-20T16:37:54.000Z
trackpoint,Monday Morning Walk,1,38.556113,-78.330587,590.9,2026-04-20T16:37:59.000Z
trackpoint,Monday Morning Walk,1,38.556133,-78.330619,589.8,2026-04-20T16:38:04.000Z
trackpoint,Monday Morning Walk,1,38.556175,-78.330652,589.1,2026-04-20T16:38:09.000Z
trackpoint,Monday Morning Walk,1,38.556205,-78.330671,588.4,2026-04-20T16:38:15.000Z
trackpoint,Monday Morning Walk,1,38.55625,-78.330741,588.7,2026-04-20T16:38:20.000Z
trackpoint,Monday Morning Walk,1,38.55629,-78.330797,589.1,2026-04-20T16:38:25.000Z
trackpoint,Monday Morning Walk,1,38.556355,-78.330809,587.3,2026-04-20T16:38:30.000Z
trackpoint,Monday Morning Walk,1,38.556393,-78.330824,586,2026-04-20T16:38:35.000Z
trackpoint,Monday Morning Walk,1,38.556413,-78.330859,585.6,2026-04-20T16:38:40.000Z
trackpoint,Monday Morning Walk,1,38.556433,-78.330879,586.7,2026-04-20T16:38:45.000Z
trackpoint,Monday Morning Walk,1,38.55648,-78.330881,587.8,2026-04-20T16:38:50.000Z
trackpoint,Monday Morning Walk,1,38.556517,-78.330949,588.1,2026-04-20T16:38:55.000Z
trackpoint,Monday Morning Walk,1,38.556532,-78.331014,587.9,2026-04-20T16:39:00.000Z
trackpoint,Monday Morning Walk,1,38.556528,-78.331072,588.3,2026-04-20T16:39:05.000Z
trackpoint,Monday Morning Walk,1,38.556538,-78.331109,589,2026-04-20T16:39:11.000Z
trackpoint,Monday Morning Walk,1,38.55656,-78.331137,590.5,2026-04-20T16:39:16.000Z
trackpoint,Monday Morning Walk,1,38.55656,-78.331224,590.9,2026-04-20T16:39:21.000Z
trackpoint,Monday Morning Walk,1,38.556575,-78.331324,591.1,2026-04-20T16:39:26.000Z
trackpoint,Monday Morning Walk,1,38.556603,-78.331461,591.3,2026-04-20T16:39:31.000Z
trackpoint,Monday Morning Walk,1,38.556617,-78.331542,590.7,2026-04-20T16:39:36.000Z
trackpoint,Monday Morning Walk,1,38.556637,-78.331626,590.6,2026-04-20T16:39:41.000Z
trackpoint,Monday Morning Walk,1,38.556663,-78.331722,590,2026-04-20T16:39:46.000Z
trackpoint,Monday Morning Walk,1,38.556692,-78.331782,590.6,2026-04-20T16:39:51.000Z
trackpoint,Monday Morning Walk,1,38.556723,-78.331822,591.9,2026-04-20T16:39:56.000Z
trackpoint,Monday Morning Walk,1,38.556757,-78.331847,591.7,2026-04-20T16:40:01.000Z
trackpoint,Monday Morning Walk,1,38.556778,-78.331884,592.3,2026-04-20T16:40:06.000Z
trackpoint,Monday Morning Walk,1,38.556808,-78.331966,592.5,2026-04-20T16:40:12.000Z
trackpoint,Monday Morning Walk,1,38.55682,-78.332024,591.8,2026-04-20T16:40:17.000Z
trackpoint,Monday Morning Walk,1,38.556852,-78.332112,591.5,2026-04-20T16:40:22.000Z
trackpoint,Monday Morning Walk,1,38.556867,-78.332224,590.7,2026-04-20T16:40:27.000Z
trackpoint,Monday Morning Walk,1,38.556897,-78.332267,591.2,2026-04-20T16:40:32.000Z
trackpoint,Monday Morning Walk,1,38.556917,-78.332326,590.4,2026-04-20T16:40:37.000Z
trackpoint,Monday Morning Walk,1,38.556955,-78.332344,590,2026-04-20T16:40:42.000Z
trackpoint,Monday Morning Walk,1,38.556988,-78.332362,589.9,2026-04-20T16:40:47.000Z
trackpoint,Monday Morning Walk,1,38.55702,-78.332357,589.6,2026-04-20T16:40:52.000Z
trackpoint,Monday Morning Walk,1,38.557067,-78.332362,590.1,2026-04-20T16:40:57.000Z
trackpoint,Monday Morning Walk,1,38.557108,-78.332364,590.6,2026-04-20T16:41:02.000Z
trackpoint,Monday Morning Walk,1,38.557152,-78.332294,590.8,2026-04-20T16:41:07.000Z
trackpoint,Monday Morning Walk,1,38.557158,-78.332294,591,2026-04-20T16:41:12.000Z
trackpoint,Monday Morning Walk,1,38.557203,-78.332259,591,2026-04-20T16:41:18.000Z
trackpoint,Monday Morning Walk,1,38.557232,-78.332246,591,2026-04-20T16:41:23.000Z
trackpoint,Monday Morning Walk,1,38.557263,-78.332241,590.9,2026-04-20T16:41:28.000Z
trackpoint,Monday Morning Walk,1,38.55728,-78.332201,590.3,2026-04-20T16:41:33.000Z
trackpoint,Monday Morning Walk,1,38.557293,-78.332206,589.7,2026-04-20T16:41:38.000Z
trackpoint,Monday Morning Walk,1,38.55731,-78.332169,589.6,2026-04-20T16:41:43.000Z
trackpoint,Monday Morning Walk,1,38.55733,-78.332154,588.3,2026-04-20T16:41:48.000Z
trackpoint,Monday Morning Walk,1,38.55732,-78.332121,587.9,2026-04-20T16:41:53.000Z
trackpoint,Monday Morning Walk,1,38.557293,-78.332101,587.5,2026-04-20T16:41:58.000Z
trackpoint,Monday Morning Walk,1,38.557253,-78.332057,588.2,2026-04-20T16:42:03.000Z
trackpoint,Monday Morning Walk,1,38.557233,-78.332077,588.3,2026-04-20T16:42:08.000Z
trackpoint,Monday Morning Walk,1,38.557275,-78.332094,588.3,2026-04-20T16:42:13.000Z
trackpoint,Monday Morning Walk,1,38.557332,-78.332134,588.1,2026-04-20T16:42:19.000Z
trackpoint,Monday Morning Walk,1,38.557357,-78.332194,588.5,2026-04-20T16:42:24.000Z
trackpoint,Monday Morning Walk,1,38.557278,-78.332084,587.6,2026-04-20T16:42:29.000Z
trackpoint,Monday Morning Walk,1,38.557253,-78.332056,583.4,2026-04-20T16:42:34.000Z
trackpoint,Monday Morning Walk,1,38.557283,-78.332059,580.3,2026-04-20T16:42:39.000Z
trackpoint,Monday Morning Walk,1,38.557313,-78.332022,579.8,2026-04-20T16:42:44.000Z
trackpoint,Monday Morning Walk,1,38.557345,-78.331991,579.8,2026-04-20T16:42:49.000Z
trackpoint,Monday Morning Walk,1,38.55742,-78.331962,579.9,2026-04-20T16:42:54.000Z
trackpoint,Monday Morning Walk,1,38.557472,-78.331941,579.7,2026-04-20T16:42:59.000Z
trackpoint,Monday Morning Walk,1,38.557537,-78.331929,579.6,2026-04-20T16:43:04.000Z
trackpoint,Monday Morning Walk,1,38.557602,-78.331881,579.5,2026-04-20T16:43:09.000Z
trackpoint,Monday Morning Walk,1,38.557657,-78.331864,579.2,2026-04-20T16:43:15.000Z
trackpoint,Monday Morning Walk,1,38.557697,-78.331847,579.1,2026-04-20T16:43:20.000Z
trackpoint,Monday Morning Walk,1,38.557743,-78.331827,579,2026-04-20T16:43:25.000Z
trackpoint,Monday Morning Walk,1,38.557798,-78.331769,579.1,2026-04-20T16:43:30.000Z
trackpoint,Monday Morning Walk,1,38.557858,-78.331717,579.4,2026-04-20T16:43:35.000Z
trackpoint,Monday Morning Walk,1,38.557932,-78.331676,579.2,2026-04-20T16:43:40.000Z
trackpoint,Monday Morning Walk,1,38.557965,-78.331647,579.3,2026-04-20T16:43:45.000Z
trackpoint,Monday Morning Walk,1,38.557973,-78.331589,579.4,2026-04-20T16:43:50.000Z
trackpoint,Monday Morning Walk,1,38.557985,-78.331561,579.2,2026-04-20T16:43:55.000Z
trackpoint,Monday Morning Walk,1,38.557993,-78.331507,579.3,2026-04-20T16:44:00.000Z
trackpoint,Monday Morning Walk,1,38.557992,-78.331424,580.1,2026-04-20T16:44:05.000Z
trackpoint,Monday Morning Walk,1,38.55799,-78.331376,581.2,2026-04-20T16:44:10.000Z
trackpoint,Monday Morning Walk,1,38.558038,-78.331302,582,2026-04-20T16:44:16.000Z
trackpoint,Monday Morning Walk,1,38.558068,-78.331219,582.9,2026-04-20T16:44:21.000Z
trackpoint,Monday Morning Walk,1,38.558093,-78.331149,583.8,2026-04-20T16:44:26.000Z
trackpoint,Monday Morning Walk,1,38.55813,-78.331057,585.4,2026-04-20T16:44:31.000Z
trackpoint,Monday Morning Walk,1,38.558195,-78.330969,586.2,2026-04-20T16:44:36.000Z
trackpoint,Monday Morning Walk,1,38.558238,-78.330897,587.3,2026-04-20T16:44:41.000Z
trackpoint,Monday Morning Walk,1,38.558285,-78.330872,587.6,2026-04-20T16:44:46.000Z
trackpoint,Monday Morning Walk,1,38.558333,-78.330854,587.1,2026-04-20T16:44:51.000Z
trackpoint,Monday Morning Walk,1,38.558385,-78.330827,587.4,2026-04-20T16:44:56.000Z
trackpoint,Monday Morning Walk,1,38.558432,-78.330797,587.6,2026-04-20T16:45:01.000Z
trackpoint,Monday Morning Walk,1,38.55846,-78.330727,587.4,2026-04-20T16:45:06.000Z
trackpoint,Monday Morning Walk,1,38.558557,-78.330619,587.3,2026-04-20T16:45:12.000Z
trackpoint,Monday Morning Walk,1,38.558628,-78.330532,586.3,2026-04-20T16:45:17.000Z
trackpoint,Monday Morning Walk,1,38.558713,-78.330437,585.2,2026-04-20T16:45:22.000Z
trackpoint,Monday Morning Walk,1,38.558758,-78.330396,583.1,2026-04-20T16:45:27.000Z
trackpoint,Monday Morning Walk,1,38.558767,-78.330357,581.3,2026-04-20T16:45:32.000Z
trackpoint,Monday Morning Walk,1,38.55876,-78.330359,579.9,2026-04-20T16:45:37.000Z
trackpoint,Monday Morning Walk,1,38.55874,-78.330366,579.6,2026-04-20T16:45:42.000Z
trackpoint,Monday Morning Walk,1,38.558748,-78.330319,579.6,2026-04-20T16:45:47.000Z
trackpoint,Monday Morning Walk,1,38.55874,-78.330247,580.1,2026-04-20T16:45:52.000Z
trackpoint,Monday Morning Walk,1,38.558798,-78.330146,580.3,2026-04-20T16:45:57.000Z
trackpoint,Monday Morning Walk,1,38.558858,-78.330076,579.9,2026-04-20T16:46:02.000Z
trackpoint,Monday Morning Walk,1,38.558898,-78.330024,579.3,2026-04-20T16:46:07.000Z
trackpoint,Monday Morning Walk,1,38.55895,-78.329977,579.1,2026-04-20T16:46:13.000Z
trackpoint,Monday Morning Walk,1,38.558998,-78.329922,578.7,2026-04-20T16:46:18.000Z
trackpoint,Monday Morning Walk,1,38.559008,-78.329834,578.5,2026-04-20T16:46:23.000Z
trackpoint,Monday Morning Walk,1,38.559055,-78.329746,577.9,2026-04-20T16:46:28.000Z
trackpoint,Monday Morning Walk,1,38.559123,-78.329626,577,2026-04-20T16:46:33.000Z
trackpoint,Monday Morning Walk,1,38.559178,-78.329594,576.1,2026-04-20T16:46:38.000Z
trackpoint,Monday Morning Walk,1,38.559208,-78.329584,575.1,2026-04-20T16:46:43.000Z
trackpoint,Monday Morning Walk,1,38.559258,-78.329517,574.5,2026-04-20T16:46:48.000Z
trackpoint,Monday Morning Walk,1,38.559307,-78.329464,574.4,2026-04-20T16:46:53.000Z
trackpoint,Monday Morning Walk,1,38.559373,-78.329367,571.8,2026-04-20T16:46:58.000Z
trackpoint,Monday Morning Walk,1,38.559442,-78.329314,569.8,2026-04-20T16:47:03.000Z
trackpoint,Monday Morning Walk,1,38.559467,-78.329279,568.1,2026-04-20T16:47:08.000Z
trackpoint,Monday Morning Walk,1,38.559517,-78.329221,566.5,2026-04-20T16:47:14.000Z
trackpoint,Monday Morning Walk,1,38.55955,-78.329214,566.6,2026-04-20T16:47:19.000Z
trackpoint,Monday Morning Walk,1,38.559592,-78.329189,566.9,2026-04-20T16:47:24.000Z
trackpoint,Monday Morning Walk,1,38.559633,-78.329159,567,2026-04-20T16:47:29.000Z
trackpoint,Monday Morning Walk,1,38.559695,-78.329089,566.3,2026-04-20T16:47:34.000Z
trackpoint,Monday Morning Walk,1,38.559757,-78.329027,564.5,2026-04-20T16:47:39.000Z
trackpoint,Monday Morning Walk,1,38.559808,-78.328972,562.2,2026-04-20T16:47:44.000Z
trackpoint,Monday Morning Walk,1,38.559862,-78.328916,560,2026-04-20T16:47:49.000Z
trackpoint,Monday Morning Walk,1,38.559932,-78.328907,559.5,2026-04-20T16:47:54.000Z
trackpoint,Monday Morning Walk,1,38.559972,-78.328884,559,2026-04-20T16:47:59.000Z
trackpoint,Monday Morning Walk,1,38.560018,-78.328861,557.9,2026-04-20T16:48:04.000Z
trackpoint,Monday Morning Walk,1,38.560072,-78.328816,556.5,2026-04-20T16:48:09.000Z
trackpoint,Monday Morning Walk,1,38.560155,-78.328751,554.1,2026-04-20T16:48:15.000Z
trackpoint,Monday Morning Walk,1,38.56022,-78.328714,551.9,2026-04-20T16:48:20.000Z
trackpoint,Monday Morning Walk,1,38.56031,-78.328669,550.1,2026-04-20T16:48:25.000Z
trackpoint,Monday Morning Walk,1,38.56038,-78.328664,548.5,2026-04-20T16:48:30.000Z
trackpoint,Monday Morning Walk,1,38.560447,-78.328689,547.1,2026-04-20T16:48:35.000Z
trackpoint,Monday Morning Walk,1,38.560493,-78.328691,548,2026-04-20T16:48:40.000Z
trackpoint,Monday Morning Walk,1,38.560525,-78.328706,550.6,2026-04-20T16:48:45.000Z
trackpoint,Monday Morning Walk,1,38.560555,-78.328732,554.1,2026-04-20T16:48:50.000Z
trackpoint,Monday Morning Walk,1,38.560593,-78.328766,555.2,2026-04-20T16:48:55.000Z
trackpoint,Monday Morning Walk,1,38.560627,-78.328777,557,2026-04-20T16:49:00.000Z
trackpoint,Monday Morning Walk,1,38.560698,-78.328761,556.8,2026-04-20T16:49:05.000Z
trackpoint,Monday Morning Walk,1,38.560775,-78.328757,558.2,2026-04-20T16:49:10.000Z
trackpoint,Monday Morning Walk,1,38.56084,-78.328777,562.1,2026-04-20T16:49:16.000Z
trackpoint,Monday Morning Walk,1,38.560882,-78.328781,565.2,2026-04-20T16:49:21.000Z
trackpoint,Monday Morning Walk,1,38.56093,-78.328792,566.9,2026-04-20T16:49:26.000Z
trackpoint,Monday Morning Walk,1,38.561007,-78.328779,566.8,2026-04-20T16:49:31.000Z
trackpoint,Monday Morning Walk,1,38.561085,-78.328739,566.4,2026-04-20T16:49:36.000Z
trackpoint,Monday Morning Walk,1,38.561153,-78.328686,565.5,2026-04-20T16:49:41.000Z
trackpoint,Monday Morning Walk,1,38.561213,-78.328652,564,2026-04-20T16:49:46.000Z
trackpoint,Monday Morning Walk,1,38.561252,-78.328634,562.3,2026-04-20T16:49:51.000Z
trackpoint,Monday Morning Walk,1,38.561295,-78.328597,560.4,2026-04-20T16:49:56.000Z
trackpoint,Monday Morning Walk,1,38.561372,-78.328561,559.4,2026-04-20T16:50:01.000Z
trackpoint,Monday Morning Walk,1,38.561423,-78.328556,558.4,2026-04-20T16:50:06.000Z
trackpoint,Monday Morning Walk,1,38.561448,-78.328534,558,2026-04-20T16:50:11.000Z
trackpoint,Monday Morning Walk,1,38.561512,-78.328471,556.1,2026-04-20T16:50:17.000Z
trackpoint,Monday Morning Walk,1,38.561585,-78.328467,554.2,2026-04-20T16:50:22.000Z
trackpoint,Monday Morning Walk,1,38.561638,-78.328417,552.2,2026-04-20T16:50:27.000Z
trackpoint,Monday Morning Walk,1,38.561677,-78.328364,550,2026-04-20T16:50:32.000Z
trackpoint,Monday Morning Walk,1,38.56172,-78.328324,548.2,2026-04-20T16:50:37.000Z
trackpoint,Monday Morning Walk,1,38.561758,-78.328314,547,2026-04-20T16:50:42.000Z
trackpoint,Monday Morning Walk,1,38.561805,-78.328232,546.8,2026-04-20T16:50:47.000Z
trackpoint,Monday Morning Walk,1,38.561878,-78.328121,547.2,2026-04-20T16:50:52.000Z
trackpoint,Monday Morning Walk,1,38.561797,-78.328147,549.6,2026-04-20T16:50:57.000Z
trackpoint,Monday Morning Walk,1,38.56183,-78.328122,550.6,2026-04-20T16:51:02.000Z
trackpoint,Monday Morning Walk,1,38.561897,-78.328074,550.9,2026-04-20T16:51:07.000Z
trackpoint,Monday Morning Walk,1,38.561932,-78.328057,550.7,2026-04-20T16:51:12.000Z
trackpoint,Monday Morning Walk,1,38.561947,-78.328076,550.8,2026-04-20T16:51:18.000Z
trackpoint,Monday Morning Walk,1,38.561995,-78.328052,551,2026-04-20T16:51:23.000Z
trackpoint,Monday Morning Walk,1,38.562017,-78.327992,550.8,2026-04-20T16:51:28.000Z
trackpoint,Monday Morning Walk,1,38.562087,-78.327936,550.7,2026-04-20T16:51:33.000Z
trackpoint,Monday Morning Walk,1,38.56215,-78.327871,550.3,2026-04-20T16:51:38.000Z
trackpoint,Monday Morning Walk,1,38.562192,-78.327827,549.6,2026-04-20T16:51:43.000Z
trackpoint,Monday Morning Walk,1,38.562245,-78.327786,549.2,2026-04-20T16:51:48.000Z
trackpoint,Monday Morning Walk,1,38.562283,-78.327722,548.2,2026-04-20T16:51:53.000Z
trackpoint,Monday Morning Walk,1,38.562353,-78.327639,546.7,2026-04-20T16:51:58.000Z
trackpoint,Monday Morning Walk,1,38.562397,-78.327556,546.3,2026-04-20T16:52:03.000Z
trackpoint,Monday Morning Walk,1,38.562443,-78.327521,545.6,2026-04-20T16:52:08.000Z
trackpoint,Monday Morning Walk,1,38.56246,-78.327501,545.3,2026-04-20T16:52:13.000Z
trackpoint,Monday Morning Walk,1,38.562468,-78.327489,544.6,2026-04-20T16:52:19.000Z
trackpoint,Monday Morning Walk,1,38.562523,-78.327419,543.6,2026-04-20T16:52:24.000Z
trackpoint,Monday Morning Walk,1,38.562563,-78.327382,542.6,2026-04-20T16:52:29.000Z
trackpoint,Monday Morning Walk,1,38.562623,-78.327334,541.8,2026-04-20T16:52:34.000Z
trackpoint,Monday Morning Walk,1,38.56265,-78.327301,541,2026-04-20T16:52:39.000Z
trackpoint,Monday Morning Walk,1,38.562683,-78.327221,541.2,2026-04-20T16:52:44.000Z
trackpoint,Monday Morning Walk,1,38.562743,-78.327152,540.7,2026-04-20T16:52:49.000Z
trackpoint,Monday Morning Walk,1,38.56277,-78.327121,540.2,2026-04-20T16:52:54.000Z
trackpoint,Monday Morning Walk,1,38.56284,-78.327036,538.8,2026-04-20T16:52:59.000Z
trackpoint,Monday Morning Walk,1,38.56287,-78.326999,537.2,2026-04-20T16:53:04.000Z
trackpoint,Monday Morning Walk,1,38.562895,-78.326991,536,2026-04-20T16:53:09.000Z
trackpoint,Monday Morning Walk,1,38.562937,-78.326919,534.4,2026-04-20T16:53:14.000Z
trackpoint,Monday Morning Walk,1,38.563008,-78.326854,533.6,2026-04-20T16:53:20.000Z
trackpoint,Monday Morning Walk,1,38.563055,-78.326797,532.6,2026-04-20T16:53:25.000Z
trackpoint,Monday Morning Walk,1,38.563103,-78.326714,531.1,2026-04-20T16:53:30.000Z
trackpoint,Monday Morning Walk,1,38.563125,-78.326684,529.8,2026-04-20T16:53:35.000Z
trackpoint,Monday Morning Walk,1,38.563165,-78.326636,529.3,2026-04-20T16:53:40.000Z
trackpoint,Monday Morning Walk,1,38.563197,-78.326604,528.4,2026-04-20T16:53:45.000Z
trackpoint,Monday Morning Walk,1,38.563195,-78.326557,528.2,2026-04-20T16:53:50.000Z
trackpoint,Monday Morning Walk,1,38.563172,-78.326527,529.3,2026-04-20T16:53:55.000Z
trackpoint,Monday Morning Walk,1,38.563213,-78.326507,529.2,2026-04-20T16:54:00.000Z
trackpoint,Monday Morning Walk,1,38.563243,-78.326411,529.1,2026-04-20T16:54:05.000Z
trackpoint,Monday Morning Walk,1,38.563313,-78.326306,528.4,2026-04-20T16:54:10.000Z
trackpoint,Monday Morning Walk,1,38.56337,-78.326249,527.9,2026-04-20T16:54:15.000Z
trackpoint,Monday Morning Walk,1,38.563393,-78.326227,528.4,2026-04-20T16:54:21.000Z
trackpoint,Monday Morning Walk,1,38.563442,-78.326212,529,2026-04-20T16:54:26.000Z
trackpoint,Monday Morning Walk,1,38.563463,-78.326199,530.2,2026-04-20T16:54:31.000Z
trackpoint,Monday Morning Walk,1,38.563473,-78.326149,531.8,2026-04-20T16:54:36.000Z
trackpoint,Monday Morning Walk,1,38.5635,-78.326087,533.3,2026-04-20T16:54:41.000Z
trackpoint,Monday Morning Walk,1,38.563567,-78.325994,534.5,2026-04-20T16:54:46.000Z
trackpoint,Monday Morning Walk,1,38.563558,-78.325976,534.8,2026-04-20T16:54:51.000Z
trackpoint,Monday Morning Walk,1,38.563552,-78.325911,535.4,2026-04-20T16:54:56.000Z
trackpoint,Monday Morning Walk,1,38.563543,-78.325906,535.3,2026-04-20T16:55:01.000Z
trackpoint,Monday Morning Walk,1,38.563558,-78.325836,535.4,2026-04-20T16:55:06.000Z
trackpoint,Monday Morning Walk,1,38.563587,-78.325764,535.7,2026-04-20T16:55:11.000Z
trackpoint,Monday Morning Walk,1,38.563625,-78.325677,536.9,2026-04-20T16:55:16.000Z
trackpoint,Monday Morning Walk,1,38.563655,-78.325587,537.9,2026-04-20T16:55:22.000Z
trackpoint,Monday Morning Walk,1,38.563727,-78.325461,537.6,2026-04-20T16:55:27.000Z
trackpoint,Monday Morning Walk,1,38.56383,-78.325346,536.2,2026-04-20T16:55:32.000Z
trackpoint,Monday Morning Walk,1,38.563865,-78.325294,535.2,2026-04-20T16:55:37.000Z
trackpoint,Monday Morning Walk,1,38.563897,-78.325287,533.6,2026-04-20T16:55:42.000Z
trackpoint,Monday Morning Walk,1,38.563945,-78.325272,532.5,2026-04-20T16:55:47.000Z
trackpoint,Monday Morning Walk,1,38.564,-78.325251,531.4,2026-04-20T16:55:52.000Z
trackpoint,Monday Morning Walk,1,38.564082,-78.325212,530.5,2026-04-20T16:55:57.000Z
trackpoint,Monday Morning Walk,1,38.564145,-78.325186,530,2026-04-20T16:56:02.000Z
trackpoint,Monday Morning Walk,1,38.564232,-78.325184,528.5,2026-04-20T16:56:07.000Z
trackpoint,Monday Morning Walk,1,38.564295,-78.325167,527.5,2026-04-20T16:56:12.000Z
trackpoint,Monday Morning Walk,1,38.564343,-78.325154,526.8,2026-04-20T16:56:17.000Z
trackpoint,Monday Morning Walk,1,38.564392,-78.325141,526.8,2026-04-20T16:56:23.000Z
trackpoint,Monday Morning Walk,1,38.564448,-78.325192,526.7,2026-04-20T16:56:28.000Z
trackpoint,Monday Morning Walk,1,38.564495,-78.325196,526.6,2026-04-20T16:56:33.000Z
trackpoint,Monday Morning Walk,1,38.564538,-78.325202,526.7,2026-04-20T16:56:38.000Z
trackpoint,Monday Morning Walk,1,38.56457,-78.325167,526.7,2026-04-20T16:56:43.000Z
trackpoint,Monday Morning Walk,1,38.564617,-78.325126,526.7,2026-04-20T16:56:48.000Z
trackpoint,Monday Morning Walk,1,38.564652,-78.325101,526.3,2026-04-20T16:56:53.000Z
trackpoint,Monday Morning Walk,1,38.56472,-78.325022,525.5,2026-04-20T16:56:58.000Z
trackpoint,Monday Morning Walk,1,38.564765,-78.325042,523.9,2026-04-20T16:57:03.000Z
trackpoint,Monday Morning Walk,1,38.564778,-78.325009,523.8,2026-04-20T16:57:08.000Z
trackpoint,Monday Morning Walk,1,38.564807,-78.324936,523.5,2026-04-20T16:57:13.000Z
trackpoint,Monday Morning Walk,1,38.564835,-78.324872,523.3,2026-04-20T16:57:18.000Z
trackpoint,Monday Morning Walk,1,38.564865,-78.324806,523,2026-04-20T16:57:24.000Z
trackpoint,Monday Morning Walk,1,38.5649,-78.324777,522.9,2026-04-20T16:57:29.000Z
trackpoint,Monday Morning Walk,1,38.56492,-78.324746,522.6,2026-04-20T16:57:34.000Z
trackpoint,Monday Morning Walk,1,38.564917,-78.324712,524,2026-04-20T16:57:39.000Z
trackpoint,Monday Morning Walk,1,38.564918,-78.324681,525.3,2026-04-20T16:57:44.000Z
trackpoint,Monday Morning Walk,1,38.564897,-78.324631,526.2,2026-04-20T16:57:49.000Z
trackpoint,Monday Morning Walk,1,38.56492,-78.324567,527.1,2026-04-20T16:57:54.000Z
trackpoint,Monday Morning Walk,1,38.564962,-78.324471,528,2026-04-20T16:57:59.000Z
trackpoint,Monday Morning Walk,1,38.565017,-78.324382,527.5,2026-04-20T16:58:04.000Z
trackpoint,Monday Morning Walk,1,38.565062,-78.324317,526.4,2026-04-20T16:58:09.000Z
trackpoint,Monday Morning Walk,1,38.565127,-78.324262,524.4,2026-04-20T16:58:14.000Z
trackpoint,Monday Morning Walk,1,38.56517,-78.324234,523.1,2026-04-20T16:58:19.000Z
trackpoint,Monday Morning Walk,1,38.565213,-78.324242,519.9,2026-04-20T16:58:25.000Z
trackpoint,Monday Morning Walk,1,38.565253,-78.324239,518,2026-04-20T16:58:30.000Z
trackpoint,Monday Morning Walk,1,38.565322,-78.324226,517,2026-04-20T16:58:35.000Z
trackpoint,Monday Morning Walk,1,38.56539,-78.324242,516.1,2026-04-20T16:58:40.000Z
trackpoint,Monday Morning Walk,1,38.565437,-78.324222,515.4,2026-04-20T16:58:45.000Z
trackpoint,Monday Morning Walk,1,38.565473,-78.324217,515,2026-04-20T16:58:50.000Z
trackpoint,Monday Morning Walk,1,38.565567,-78.324174,514.5,2026-04-20T16:58:55.000Z
trackpoint,Monday Morning Walk,1,38.56561,-78.324149,513.5,2026-04-20T16:59:00.000Z
trackpoint,Monday Morning Walk,1,38.565652,-78.324147,513,2026-04-20T16:59:05.000Z
trackpoint,Monday Morning Walk,1,38.565708,-78.324166,511.9,2026-04-20T16:59:10.000Z
trackpoint,Monday Morning Walk,1,38.56576,-78.324189,511.4,2026-04-20T16:59:15.000Z
trackpoint,Monday Morning Walk,1,38.565793,-78.324232,511.6,2026-04-20T16:59:20.000Z
trackpoint,Monday Morning Walk,1,38.56585,-78.324211,511.5,2026-04-20T16:59:26.000Z
trackpoint,Monday Morning Walk,1,38.565878,-78.324219,512.5,2026-04-20T16:59:31.000Z
trackpoint,Monday Morning Walk,1,38.565928,-78.324216,512.8,2026-04-20T16:59:36.000Z
trackpoint,Monday Morning Walk,1,38.56598,-78.324221,512.3,2026-04-20T16:59:41.000Z
trackpoint,Monday Morning Walk,1,38.566038,-78.324236,511.6,2026-04-20T16:59:46.000Z
trackpoint,Monday Morning Walk,1,38.566085,-78.324217,511,2026-04-20T16:59:51.000Z
trackpoint,Monday Morning Walk,1,38.566125,-78.324191,510.7,2026-04-20T16:59:56.000Z
trackpoint,Monday Morning Walk,1,38.56616,-78.324119,510.3,2026-04-20T17:00:01.000Z
trackpoint,Monday Morning Walk,1,38.566185,-78.324084,509.7,2026-04-20T17:00:06.000Z
trackpoint,Monday Morning Walk,1,38.56621,-78.324072,509.9,2026-04-20T17:00:11.000Z
trackpoint,Monday Morning Walk,1,38.566222,-78.324051,510,2026-04-20T17:00:16.000Z
trackpoint,Monday Morning Walk,1,38.566217,-78.324019,509.4,2026-04-20T17:00:21.000Z
trackpoint,Monday Morning Walk,1,38.566258,-78.323939,508.4,2026-04-20T17:00:26.000Z
trackpoint,Monday Morning Walk,1,38.566278,-78.323866,508,2026-04-20T17:00:32.000Z
trackpoint,Monday Morning Walk,1,38.566285,-78.323839,508.3,2026-04-20T17:00:37.000Z
trackpoint,Monday Morning Walk,1,38.566305,-78.323831,507.4,2026-04-20T17:00:42.000Z
trackpoint,Monday Morning Walk,1,38.566313,-78.323816,507,2026-04-20T17:00:47.000Z
trackpoint,Monday Morning Walk,1,38.566352,-78.323757,506.5,2026-04-20T17:00:52.000Z
trackpoint,Monday Morning Walk,1,38.566387,-78.323682,506.4,2026-04-20T17:00:57.000Z
trackpoint,Monday Morning Walk,1,38.566427,-78.323609,505.4,2026-04-20T17:01:02.000Z
trackpoint,Monday Morning Walk,1,38.566452,-78.323576,504.5,2026-04-20T17:01:07.000Z
trackpoint,Monday Morning Walk,1,38.566505,-78.323532,503.7,2026-04-20T17:01:12.000Z
trackpoint,Monday Morning Walk,1,38.566562,-78.323416,502.8,2026-04-20T17:01:17.000Z
trackpoint,Monday Morning Walk,1,38.566635,-78.323337,501.1,2026-04-20T17:01:23.000Z
trackpoint,Monday Morning Walk,1,38.566685,-78.323296,499.8,2026-04-20T17:01:29.000Z
trackpoint,Monday Morning Walk,1,38.566725,-78.323252,498.4,2026-04-20T17:01:34.000Z
trackpoint,Monday Morning Walk,1,38.566743,-78.323231,497,2026-04-20T17:01:39.000Z
trackpoint,Monday Morning Walk,1,38.56675,-78.323202,495.9,2026-04-20T17:01:44.000Z
trackpoint,Monday Morning Walk,1,38.566777,-78.323159,495,2026-04-20T17:01:49.000Z
trackpoint,Monday Morning Walk,1,38.566788,-78.323121,494.4,2026-04-20T17:01:54.000Z
trackpoint,Monday Morning Walk,1,38.566813,-78.323097,494.1,2026-04-20T17:01:59.000Z
trackpoint,Monday Morning Walk,1,38.5669,-78.323079,494.3,2026-04-20T17:02:04.000Z
trackpoint,Monday Morning Walk,1,38.566965,-78.323021,494.4,2026-04-20T17:02:09.000Z
trackpoint,Monday Morning Walk,1,38.567003,-78.323022,494.2,2026-04-20T17:02:14.000Z
trackpoint,Monday Morning Walk,1,38.567038,-78.322967,493.3,2026-04-20T17:02:19.000Z
trackpoint,Monday Morning Walk,1,38.567103,-78.322897,491.6,2026-04-20T17:02:25.000Z
trackpoint,Monday Morning Walk,1,38.567163,-78.322859,489.5,2026-04-20T17:02:30.000Z
trackpoint,Monday Morning Walk,1,38.567182,-78.322869,487.9,2026-04-20T17:02:35.000Z
trackpoint,Monday Morning Walk,1,38.567248,-78.322822,485.7,2026-04-20T17:02:40.000Z
trackpoint,Monday Morning Walk,1,38.567267,-78.322814,485.1,2026-04-20T17:02:45.000Z
trackpoint,Monday Morning Walk,1,38.567325,-78.322746,484.2,2026-04-20T17:02:50.000Z
trackpoint,Monday Morning Walk,1,38.567352,-78.322702,482.6,2026-04-20T17:02:55.000Z
trackpoint,Monday Morning Walk,1,38.567415,-78.322682,481.2,2026-04-20T17:03:00.000Z
trackpoint,Monday Morning Walk,1,38.567457,-78.322656,480.8,2026-04-20T17:03:05.000Z
trackpoint,Monday Morning Walk,1,38.567475,-78.322596,479.6,2026-04-20T17:03:10.000Z
trackpoint,Monday Morning Walk,1,38.567517,-78.322544,479,2026-04-20T17:03:15.000Z
trackpoint,Monday Morning Walk,1,38.567572,-78.322471,478.9,2026-04-20T17:03:20.000Z
trackpoint,Monday Morning Walk,1,38.567592,-78.322371,477.9,2026-04-20T17:03:25.000Z
trackpoint,Monday Morning Walk,1,38.567597,-78.322336,478.9,2026-04-20T17:03:31.000Z
trackpoint,Monday Morning Walk,1,38.56761,-78.322341,479,2026-04-20T17:03:36.000Z
trackpoint,Monday Morning Walk,1,38.56766,-78.322341,478.9,2026-04-20T17:03:41.000Z
trackpoint,Monday Morning Walk,1,38.567728,-78.322316,479.3,2026-04-20T17:03:46.000Z
trackpoint,Monday Morning Walk,1,38.567758,-78.322272,480.9,2026-04-20T17:03:51.000Z
trackpoint,Monday Morning Walk,1,38.567788,-78.322227,482.5,2026-04-20T17:03:56.000Z
trackpoint,Monday Morning Walk,1,38.567823,-78.322179,482.7,2026-04-20T17:04:01.000Z
trackpoint,Monday Morning Walk,1,38.567888,-78.322131,482.9,2026-04-20T17:04:06.000Z
trackpoint,Monday Morning Walk,1,38.567903,-78.322059,483.7,2026-04-20T17:04:11.000Z
trackpoint,Monday Morning Walk,1,38.567955,-78.321937,483.8,2026-04-20T17:04:16.000Z
trackpoint,Monday Morning Walk,1,38.567983,-78.321891,483.8,2026-04-20T17:04:21.000Z
trackpoint,Monday Morning Walk,1,38.568025,-78.321854,482.9,2026-04-20T17:04:26.000Z
trackpoint,Monday Morning Walk,1,38.568068,-78.321849,482,2026-04-20T17:04:32.000Z
trackpoint,Monday Morning Walk,1,38.568118,-78.321806,481.9,2026-04-20T17:04:37.000Z
trackpoint,Monday Morning Walk,1,38.568155,-78.321762,481.3,2026-04-20T17:04:42.000Z
trackpoint,Monday Morning Walk,1,38.568198,-78.321749,481,2026-04-20T17:04:47.000Z
trackpoint,Monday Morning Walk,1,38.56823,-78.321714,480.4,2026-04-20T17:04:52.000Z
trackpoint,Monday Morning Walk,1,38.5683,-78.321691,480.5,2026-04-20T17:04:57.000Z
trackpoint,Monday Morning Walk,1,38.568377,-78.321646,480,2026-04-20T17:05:02.000Z
trackpoint,Monday Morning Walk,1,38.568385,-78.321612,480.8,2026-04-20T17:05:07.000Z
trackpoint,Monday Morning Walk,1,38.568443,-78.321542,478.7,2026-04-20T17:05:12.000Z
trackpoint,Monday Morning Walk,1,38.5685,-78.321519,477.1,2026-04-20T17:05:17.000Z
trackpoint,Monday Morning Walk,1,38.568518,-78.321487,476.2,2026-04-20T17:05:22.000Z
trackpoint,Monday Morning Walk,1,38.568588,-78.321427,474.4,2026-04-20T17:05:28.000Z
trackpoint,Monday Morning Walk,1,38.568662,-78.321384,472.4,2026-04-20T17:05:34.000Z
trackpoint,Monday Morning Walk,1,38.568695,-78.321354,471,2026-04-20T17:05:39.000Z
trackpoint,Monday Morning Walk,1,38.568743,-78.321334,469.8,2026-04-20T17:05:44.000Z
trackpoint,Monday Morning Walk,1,38.568803,-78.321316,469,2026-04-20T17:05:49.000Z
trackpoint,Monday Morning Walk,1,38.568835,-78.321274,467.6,2026-04-20T17:05:54.000Z
trackpoint,Monday Morning Walk,1,38.568875,-78.321217,466.4,2026-04-20T17:05:59.000Z
trackpoint,Monday Morning Walk,1,38.568913,-78.321201,465.8,2026-04-20T17:06:04.000Z
trackpoint,Monday Morning Walk,1,38.56892,-78.321182,464.9,2026-04-20T17:06:09.000Z
trackpoint,Monday Morning Walk,1,38.568892,-78.321202,464.3,2026-04-20T17:06:14.000Z
trackpoint,Monday Morning Walk,1,38.56887,-78.321251,464.9,2026-04-20T17:06:19.000Z
trackpoint,Monday Morning Walk,1,38.568848,-78.321236,466.4,2026-04-20T17:06:24.000Z
trackpoint,Monday Morning Walk,1,38.568835,-78.321227,468,2026-04-20T17:06:30.000Z
trackpoint,Monday Morning Walk,1,38.568812,-78.321259,469.1,2026-04-20T17:06:35.000Z
trackpoint,Monday Morning Walk,1,38.5688,-78.321206,470.9,2026-04-20T17:06:41.000Z
trackpoint,Monday Morning Walk,1,38.568783,-78.321169,471.9,2026-04-20T17:06:46.000Z
trackpoint,Monday Morning Walk,1,38.568788,-78.321091,473.5,2026-04-20T17:06:51.000Z
trackpoint,Monday Morning Walk,1,38.568773,-78.321016,475.6,2026-04-20T17:06:56.000Z
trackpoint,Monday Morning Walk,1,38.56876,-78.320944,475.9,2026-04-20T17:07:01.000Z
trackpoint,Monday Morning Walk,1,38.568768,-78.320837,475.3,2026-04-20T17:07:10.000Z
trackpoint,Monday Morning Walk,1,38.568782,-78.320754,473.8,2026-04-20T17:07:16.000Z
trackpoint,Monday Morning Walk,1,38.568707,-78.320657,473.1,2026-04-20T17:07:21.000Z
trackpoint,Monday Morning Walk,1,38.568612,-78.320546,474.2,2026-04-20T17:07:26.000Z
trackpoint,Monday Morning Walk,1,38.568567,-78.320521,475.2,2026-04-20T17:07:31.000Z
trackpoint,Monday Morning Walk,1,38.568535,-78.320522,475.4,2026-04-20T17:07:36.000Z
trackpoint,Monday Morning Walk,1,38.568493,-78.320496,477.6,2026-04-20T17:07:41.000Z
trackpoint,Monday Morning Walk,1,38.568453,-78.320404,482.2,2026-04-20T17:07:46.000Z
trackpoint,Monday Morning Walk,1,38.568387,-78.320336,486.1,2026-04-20T17:07:51.000Z
trackpoint,Monday Morning Walk,1,38.568345,-78.320202,489.4,2026-04-20T17:07:56.000Z
trackpoint,Monday Morning Walk,1,38.568325,-78.320164,489.5,2026-04-20T17:08:01.000Z
trackpoint,Monday Morning Walk,1,38.568293,-78.320122,489.2,2026-04-20T17:08:06.000Z
trackpoint,Monday Morning Walk,1,38.568282,-78.320062,489.4,2026-04-20T17:08:11.000Z
trackpoint,Monday Morning Walk,1,38.568295,-78.320051,489.8,2026-04-20T17:08:16.000Z
trackpoint,Monday Morning Walk,1,38.568277,-78.320016,490.5,2026-04-20T17:08:22.000Z
trackpoint,Monday Morning Walk,1,38.56829,-78.319902,489.3,2026-04-20T17:08:27.000Z
trackpoint,Monday Morning Walk,1,38.568282,-78.319922,488.2,2026-04-20T17:08:32.000Z
trackpoint,Monday Morning Walk,1,38.56829,-78.319942,486.4,2026-04-20T17:08:37.000Z
trackpoint,Monday Morning Walk,1,38.568298,-78.319926,484.5,2026-04-20T17:08:42.000Z
trackpoint,Monday Morning Walk,1,38.568298,-78.319922,484.3,2026-04-20T17:08:47.000Z
trackpoint,Monday Morning Walk,1,38.568293,-78.319941,484.3,2026-04-20T17:08:52.000Z
trackpoint,Monday Morning Walk,1,38.568307,-78.319914,484.3,2026-04-20T17:08:57.000Z
trackpoint,Monday Morning Walk,1,38.568303,-78.319901,484.4,2026-04-20T17:09:02.000Z
trackpoint,Monday Morning Walk,1,38.56831,-78.319911,484.4,2026-04-20T17:09:07.000Z
trackpoint,Monday Morning Walk,1,38.568302,-78.319944,484.3,2026-04-20T17:09:12.000Z
trackpoint,Monday Morning Walk,1,38.568315,-78.319927,484.5,2026-04-20T17:09:17.000Z
trackpoint,Monday Morning Walk,1,38.568293,-78.319992,484.1,2026-04-20T17:09:23.000Z
trackpoint,Monday Morning Walk,1,38.56829,-78.320027,482.9,2026-04-20T17:09:28.000Z
trackpoint,Monday Morning Walk,1,38.56828,-78.320026,481.9,2026-04-20T17:09:33.000Z
trackpoint,Monday Morning Walk,1,38.568288,-78.319987,481.3,2026-04-20T17:09:38.000Z
trackpoint,Monday Morning Walk,1,38.568287,-78.319959,480.4,2026-04-20T17:09:43.000Z
trackpoint,Monday Morning Walk,1,38.568305,-78.319909,479.8,2026-04-20T17:09:48.000Z
trackpoint,Monday Morning Walk,1,38.568323,-78.319917,478.9,2026-04-20T17:09:53.000Z
trackpoint,Monday Morning Walk,1,38.568327,-78.319924,477.4,2026-04-20T17:09:58.000Z
trackpoint,Monday Morning Walk,1,38.56834,-78.319919,476.6,2026-04-20T17:10:03.000Z
trackpoint,Monday Morning Walk,1,38.568327,-78.319956,475.5,2026-04-20T17:10:08.000Z
trackpoint,Monday Morning Walk,1,38.568333,-78.320031,475.4,2026-04-20T17:10:13.000Z
trackpoint,Monday Morning Walk,1,38.568352,-78.320107,475.1,2026-04-20T17:10:18.000Z
trackpoint,Monday Morning Walk,1,38.568358,-78.320227,475.1,2026-04-20T17:10:24.000Z
trackpoint,Monday Morning Walk,1,38.568332,-78.320204,475.9,2026-04-20T17:10:29.000Z
trackpoint,Monday Morning Walk,1,38.56828,-78.320122,475.7,2026-04-20T17:10:34.000Z
trackpoint,Monday Morning Walk,1,38.568245,-78.320136,475.4,2026-04-20T17:10:39.000Z
trackpoint,Monday Morning Walk,1,38.568187,-78.320077,474.6,2026-04-20T17:10:44.000Z
trackpoint,Monday Morning Walk,1,38.568122,-78.320016,473.2,2026-04-20T17:10:49.000Z
trackpoint,Monday Morning Walk,1,38.568052,-78.319961,472,2026-04-20T17:10:54.000Z
trackpoint,Monday Morning Walk,1,38.56799,-78.319956,471.9,2026-04-20T17:10:59.000Z
trackpoint,Monday Morning Walk,1,38.56794,-78.319936,472.2,2026-04-20T17:11:04.000Z
trackpoint,Monday Morning Walk,1,38.567938,-78.319947,472.9,2026-04-20T17:11:09.000Z
trackpoint,Monday Morning Walk,1,38.567955,-78.319877,473.3,2026-04-20T17:11:14.000Z
trackpoint,Monday Morning Walk,1,38.567923,-78.319821,473.9,2026-04-20T17:11:19.000Z
trackpoint,Monday Morning Walk,1,38.56788,-78.319802,476,2026-04-20T17:11:25.000Z
trackpoint,Monday Morning Walk,1,38.567838,-78.319779,478.4,2026-04-20T17:11:30.000Z
trackpoint,Monday Morning Walk,1,38.567793,-78.319704,479.5,2026-04-20T17:11:35.000Z
trackpoint,Monday Morning Walk,1,38.56774,-78.319661,479.8,2026-04-20T17:11:40.000Z
trackpoint,Monday Morning Walk,1,38.56769,-78.319612,479.6,2026-04-20T17:11:45.000Z
trackpoint,Monday Morning Walk,1,38.567655,-78.319464,479.8,2026-04-20T17:11:50.000Z
trackpoint,Monday Morning Walk,1,38.567625,-78.319339,479.5,2026-04-20T17:11:55.000Z
trackpoint,Monday Morning Walk,1,38.5676,-78.319231,478.6,2026-04-20T17:12:00.000Z
trackpoint,Monday Morning Walk,1,38.567565,-78.319157,477.9,2026-04-20T17:12:05.000Z
trackpoint,Monday Morning Walk,1,38.567567,-78.319062,477.1,2026-04-20T17:12:10.000Z
trackpoint,Monday Morning Walk,1,38.567578,-78.318936,477.3,2026-04-20T17:12:16.000Z
trackpoint,Monday Morning Walk,1,38.567567,-78.318804,476.5,2026-04-20T17:12:21.000Z
trackpoint,Monday Morning Walk,1,38.567567,-78.318711,474.1,2026-04-20T17:12:26.000Z
trackpoint,Monday Morning Walk,1,38.567592,-78.318622,471.4,2026-04-20T17:12:31.000Z
trackpoint,Monday Morning Walk,1,38.567602,-78.318566,469.2,2026-04-20T17:12:36.000Z
trackpoint,Monday Morning Walk,1,38.567612,-78.318504,468.3,2026-04-20T17:12:41.000Z
trackpoint,Monday Morning Walk,1,38.567622,-78.318481,467.9,2026-04-20T17:12:46.000Z
trackpoint,Monday Morning Walk,1,38.56759,-78.318474,467.9,2026-04-20T17:12:51.000Z
trackpoint,Monday Morning Walk,1,38.567627,-78.318446,466.7,2026-04-20T17:12:56.000Z
trackpoint,Monday Morning Walk,1,38.567628,-78.318407,466.2,2026-04-20T17:13:01.000Z
trackpoint,Monday Morning Walk,1,38.567628,-78.318319,464.8,2026-04-20T17:13:06.000Z
trackpoint,Monday Morning Walk,1,38.567615,-78.318212,462.8,2026-04-20T17:13:11.000Z
trackpoint,Monday Morning Walk,1,38.567627,-78.318159,460.1,2026-04-20T17:13:17.000Z
trackpoint,Monday Morning Walk,1,38.567628,-78.318144,457.6,2026-04-20T17:13:23.000Z
trackpoint,Monday Morning Walk,1,38.56763,-78.318172,455.8,2026-04-20T17:13:28.000Z
trackpoint,Monday Morning Walk,1,38.567658,-78.318127,454.1,2026-04-20T17:13:33.000Z
trackpoint,Monday Morning Walk,1,38.567705,-78.318054,452.3,2026-04-20T17:13:38.000Z
trackpoint,Monday Morning Walk,1,38.567703,-78.317989,452.1,2026-04-20T17:13:43.000Z
trackpoint,Monday Morning Walk,1,38.567688,-78.317907,451.9,2026-04-20T17:13:48.000Z
trackpoint,Monday Morning Walk,1,38.567698,-78.317807,450.7,2026-04-20T17:13:53.000Z
trackpoint,Monday Morning Walk,1,38.567718,-78.317739,449.4,2026-04-20T17:13:58.000Z
trackpoint,Monday Morning Walk,1,38.567728,-78.317662,448.9,2026-04-20T17:14:03.000Z
trackpoint,Monday Morning Walk,1,38.567747,-78.317589,448,2026-04-20T17:14:08.000Z
trackpoint,Monday Morning Walk,1,38.56774,-78.317454,447.6,2026-04-20T17:14:14.000Z
trackpoint,Monday Morning Walk,1,38.567718,-78.317406,447.5,2026-04-20T17:14:19.000Z
trackpoint,Monday Morning Walk,1,38.567738,-78.317397,446.5,2026-04-20T17:14:24.000Z
trackpoint,Monday Morning Walk,1,38.567752,-78.317332,445.7,2026-04-20T17:14:29.000Z
trackpoint,Monday Morning Walk,1,38.567767,-78.317159,445.8,2026-04-20T17:14:34.000Z
trackpoint,Monday Morning Walk,1,38.56779,-78.317029,446,2026-04-20T17:14:39.000Z
trackpoint,Monday Morning Walk,1,38.5678,-78.316989,445.6,2026-04-20T17:14:44.000Z
trackpoint,Monday Morning Walk,1,38.567802,-78.316959,445.3,2026-04-20T17:14:49.000Z
trackpoint,Monday Morning Walk,1,38.567793,-78.316912,445.5,2026-04-20T17:14:54.000Z
trackpoint,Monday Morning Walk,1,38.567797,-78.316876,445.1,2026-04-20T17:14:59.000Z
trackpoint,Monday Morning Walk,1,38.567793,-78.316791,443.6,2026-04-20T17:15:04.000Z
trackpoint,Monday Morning Walk,1,38.567793,-78.316672,442.6,2026-04-20T17:15:09.000Z
trackpoint,Monday Morning Walk,1,38.567753,-78.316557,441.9,2026-04-20T17:15:15.000Z
trackpoint,Monday Morning Walk,1,38.567782,-78.316486,440.3,2026-04-20T17:15:20.000Z
trackpoint,Monday Morning Walk,1,38.567827,-78.316442,437.6,2026-04-20T17:15:25.000Z
trackpoint,Monday Morning Walk,1,38.567873,-78.316389,435.5,2026-04-20T17:15:30.000Z
trackpoint,Monday Morning Walk,1,38.567898,-78.316297,434,2026-04-20T17:15:35.000Z
trackpoint,Monday Morning Walk,1,38.567927,-78.316237,431.9,2026-04-20T17:15:40.000Z
trackpoint,Monday Morning Walk,1,38.567923,-78.316216,430.7,2026-04-20T17:15:45.000Z
trackpoint,Monday Morning Walk,1,38.567967,-78.316204,429.5,2026-04-20T17:15:50.000Z
trackpoint,Monday Morning Walk,1,38.568043,-78.316217,427.1,2026-04-20T17:15:55.000Z
trackpoint,Monday Morning Walk,1,38.568112,-78.316214,424.6,2026-04-20T17:16:00.000Z
trackpoint,Monday Morning Walk,1,38.568157,-78.316189,423.3,2026-04-20T17:16:05.000Z
trackpoint,Monday Morning Walk,1,38.568203,-78.316171,422.5,2026-04-20T17:16:10.000Z
trackpoint,Monday Morning Walk,1,38.568273,-78.316166,421.9,2026-04-20T17:16:16.000Z
trackpoint,Monday Morning Walk,1,38.568282,-78.316126,420.9,2026-04-20T17:16:21.000Z
trackpoint,Monday Morning Walk,1,38.568318,-78.316064,420,2026-04-20T17:16:26.000Z
trackpoint,Monday Morning Walk,1,38.56836,-78.316006,419.2,2026-04-20T17:16:31.000Z
trackpoint,Monday Morning Walk,1,38.568442,-78.315956,418.5,2026-04-20T17:16:36.000Z
trackpoint,Monday Morning Walk,1,38.568493,-78.315937,417.5,2026-04-20T17:16:41.000Z
trackpoint,Monday Morning Walk,1,38.568545,-78.315911,415.8,2026-04-20T17:16:46.000Z
trackpoint,Monday Morning Walk,1,38.568588,-78.315927,413.4,2026-04-20T17:16:51.000Z
trackpoint,Monday Morning Walk,1,38.568638,-78.315961,411.3,2026-04-20T17:16:56.000Z
trackpoint,Monday Morning Walk,1,38.568692,-78.315989,408.5,2026-04-20T17:17:01.000Z
trackpoint,Monday Morning Walk,1,38.568732,-78.315944,406.7,2026-04-20T17:17:06.000Z
trackpoint,Monday Morning Walk,1,38.56884,-78.315917,403.7,2026-04-20T17:17:11.000Z
trackpoint,Monday Morning Walk,1,38.568942,-78.315841,401.3,2026-04-20T17:17:17.000Z
trackpoint,Monday Morning Walk,1,38.56903,-78.315754,399.3,2026-04-20T17:17:22.000Z
trackpoint,Monday Morning Walk,1,38.569117,-78.315687,397.9,2026-04-20T17:17:27.000Z
trackpoint,Monday Morning Walk,1,38.569192,-78.315694,396,2026-04-20T17:17:32.000Z
trackpoint,Monday Morning Walk,1,38.569237,-78.315692,394.8,2026-04-20T17:17:37.000Z
trackpoint,Monday Morning Walk,1,38.569297,-78.315709,393.8,2026-04-20T17:17:42.000Z
trackpoint,Monday Morning Walk,1,38.569347,-78.315714,392.2,2026-04-20T17:17:47.000Z
trackpoint,Monday Morning Walk,1,38.569367,-78.315682,389.6,2026-04-20T17:17:52.000Z
trackpoint,Monday Morning Walk,1,38.569392,-78.315697,387.5,2026-04-20T17:17:57.000Z
trackpoint,Monday Morning Walk,1,38.569453,-78.315686,385.7,2026-04-20T17:18:02.000Z
trackpoint,Monday Morning Walk,1,38.569482,-78.315672,385,2026-04-20T17:18:07.000Z
trackpoint,Monday Morning Walk,1,38.56954,-78.315601,383.1,2026-04-20T17:18:12.000Z
trackpoint,Monday Morning Walk,1,38.569607,-78.315531,381.4,2026-04-20T17:18:18.000Z
trackpoint,Monday Morning Walk,1,38.569707,-78.315524,379.3,2026-04-20T17:18:23.000Z
trackpoint,Monday Morning Walk,1,38.569768,-78.315531,377.9,2026-04-20T17:18:28.000Z
trackpoint,Monday Morning Walk,1,38.56982,-78.315507,376.7,2026-04-20T17:18:33.000Z
trackpoint,Monday Morning Walk,1,38.569902,-78.315452,376.1,2026-04-20T17:18:38.000Z
trackpoint,Monday Morning Walk,1,38.569943,-78.315471,374.3,2026-04-20T17:18:43.000Z
trackpoint,Monday Morning Walk,1,38.569997,-78.315462,372.7,2026-04-20T17:18:48.000Z
trackpoint,Monday Morning Walk,1,38.57006,-78.315392,370.9,2026-04-20T17:18:53.000Z
trackpoint,Monday Morning Walk,1,38.570098,-78.315359,369.9,2026-04-20T17:18:58.000Z
trackpoint,Monday Morning Walk,1,38.570142,-78.315332,368.6,2026-04-20T17:19:03.000Z
trackpoint,Monday Morning Walk,1,38.570192,-78.315269,366,2026-04-20T17:19:08.000Z
trackpoint,Monday Morning Walk,1,38.57028,-78.315212,362.6,2026-04-20T17:19:14.000Z
trackpoint,Monday Morning Walk,1,38.570352,-78.315167,359.9,2026-04-20T17:19:19.000Z
trackpoint,Monday Morning Walk,1,38.57043,-78.315124,358.1,2026-04-20T17:19:24.000Z
trackpoint,Monday Morning Walk,1,38.570495,-78.315084,357.6,2026-04-20T17:19:29.000Z
trackpoint,Monday Morning Walk,1,38.570552,-78.315012,356,2026-04-20T17:19:34.000Z
trackpoint,Monday Morning Walk,1,38.5706,-78.314982,353.8,2026-04-20T17:19:39.000Z
trackpoint,Monday Morning Walk,1,38.57064,-78.314966,351.4,2026-04-20T17:19:44.000Z
trackpoint,Monday Morning Walk,1,38.570672,-78.314917,349.7,2026-04-20T17:19:49.000Z
trackpoint,Monday Morning Walk,1,38.570715,-78.314812,350.6,2026-04-20T17:19:54.000Z
trackpoint,Monday Morning Walk,1,38.570735,-78.314746,351.2,2026-04-20T17:19:59.000Z
trackpoint,Monday Morning Walk,1,38.570777,-78.314692,351.7,2026-04-20T17:20:04.000Z
trackpoint,Monday Morning Walk,1,38.57082,-78.314601,351.5,2026-04-20T17:20:09.000Z
trackpoint,Monday Morning Walk,1,38.570885,-78.314579,352.6,2026-04-20T17:20:14.000Z
trackpoint,Monday Morning Walk,1,38.570967,-78.314491,352.8,2026-04-20T17:20:20.000Z
trackpoint,Monday Morning Walk,1,38.571018,-78.314377,351.7,2026-04-20T17:20:25.000Z
trackpoint,Monday Morning Walk,1,38.57106,-78.314307,350.8,2026-04-20T17:20:30.000Z
trackpoint,Monday Morning Walk,1,38.571117,-78.314229,351,2026-04-20T17:20:35.000Z
trackpoint,Monday Morning Walk,1,38.57112,-78.314207,350,2026-04-20T17:20:40.000Z
trackpoint,Monday Morning Walk,1,38.571145,-78.314142,348.7,2026-04-20T17:20:45.000Z
trackpoint,Monday Morning Walk,1,38.571172,-78.314056,347.3,2026-04-20T17:20:50.000Z
trackpoint,Monday Morning Walk,1,38.57121,-78.314017,345.9,2026-04-20T17:20:55.000Z
trackpoint,Monday Morning Walk,1,38.571238,-78.313982,345.2,2026-04-20T17:21:00.000Z
trackpoint,Monday Morning Walk,1,38.571293,-78.313917,342.6,2026-04-20T17:21:05.000Z
trackpoint,Monday Morning Walk,1,38.571327,-78.313786,341.4,2026-04-20T17:21:10.000Z
trackpoint,Monday Morning Walk,1,38.571373,-78.313684,340.8,2026-04-20T17:21:15.000Z
trackpoint,Monday Morning Walk,1,38.571407,-78.313606,340.5,2026-04-20T17:21:21.000Z
trackpoint,Monday Morning Walk,1,38.571403,-78.313567,340.1,2026-04-20T17:21:26.000Z
trackpoint,Monday Morning Walk,1,38.571405,-78.313522,339.5,2026-04-20T17:21:31.000Z
trackpoint,Monday Morning Walk,1,38.571433,-78.313474,339.3,2026-04-20T17:21:36.000Z
trackpoint,Monday Morning Walk,1,38.571463,-78.313426,340.1,2026-04-20T17:21:41.000Z
trackpoint,Monday Morning Walk,1,38.57149,-78.313297,340.7,2026-04-20T17:21:46.000Z
trackpoint,Monday Morning Walk,1,38.571528,-78.313219,340.3,2026-04-20T17:21:51.000Z
trackpoint,Monday Morning Walk,1,38.571545,-78.313166,340.5,2026-04-20T17:21:56.000Z
trackpoint,Monday Morning Walk,1,38.571563,-78.313084,339.5,2026-04-20T17:22:01.000Z
trackpoint,Monday Morning Walk,1,38.57159,-78.313041,338.8,2026-04-20T17:22:06.000Z
trackpoint,Monday Morning Walk,1,38.571608,-78.312982,339.2,2026-04-20T17:22:11.000Z
trackpoint,Monday Morning Walk,1,38.571643,-78.312871,338.8,2026-04-20T17:22:16.000Z
trackpoint,Monday Morning Walk,1,38.571682,-78.312769,339.4,2026-04-20T17:22:22.000Z
trackpoint,Monday Morning Walk,1,38.571688,-78.312734,340.3,2026-04-20T17:22:27.000Z
trackpoint,Monday Morning Walk,1,38.571692,-78.312622,340.4,2026-04-20T17:22:32.000Z
trackpoint,Monday Morning Walk,1,38.571718,-78.312577,339.6,2026-04-20T17:22:37.000Z
trackpoint,Monday Morning Walk,1,38.571687,-78.312452,338.7,2026-04-20T17:22:42.000Z
trackpoint,Monday Morning Walk,1,38.571698,-78.312371,337.7,2026-04-20T17:22:47.000Z
trackpoint,Monday Morning Walk,1,38.571762,-78.312284,337,2026-04-20T17:22:52.000Z
trackpoint,Monday Morning Walk,1,38.571805,-78.312244,335.2,2026-04-20T17:22:57.000Z
trackpoint,Monday Morning Walk,1,38.571838,-78.312197,334.1,2026-04-20T17:23:02.000Z
trackpoint,Monday Morning Walk,1,38.5719,-78.312121,334.4,2026-04-20T17:23:07.000Z
trackpoint,Monday Morning Walk,1,38.571952,-78.312064,335.1,2026-04-20T17:23:13.000Z
trackpoint,Monday Morning Walk,1,38.571933,-78.312026,334.7,2026-04-20T17:23:18.000Z
trackpoint,Monday Morning Walk,1,38.571913,-78.311989,334.8,2026-04-20T17:23:23.000Z
trackpoint,Monday Morning Walk,1,38.571938,-78.311892,335.2,2026-04-20T17:23:28.000Z
trackpoint,Monday Morning Walk,1,38.571967,-78.311819,334.9,2026-04-20T17:23:33.000Z
trackpoint,Monday Morning Walk,1,38.571968,-78.311754,334.2,2026-04-20T17:23:38.000Z
trackpoint,Monday Morning Walk,1,38.571955,-78.311634,334.7,2026-04-20T17:23:43.000Z
trackpoint,Monday Morning Walk,1,38.571952,-78.311552,335.2,2026-04-20T17:23:48.000Z
trackpoint,Monday Morning Walk,1,38.571987,-78.311454,335.6,2026-04-20T17:23:53.000Z
trackpoint,Monday Morning Walk,1,38.571985,-78.311364,335.2,2026-04-20T17:23:58.000Z
trackpoint,Monday Morning Walk,1,38.572007,-78.311247,334.2,2026-04-20T17:24:03.000Z
trackpoint,Monday Morning Walk,1,38.57203,-78.311131,333.3,2026-04-20T17:24:08.000Z
trackpoint,Monday Morning Walk,1,38.57206,-78.311061,332.6,2026-04-20T17:24:13.000Z
trackpoint,Monday Morning Walk,1,38.572107,-78.310962,331.3,2026-04-20T17:24:19.000Z
trackpoint,Monday Morning Walk,1,38.572127,-78.310891,330.9,2026-04-20T17:24:24.000Z
trackpoint,Monday Morning Walk,1,38.572162,-78.310814,330.1,2026-04-20T17:24:29.000Z
trackpoint,Monday Morning Walk,1,38.57218,-78.310724,329.4,2026-04-20T17:24:34.000Z
trackpoint,Monday Morning Walk,1,38.5722,-78.310634,329.2,2026-04-20T17:24:39.000Z
trackpoint,Monday Morning Walk,1,38.572238,-78.310571,328.7,2026-04-20T17:24:44.000Z
trackpoint,Monday Morning Walk,1,38.572223,-78.310501,326.7,2026-04-20T17:24:49.000Z
trackpoint,Monday Morning Walk,1,38.572227,-78.310439,324.6,2026-04-20T17:24:54.000Z
trackpoint,Monday Morning Walk,1,38.572223,-78.310357,322.7,2026-04-20T17:24:59.000Z
trackpoint,Monday Morning Walk,1,38.572212,-78.310272,321.1,2026-04-20T17:25:04.000Z
trackpoint,Monday Morning Walk,1,38.572235,-78.310234,320.3,2026-04-20T17:25:09.000Z
trackpoint,Monday Morning Walk,1,38.572263,-78.310146,319.1,2026-04-20T17:25:15.000Z
trackpoint,Monday Morning Walk,1,38.57227,-78.310127,318.1,2026-04-20T17:25:19.000Z
trackpoint,Monday Morning Walk,1,38.572287,-78.310067,316.9,2026-04-20T17:25:25.000Z
trackpoint,Monday Morning Walk,1,38.572267,-78.309966,315.6,2026-04-20T17:25:30.000Z
trackpoint,Monday Morning Walk,1,38.572275,-78.309907,314.5,2026-04-20T17:25:35.000Z
trackpoint,Monday Morning Walk,1,38.572285,-78.309796,314.6,2026-04-20T17:25:40.000Z
trackpoint,Monday Morning Walk,1,38.572302,-78.309722,313.9,2026-04-20T17:25:45.000Z
trackpoint,Monday Morning Walk,1,38.572303,-78.309669,314.1,2026-04-20T17:25:50.000Z
trackpoint,Monday Morning Walk,1,38.57229,-78.309592,314,2026-04-20T17:25:55.000Z
trackpoint,Monday Morning Walk,1,38.572293,-78.309541,314,2026-04-20T17:26:00.000Z
trackpoint,Monday Morning Walk,1,38.572285,-78.309497,314.4,2026-04-20T17:26:05.000Z
trackpoint,Monday Morning Walk,1,38.572303,-78.309461,315.5,2026-04-20T17:26:10.000Z
trackpoint,Monday Morning Walk,1,38.572303,-78.309354,317.6,2026-04-20T17:26:16.000Z
trackpoint,Monday Morning Walk,1,38.572252,-78.309141,317.8,2026-04-20T17:26:21.000Z
trackpoint,Monday Morning Walk,1,38.572225,-78.309009,317.9,2026-04-20T17:26:26.000Z
trackpoint,Monday Morning Walk,1,38.572213,-78.308981,318.4,2026-04-20T17:26:31.000Z
trackpoint,Monday Morning Walk,1,38.572222,-78.308891,318.9,2026-04-20T17:26:36.000Z
trackpoint,Monday Morning Walk,1,38.572177,-78.308879,321,2026-04-20T17:26:41.000Z
trackpoint,Monday Morning Walk,1,38.572128,-78.308756,321.9,2026-04-20T17:26:46.000Z
trackpoint,Monday Morning Walk,1,38.57209,-78.308594,322.8,2026-04-20T17:26:51.000Z
trackpoint,Monday Morning Walk,1,38.572048,-78.308492,322.9,2026-04-20T17:26:56.000Z
trackpoint,Monday Morning Walk,1,38.572047,-78.308452,322.3,2026-04-20T17:27:01.000Z
trackpoint,Monday Morning Walk,1,38.572035,-78.308432,322.4,2026-04-20T17:27:06.000Z
trackpoint,Monday Morning Walk,1,38.57202,-78.308421,322.6,2026-04-20T17:27:11.000Z
trackpoint,Monday Morning Walk,1,38.572003,-78.308391,322.7,2026-04-20T17:27:17.000Z
trackpoint,Monday Morning Walk,1,38.572012,-78.308284,322.7,2026-04-20T17:27:22.000Z
trackpoint,Monday Morning Walk,1,38.572028,-78.308201,323.5,2026-04-20T17:27:27.000Z
trackpoint,Monday Morning Walk,1,38.572013,-78.308159,324.7,2026-04-20T17:27:32.000Z
trackpoint,Monday Morning Walk,1,38.571998,-78.308132,325.5,2026-04-20T17:27:37.000Z
trackpoint,Monday Morning Walk,1,38.571975,-78.308062,326.4,2026-04-20T17:27:42.000Z
trackpoint,Monday Morning Walk,1,38.571983,-78.307982,327.1,2026-04-20T17:27:47.000Z
trackpoint,Monday Morning Walk,1,38.571973,-78.307886,327.6,2026-04-20T17:27:52.000Z
trackpoint,Monday Morning Walk,1,38.571963,-78.307796,328.1,2026-04-20T17:27:57.000Z
trackpoint,Monday Morning Walk,1,38.571922,-78.307674,328.1,2026-04-20T17:28:02.000Z
trackpoint,Monday Morning Walk,1,38.571927,-78.307629,329.5,2026-04-20T17:28:07.000Z
trackpoint,Monday Morning Walk,1,38.571915,-78.307562,331,2026-04-20T17:28:12.000Z
trackpoint,Monday Morning Walk,1,38.571872,-78.307432,333.1,2026-04-20T17:28:18.000Z
trackpoint,Monday Morning Walk,1,38.571832,-78.307382,334.5,2026-04-20T17:28:23.000Z
trackpoint,Monday Morning Walk,1,38.571785,-78.307284,335.8,2026-04-20T17:28:28.000Z
trackpoint,Monday Morning Walk,1,38.571718,-78.307184,335.6,2026-04-20T17:28:33.000Z
trackpoint,Monday Morning Walk,1,38.57166,-78.307059,336.6,2026-04-20T17:28:38.000Z
trackpoint,Monday Morning Walk,1,38.571647,-78.306997,337.9,2026-04-20T17:28:43.000Z
trackpoint,Monday Morning Walk,1,38.571643,-78.306986,340,2026-04-20T17:28:48.000Z
trackpoint,Monday Morning Walk,1,38.571635,-78.306954,341,2026-04-20T17:28:53.000Z
trackpoint,Monday Morning Walk,1,38.571593,-78.306777,342.2,2026-04-20T17:28:58.000Z
trackpoint,Monday Morning Walk,1,38.57155,-78.306587,344,2026-04-20T17:29:03.000Z
trackpoint,Monday Morning Walk,1,38.571533,-78.306436,345.8,2026-04-20T17:29:08.000Z
trackpoint,Monday Morning Walk,1,38.571395,-78.306246,354.8,2026-04-20T17:29:14.000Z
trackpoint,Monday Morning Walk,1,38.571323,-78.306146,357.8,2026-04-20T17:29:19.000Z
trackpoint,Monday Morning Walk,1,38.57128,-78.306077,359.9,2026-04-20T17:29:24.000Z
trackpoint,Monday Morning Walk,1,38.571255,-78.305992,361.5,2026-04-20T17:29:29.000Z
trackpoint,Monday Morning Walk,1,38.571263,-78.305971,363.1,2026-04-20T17:29:34.000Z
trackpoint,Monday Morning Walk,1,38.57128,-78.305954,363.6,2026-04-20T17:29:39.000Z
trackpoint,Monday Morning Walk,1,38.571297,-78.305941,364.2,2026-04-20T17:29:44.000Z
trackpoint,Monday Morning Walk,1,38.571285,-78.305877,365.6,2026-04-20T17:29:49.000Z
trackpoint,Monday Morning Walk,1,38.571257,-78.305779,367.8,2026-04-20T17:29:54.000Z
trackpoint,Monday Morning Walk,1,38.571235,-78.305689,370.1,2026-04-20T17:29:59.000Z
trackpoint,Monday Morning Walk,1,38.571257,-78.305596,372.3,2026-04-20T17:30:04.000Z
trackpoint,Monday Morning Walk,1,38.571268,-78.305496,374.7,2026-04-20T17:30:09.000Z
trackpoint,Monday Morning Walk,1,38.571237,-78.305386,376.7,2026-04-20T17:30:15.000Z
trackpoint,Monday Morning Walk,1,38.571215,-78.305332,377.3,2026-04-20T17:30:20.000Z
trackpoint,Monday Morning Walk,1,38.571212,-78.305244,378.6,2026-04-20T17:30:25.000Z
trackpoint,Monday Morning Walk,1,38.57121,-78.305127,380,2026-04-20T17:30:30.000Z
trackpoint,Monday Morning Walk,1,38.571217,-78.305057,381.6,2026-04-20T17:30:35.000Z
trackpoint,Monday Morning Walk,1,38.571213,-78.304986,383.2,2026-04-20T17:30:40.000Z
trackpoint,Monday Morning Walk,1,38.571202,-78.304897,383.9,2026-04-20T17:30:45.000Z
trackpoint,Monday Morning Walk,1,38.571198,-78.304809,385.8,2026-04-20T17:30:50.000Z
trackpoint,Monday Morning Walk,1,38.571162,-78.304739,387.6,2026-04-20T17:30:55.000Z
trackpoint,Monday Morning Walk,1,38.571137,-78.304639,389.3,2026-04-20T17:31:00.000Z
trackpoint,Monday Morning Walk,1,38.571117,-78.304527,391.5,2026-04-20T17:31:05.000Z
trackpoint,Monday Morning Walk,1,38.571075,-78.304417,393,2026-04-20T17:31:10.000Z
trackpoint,Monday Morning Walk,1,38.571022,-78.304311,394.6,2026-04-20T17:31:16.000Z
trackpoint,Monday Morning Walk,1,38.571003,-78.304227,395.9,2026-04-20T17:31:21.000Z
trackpoint,Monday Morning Walk,1,38.571018,-78.304179,397.2,2026-04-20T17:31:26.000Z
trackpoint,Monday Morning Walk,1,38.571008,-78.304149,398.6,2026-04-20T17:31:31.000Z
trackpoint,Monday Morning Walk,1,38.571017,-78.304071,399.8,2026-04-20T17:31:36.000Z
trackpoint,Monday Morning Walk,1,38.571002,-78.303996,400.6,2026-04-20T17:31:41.000Z
trackpoint,Monday Morning Walk,1,38.570968,-78.303912,400.8,2026-04-20T17:31:46.000Z
trackpoint,Monday Morning Walk,1,38.570933,-78.303814,400.9,2026-04-20T17:31:51.000Z
trackpoint,Monday Morning Walk,1,38.570925,-78.303722,401.3,2026-04-20T17:31:56.000Z
trackpoint,Monday Morning Walk,1,38.570917,-78.303631,402.5,2026-04-20T17:32:01.000Z
trackpoint,Monday Morning Walk,1,38.570877,-78.303566,403.8,2026-04-20T17:32:06.000Z
trackpoint,Monday Morning Walk,1,38.570822,-78.303492,405.2,2026-04-20T17:32:11.000Z
trackpoint,Monday Morning Walk,1,38.570755,-78.303419,407,2026-04-20T17:32:17.000Z
trackpoint,Monday Morning Walk,1,38.570752,-78.303382,407.8,2026-04-20T17:32:22.000Z
trackpoint,Monday Morning Walk,1,38.570757,-78.303346,407.7,2026-04-20T17:32:27.000Z
trackpoint,Monday Morning Walk,1,38.570728,-78.303297,408.7,2026-04-20T17:32:32.000Z
trackpoint,Monday Morning Walk,1,38.570702,-78.303192,409.9,2026-04-20T17:32:37.000Z
trackpoint,Monday Morning Walk,1,38.570587,-78.303054,409.4,2026-04-20T17:32:42.000Z
trackpoint,Monday Morning Walk,1,38.570503,-78.302989,408.7,2026-04-20T17:32:47.000Z
trackpoint,Monday Morning Walk,1,38.570468,-78.302939,408.1,2026-04-20T17:32:52.000Z
trackpoint,Monday Morning Walk,1,38.570435,-78.302914,407.6,2026-04-20T17:32:57.000Z
trackpoint,Monday Morning Walk,1,38.570423,-78.302914,407,2026-04-20T17:33:02.000Z
trackpoint,Monday Morning Walk,1,38.570387,-78.302904,405.9,2026-04-20T17:33:07.000Z
trackpoint,Monday Morning Walk,1,38.570298,-78.302827,404.7,2026-04-20T17:33:12.000Z
trackpoint,Monday Morning Walk,1,38.570287,-78.302731,403.2,2026-04-20T17:33:18.000Z
trackpoint,Monday Morning Walk,1,38.570283,-78.302714,402.2,2026-04-20T17:33:23.000Z
trackpoint,Monday Morning Walk,1,38.570297,-78.302676,401.1,2026-04-20T17:33:28.000Z
trackpoint,Monday Morning Walk,1,38.570295,-78.302604,399.9,2026-04-20T17:33:33.000Z
trackpoint,Monday Morning Walk,1,38.570312,-78.302539,397.6,2026-04-20T17:33:38.000Z
trackpoint,Monday Morning Walk,1,38.570355,-78.302496,394.8,2026-04-20T17:33:43.000Z
trackpoint,Monday Morning Walk,1,38.570363,-78.302484,392.7,2026-04-20T17:33:48.000Z
trackpoint,Monday Morning Walk,1,38.570365,-78.302462,391.3,2026-04-20T17:33:53.000Z
trackpoint,Monday Morning Walk,1,38.570357,-78.302399,389.6,2026-04-20T17:33:58.000Z
trackpoint,Monday Morning Walk,1,38.570333,-78.302282,387.2,2026-04-20T17:34:03.000Z
trackpoint,Monday Morning Walk,1,38.570332,-78.302137,383,2026-04-20T17:34:08.000Z
trackpoint,Monday Morning Walk,1,38.570313,-78.302006,379.3,2026-04-20T17:34:14.000Z
trackpoint,Monday Morning Walk,1,38.570337,-78.301936,377.4,2026-04-20T17:34:19.000Z
trackpoint,Monday Morning Walk,1,38.57034,-78.301829,375.8,2026-04-20T17:34:24.000Z
trackpoint,Monday Morning Walk,1,38.570343,-78.301761,373.4,2026-04-20T17:34:29.000Z
trackpoint,Monday Morning Walk,1,38.57035,-78.301722,371.4,2026-04-20T17:34:34.000Z
trackpoint,Monday Morning Walk,1,38.570323,-78.301637,369.6,2026-04-20T17:34:39.000Z
trackpoint,Monday Morning Walk,1,38.570312,-78.301592,368.2,2026-04-20T17:34:44.000Z
trackpoint,Monday Morning Walk,1,38.570298,-78.301539,367.4,2026-04-20T17:34:49.000Z
trackpoint,Monday Morning Walk,1,38.570273,-78.301466,367,2026-04-20T17:34:54.000Z
trackpoint,Monday Morning Walk,1,38.57024,-78.301362,366.8,2026-04-20T17:34:59.000Z
trackpoint,Monday Morning Walk,1,38.570227,-78.301272,367.5,2026-04-20T17:35:04.000Z
trackpoint,Monday Morning Walk,1,38.570225,-78.301284,368.4,2026-04-20T17:35:09.000Z
trackpoint,Monday Morning Walk,1,38.570228,-78.301276,368.9,2026-04-20T17:35:14.000Z
trackpoint,Monday Morning Walk,1,38.570215,-78.301206,368.4,2026-04-20T17:35:20.000Z
trackpoint,Monday Morning Walk,1,38.570198,-78.301121,366.6,2026-04-20T17:35:25.000Z
trackpoint,Monday Morning Walk,1,38.570162,-78.300981,363.8,2026-04-20T17:35:30.000Z
trackpoint,Monday Morning Walk,1,38.570157,-78.300911,361.8,2026-04-20T17:35:35.000Z
trackpoint,Monday Morning Walk,1,38.570158,-78.300792,359.3,2026-04-20T17:35:40.000Z
trackpoint,Monday Morning Walk,1,38.570167,-78.300727,356.8,2026-04-20T17:35:45.000Z
trackpoint,Monday Morning Walk,1,38.570177,-78.300664,354.6,2026-04-20T17:35:50.000Z
trackpoint,Monday Morning Walk,1,38.570172,-78.300587,352.2,2026-04-20T17:35:55.000Z
trackpoint,Monday Morning Walk,1,38.570182,-78.300519,350.1,2026-04-20T17:36:00.000Z
trackpoint,Monday Morning Walk,1,38.570228,-78.300472,347.5,2026-04-20T17:36:05.000Z
trackpoint,Monday Morning Walk,1,38.570275,-78.300426,343.4,2026-04-20T17:36:10.000Z
trackpoint,Monday Morning Walk,1,38.57031,-78.300422,341.2,2026-04-20T17:36:15.000Z
trackpoint,Monday Morning Walk,1,38.5704,-78.300436,340.5,2026-04-20T17:36:21.000Z
trackpoint,Monday Morning Walk,1,38.570433,-78.300384,340.5,2026-04-20T17:36:26.000Z
trackpoint,Monday Morning Walk,1,38.57036,-78.300309,338.1,2026-04-20T17:36:31.000Z
trackpoint,Monday Morning Walk,1,38.57031,-78.300292,337.1,2026-04-20T17:36:36.000Z
trackpoint,Monday Morning Walk,1,38.570322,-78.300334,336.5,2026-04-20T17:36:41.000Z
trackpoint,Monday Morning Walk,1,38.570342,-78.300374,336.9,2026-04-20T17:36:46.000Z
trackpoint,Monday Morning Walk,1,38.57034,-78.300391,337.6,2026-04-20T17:36:51.000Z
trackpoint,Monday Morning Walk,1,38.570305,-78.300409,337.7,2026-04-20T17:36:56.000Z
trackpoint,Monday Morning Walk,1,38.570245,-78.300432,338.3,2026-04-20T17:37:01.000Z
trackpoint,Monday Morning Walk,1,38.570198,-78.300434,339.5,2026-04-20T17:37:06.000Z
trackpoint,Monday Morning Walk,1,38.570153,-78.300392,340.4,2026-04-20T17:37:11.000Z
trackpoint,Monday Morning Walk,1,38.570082,-78.300362,341.7,2026-04-20T17:37:17.000Z
trackpoint,Monday Morning Walk,1,38.570043,-78.300376,342.9,2026-04-20T17:37:22.000Z
trackpoint,Monday Morning Walk,1,38.570007,-78.300369,343.8,2026-04-20T17:37:27.000Z
trackpoint,Monday Morning Walk,1,38.569985,-78.300351,345.2,2026-04-20T17:37:32.000Z
trackpoint,Monday Morning Walk,1,38.569955,-78.300309,347.3,2026-04-20T17:37:37.000Z
trackpoint,Monday Morning Walk,1,38.569905,-78.300296,348.8,2026-04-20T17:37:42.000Z
trackpoint,Monday Morning Walk,1,38.569848,-78.300241,350.1,2026-04-20T17:37:47.000Z
trackpoint,Monday Morning Walk,1,38.569793,-78.300172,350.6,2026-04-20T17:37:52.000Z
trackpoint,Monday Morning Walk,1,38.569748,-78.300106,351.7,2026-04-20T17:37:57.000Z
trackpoint,Monday Morning Walk,1,38.569737,-78.300091,353,2026-04-20T17:38:02.000Z
trackpoint,Monday Morning Walk,1,38.569695,-78.300074,353.4,2026-04-20T17:38:07.000Z
trackpoint,Monday Morning Walk,1,38.569608,-78.300034,353.2,2026-04-20T17:38:13.000Z
trackpoint,Monday Morning Walk,1,38.569575,-78.300032,353.3,2026-04-20T17:38:18.000Z
trackpoint,Monday Morning Walk,1,38.569518,-78.300066,353.1,2026-04-20T17:38:23.000Z
trackpoint,Monday Morning Walk,1,38.569502,-78.300076,352.5,2026-04-20T17:38:28.000Z
trackpoint,Monday Morning Walk,1,38.569488,-78.300119,352.6,2026-04-20T17:38:33.000Z
trackpoint,Monday Morning Walk,1,38.569462,-78.300147,352.9,2026-04-20T17:38:38.000Z
trackpoint,Monday Morning Walk,1,38.569438,-78.300156,353,2026-04-20T17:38:43.000Z
trackpoint,Monday Morning Walk,1,38.569388,-78.300127,352.8,2026-04-20T17:38:48.000Z
trackpoint,Monday Morning Walk,1,38.5693,-78.300062,352.1,2026-04-20T17:38:53.000Z
trackpoint,Monday Morning Walk,1,38.569273,-78.300047,352.2,2026-04-20T17:38:58.000Z
trackpoint,Monday Morning Walk,1,38.56922,-78.300044,351.4,2026-04-20T17:39:03.000Z
trackpoint,Monday Morning Walk,1,38.56919,-78.300054,350.9,2026-04-20T17:39:08.000Z
trackpoint,Monday Morning Walk,1,38.569143,-78.300052,350.3,2026-04-20T17:39:14.000Z
trackpoint,Monday Morning Walk,1,38.56911,-78.300056,349.8,2026-04-20T17:39:19.000Z
trackpoint,Monday Morning Walk,1,38.569118,-78.300092,349.8,2026-04-20T17:39:24.000Z
trackpoint,Monday Morning Walk,1,38.569123,-78.300164,350.3,2026-04-20T17:39:29.000Z
trackpoint,Monday Morning Walk,1,38.569118,-78.300211,350.8,2026-04-20T17:39:34.000Z
trackpoint,Monday Morning Walk,1,38.56905,-78.300251,351.2,2026-04-20T17:39:39.000Z
trackpoint,Monday Morning Walk,1,38.569007,-78.300271,351.3,2026-04-20T17:39:44.000Z
trackpoint,Monday Morning Walk,1,38.568972,-78.300294,351.5,2026-04-20T17:39:49.000Z
trackpoint,Monday Morning Walk,1,38.568917,-78.300334,351.6,2026-04-20T17:39:54.000Z
trackpoint,Monday Morning Walk,1,38.568895,-78.300376,352.2,2026-04-20T17:39:59.000Z
trackpoint,Monday Morning Walk,1,38.568875,-78.300449,352.8,2026-04-20T17:40:04.000Z
trackpoint,Monday Morning Walk,1,38.56887,-78.300469,353.6,2026-04-20T17:40:09.000Z
trackpoint,Monday Morning Walk,1,38.56882,-78.300499,354.6,2026-04-20T17:40:15.000Z
trackpoint,Monday Morning Walk,1,38.568747,-78.300529,355.4,2026-04-20T17:40:20.000Z
trackpoint,Monday Morning Walk,1,38.568713,-78.300566,355.5,2026-04-20T17:40:25.000Z
trackpoint,Monday Morning Walk,1,38.568677,-78.300619,355.3,2026-04-20T17:40:30.000Z
trackpoint,Monday Morning Walk,1,38.568633,-78.300666,355.7,2026-04-20T17:40:35.000Z
trackpoint,Monday Morning Walk,1,38.568612,-78.300694,356.8,2026-04-20T17:40:40.000Z
trackpoint,Monday Morning Walk,1,38.568577,-78.300749,356.9,2026-04-20T17:40:45.000Z
trackpoint,Monday Morning Walk,1,38.568542,-78.300774,357.2,2026-04-20T17:40:50.000Z
trackpoint,Monday Morning Walk,1,38.568438,-78.300876,357.7,2026-04-20T17:40:55.000Z
trackpoint,Monday Morning Walk,1,38.568387,-78.300919,357.9,2026-04-20T17:41:00.000Z
trackpoint,Monday Morning Walk,1,38.568335,-78.300914,358.3,2026-04-20T17:41:05.000Z
trackpoint,Monday Morning Walk,1,38.568263,-78.300904,359,2026-04-20T17:41:10.000Z
trackpoint,Monday Morning Walk,1,38.568198,-78.300901,359.7,2026-04-20T17:41:16.000Z
trackpoint,Monday Morning Walk,1,38.568155,-78.300886,360,2026-04-20T17:41:21.000Z
trackpoint,Monday Morning Walk,1,38.568122,-78.300932,361.2,2026-04-20T17:41:26.000Z
trackpoint,Monday Morning Walk,1,38.568075,-78.300952,361.7,2026-04-20T17:41:31.000Z
trackpoint,Monday Morning Walk,1,38.568057,-78.300956,361.9,2026-04-20T17:41:36.000Z
trackpoint,Monday Morning Walk,1,38.568007,-78.300984,362,2026-04-20T17:41:41.000Z
trackpoint,Monday Morning Walk,1,38.567978,-78.301009,362.2,2026-04-20T17:41:46.000Z
trackpoint,Monday Morning Walk,1,38.567988,-78.301072,362.7,2026-04-20T17:41:51.000Z
trackpoint,Monday Morning Walk,1,38.56796,-78.301121,363.1,2026-04-20T17:41:56.000Z
trackpoint,Monday Morning Walk,1,38.567875,-78.301082,363.9,2026-04-20T17:42:01.000Z
trackpoint,Monday Morning Walk,1,38.567793,-78.301039,364.3,2026-04-20T17:42:06.000Z
trackpoint,Monday Morning Walk,1,38.567782,-78.301024,364.6,2026-04-20T17:42:11.000Z
trackpoint,Monday Morning Walk,1,38.56778,-78.301027,364.7,2026-04-20T17:42:17.000Z
trackpoint,Monday Morning Walk,1,38.56774,-78.301044,363.9,2026-04-20T17:42:22.000Z
trackpoint,Monday Morning Walk,1,38.567708,-78.301041,363.9,2026-04-20T17:42:27.000Z
trackpoint,Monday Morning Walk,1,38.567667,-78.301039,364.5,2026-04-20T17:42:32.000Z
trackpoint,Monday Morning Walk,1,38.56762,-78.301009,365.8,2026-04-20T17:42:37.000Z
trackpoint,Monday Morning Walk,1,38.56758,-78.301006,367.6,2026-04-20T17:42:42.000Z
trackpoint,Monday Morning Walk,1,38.567577,-78.301042,369.5,2026-04-20T17:42:47.000Z
trackpoint,Monday Morning Walk,1,38.567533,-78.301052,371,2026-04-20T17:42:52.000Z
trackpoint,Monday Morning Walk,1,38.567478,-78.301076,372.2,2026-04-20T17:42:57.000Z
trackpoint,Monday Morning Walk,1,38.567442,-78.301067,372.1,2026-04-20T17:43:02.000Z
trackpoint,Monday Morning Walk,1,38.567427,-78.301036,372.3,2026-04-20T17:43:07.000Z
trackpoint,Monday Morning Walk,1,38.56738,-78.301059,372.4,2026-04-20T17:43:13.000Z
trackpoint,Monday Morning Walk,1,38.567275,-78.301071,371.5,2026-04-20T17:43:18.000Z
trackpoint,Monday Morning Walk,1,38.567245,-78.301076,371.8,2026-04-20T17:43:23.000Z
trackpoint,Monday Morning Walk,1,38.567195,-78.301102,372.5,2026-04-20T17:43:28.000Z
trackpoint,Monday Morning Walk,1,38.567183,-78.301117,373.1,2026-04-20T17:43:33.000Z
trackpoint,Monday Morning Walk,1,38.567155,-78.301136,374.5,2026-04-20T17:43:38.000Z
trackpoint,Monday Morning Walk,1,38.567092,-78.301181,375.6,2026-04-20T17:43:43.000Z
trackpoint,Monday Morning Walk,1,38.567053,-78.301137,376.3,2026-04-20T17:43:48.000Z
trackpoint,Monday Morning Walk,1,38.567028,-78.301142,377.1,2026-04-20T17:43:53.000Z
trackpoint,Monday Morning Walk,1,38.566978,-78.301142,377.7,2026-04-20T17:43:58.000Z
trackpoint,Monday Morning Walk,1,38.566953,-78.301132,378.9,2026-04-20T17:44:03.000Z
trackpoint,Monday Morning Walk,1,38.566943,-78.301139,379.9,2026-04-20T17:44:08.000Z
trackpoint,Monday Morning Walk,1,38.566922,-78.301112,380.9,2026-04-20T17:44:14.000Z
trackpoint,Monday Morning Walk,1,38.566855,-78.301054,382.5,2026-04-20T17:44:19.000Z
trackpoint,Monday Morning Walk,1,38.566815,-78.300986,383.5,2026-04-20T17:44:24.000Z
trackpoint,Monday Morning Walk,1,38.566785,-78.300959,383.8,2026-04-20T17:44:29.000Z
trackpoint,Monday Morning Walk,1,38.566775,-78.300937,385.2,2026-04-20T17:44:34.000Z
trackpoint,Monday Morning Walk,1,38.566727,-78.300894,385.6,2026-04-20T17:44:39.000Z
trackpoint,Monday Morning Walk,1,38.566715,-78.300887,386.5,2026-04-20T17:44:44.000Z
trackpoint,Monday Morning Walk,1,38.566673,-78.300889,387.3,2026-04-20T17:44:49.000Z
trackpoint,Monday Morning Walk,1,38.566687,-78.300901,387.9,2026-04-20T17:44:54.000Z
trackpoint,Monday Morning Walk,1,38.566673,-78.300922,390,2026-04-20T17:44:59.000Z
trackpoint,Monday Morning Walk,1,38.566648,-78.300957,391.5,2026-04-20T17:45:04.000Z
trackpoint,Monday Morning Walk,1,38.566722,-78.301161,391.9,2026-04-20T17:45:10.000Z
trackpoint,Monday Morning Walk,1,38.566655,-78.301104,392.1,2026-04-20T17:45:15.000Z
trackpoint,Monday Morning Walk,1,38.566615,-78.300997,392.6,2026-04-20T17:45:20.000Z
trackpoint,Monday Morning Walk,1,38.566537,-78.300916,393.2,2026-04-20T17:45:25.000Z
trackpoint,Monday Morning Walk,1,38.566485,-78.300917,394,2026-04-20T17:45:30.000Z
trackpoint,Monday Morning Walk,1,38.566383,-78.300894,394.8,2026-04-20T17:45:35.000Z
trackpoint,Monday Morning Walk,1,38.566358,-78.300817,395.2,2026-04-20T17:45:40.000Z
trackpoint,Monday Morning Walk,1,38.566323,-78.300756,395.3,2026-04-20T17:45:45.000Z
trackpoint,Monday Morning Walk,1,38.566283,-78.300794,395.6,2026-04-20T17:45:50.000Z
trackpoint,Monday Morning Walk,1,38.566277,-78.300821,397,2026-04-20T17:45:55.000Z
trackpoint,Monday Morning Walk,1,38.566272,-78.300889,398.7,2026-04-20T17:46:00.000Z
trackpoint,Monday Morning Walk,1,38.566218,-78.300822,400.8,2026-04-20T17:46:05.000Z
trackpoint,Monday Morning Walk,1,38.566195,-78.300804,401.3,2026-04-20T17:46:11.000Z
trackpoint,Monday Morning Walk,1,38.566178,-78.300774,401.3,2026-04-20T17:46:16.000Z
trackpoint,Monday Morning Walk,1,38.566112,-78.300694,401.5,2026-04-20T17:46:21.000Z
trackpoint,Monday Morning Walk,1,38.566055,-78.300644,400.6,2026-04-20T17:46:26.000Z
trackpoint,Monday Morning Walk,1,38.566017,-78.300629,400.6,2026-04-20T17:46:31.000Z
trackpoint,Monday Morning Walk,1,38.565967,-78.300647,400.8,2026-04-20T17:46:36.000Z
trackpoint,Monday Morning Walk,1,38.565917,-78.300609,401.2,2026-04-20T17:46:41.000Z
trackpoint,Monday Morning Walk,1,38.565832,-78.300519,403.9,2026-04-20T17:46:46.000Z
trackpoint,Monday Morning Walk,1,38.565725,-78.300376,402.8,2026-04-20T17:46:51.000Z
trackpoint,Monday Morning Walk,1,38.565672,-78.300356,402.6,2026-04-20T17:46:56.000Z
trackpoint,Monday Morning Walk,1,38.565677,-78.300422,402.2,2026-04-20T17:47:01.000Z
trackpoint,Monday Morning Walk,1,38.565738,-78.300486,401.6,2026-04-20T17:47:07.000Z
trackpoint,Monday Morning Walk,1,38.565765,-78.300482,402.1,2026-04-20T17:47:11.000Z
trackpoint,Monday Morning Walk,1,38.565782,-78.300517,404.5,2026-04-20T17:47:17.000Z
trackpoint,Monday Morning Walk,1,38.565767,-78.300481,407.5,2026-04-20T17:47:22.000Z
trackpoint,Monday Morning Walk,1,38.565697,-78.300411,410.1,2026-04-20T17:47:27.000Z
trackpoint,Monday Morning Walk,1,38.565688,-78.300374,410.4,2026-04-20T17:47:32.000Z
trackpoint,Monday Morning Walk,1,38.565682,-78.300311,411.1,2026-04-20T17:47:37.000Z
trackpoint,Monday Morning Walk,1,38.565633,-78.300222,411.2,2026-04-20T17:47:42.000Z
trackpoint,Monday Morning Walk,1,38.565617,-78.300151,411.5,2026-04-20T17:47:47.000Z
trackpoint,Monday Morning Walk,1,38.565583,-78.300069,411.8,2026-04-20T17:47:52.000Z
trackpoint,Monday Morning Walk,1,38.565583,-78.300047,412,2026-04-20T17:47:57.000Z
trackpoint,Monday Morning Walk,1,38.565592,-78.299967,412.4,2026-04-20T17:48:02.000Z
trackpoint,Monday Morning Walk,1,38.565608,-78.299934,412.5,2026-04-20T17:48:07.000Z
trackpoint,Monday Morning Walk,1,38.565663,-78.299872,412.9,2026-04-20T17:48:13.000Z
trackpoint,Monday Morning Walk,1,38.565703,-78.299849,413.2,2026-04-20T17:48:18.000Z
trackpoint,Monday Morning Walk,1,38.565755,-78.299789,413.3,2026-04-20T17:48:23.000Z
trackpoint,Monday Morning Walk,1,38.565787,-78.299706,411.8,2026-04-20T17:48:28.000Z
trackpoint,Monday Morning Walk,1,38.565815,-78.299621,409.9,2026-04-20T17:48:33.000Z
trackpoint,Monday Morning Walk,1,38.565858,-78.299571,409,2026-04-20T17:48:38.000Z
trackpoint,Monday Morning Walk,1,38.565893,-78.299511,408.4,2026-04-20T17:48:43.000Z
trackpoint,Monday Morning Walk,1,38.565945,-78.299457,407.1,2026-04-20T17:48:48.000Z
trackpoint,Monday Morning Walk,1,38.565953,-78.299381,406.3,2026-04-20T17:48:53.000Z
trackpoint,Monday Morning Walk,1,38.565977,-78.299304,404.8,2026-04-20T17:48:58.000Z
trackpoint,Monday Morning Walk,1,38.566032,-78.299252,402.9,2026-04-20T17:49:03.000Z
trackpoint,Monday Morning Walk,1,38.566052,-78.299201,400.6,2026-04-20T17:49:08.000Z
trackpoint,Monday Morning Walk,1,38.566077,-78.299141,401.8,2026-04-20T17:49:13.000Z
trackpoint,Monday Morning Walk,1,38.566117,-78.299059,403.9,2026-04-20T17:49:19.000Z
trackpoint,Monday Morning Walk,1,38.566117,-78.299039,405.5,2026-04-20T17:49:24.000Z
trackpoint,Monday Morning Walk,1,38.566098,-78.298989,406.7,2026-04-20T17:49:29.000Z
trackpoint,Monday Morning Walk,1,38.566083,-78.298924,407.7,2026-04-20T17:49:34.000Z
trackpoint,Monday Morning Walk,1,38.566073,-78.298887,409.4,2026-04-20T17:49:39.000Z
trackpoint,Monday Morning Walk,1,38.566052,-78.298836,411,2026-04-20T17:49:44.000Z
trackpoint,Monday Morning Walk,1,38.566045,-78.298712,413.2,2026-04-20T17:49:49.000Z
trackpoint,Monday Morning Walk,1,38.566005,-78.298672,414.3,2026-04-20T17:49:54.000Z
trackpoint,Monday Morning Walk,1,38.56603,-78.298627,415.1,2026-04-20T17:49:59.000Z
trackpoint,Monday Morning Walk,1,38.566053,-78.298567,415.7,2026-04-20T17:50:04.000Z
trackpoint,Monday Morning Walk,1,38.566005,-78.298396,416.7,2026-04-20T17:50:10.000Z
trackpoint,Monday Morning Walk,1,38.566027,-78.298319,417.8,2026-04-20T17:50:15.000Z
trackpoint,Monday Morning Walk,1,38.566067,-78.298277,419,2026-04-20T17:50:20.000Z
trackpoint,Monday Morning Walk,1,38.566063,-78.298192,419,2026-04-20T17:50:25.000Z
trackpoint,Monday Morning Walk,1,38.566012,-78.298171,418.8,2026-04-20T17:50:30.000Z
trackpoint,Monday Morning Walk,1,38.565897,-78.298104,418.3,2026-04-20T17:50:35.000Z
trackpoint,Monday Morning Walk,1,38.565817,-78.298061,417.1,2026-04-20T17:50:40.000Z
trackpoint,Monday Morning Walk,1,38.565793,-78.298031,416.7,2026-04-20T17:50:45.000Z
trackpoint,Monday Morning Walk,1,38.565783,-78.297961,416.4,2026-04-20T17:50:50.000Z
trackpoint,Monday Morning Walk,1,38.565818,-78.297874,417.4,2026-04-20T17:50:55.000Z
trackpoint,Monday Morning Walk,1,38.565838,-78.297816,418.4,2026-04-20T17:51:00.000Z
trackpoint,Monday Morning Walk,1,38.565832,-78.297806,418.8,2026-04-20T17:51:05.000Z
trackpoint,Monday Morning Walk,1,38.565823,-78.297794,419.9,2026-04-20T17:51:11.000Z
trackpoint,Monday Morning Walk,1,38.565742,-78.297777,420.8,2026-04-20T17:51:16.000Z
trackpoint,Monday Morning Walk,1,38.565687,-78.297771,421.3,2026-04-20T17:51:21.000Z
trackpoint,Monday Morning Walk,1,38.565677,-78.297802,421.9,2026-04-20T17:51:26.000Z
trackpoint,Monday Morning Walk,1,38.565675,-78.297744,422.4,2026-04-20T17:51:31.000Z
trackpoint,Monday Morning Walk,1,38.565693,-78.297756,423,2026-04-20T17:51:36.000Z
trackpoint,Monday Morning Walk,1,38.565632,-78.297624,423,2026-04-20T17:51:41.000Z
trackpoint,Monday Morning Walk,1,38.5656,-78.297529,422.5,2026-04-20T17:51:46.000Z
trackpoint,Monday Morning Walk,1,38.56562,-78.297454,421.8,2026-04-20T17:51:51.000Z
trackpoint,Monday Morning Walk,1,38.565688,-78.297417,420.1,2026-04-20T17:51:56.000Z
trackpoint,Monday Morning Walk,1,38.565713,-78.297359,417.8,2026-04-20T17:52:01.000Z
trackpoint,Monday Morning Walk,1,38.565732,-78.297364,416.9,2026-04-20T17:52:06.000Z
trackpoint,Monday Morning Walk,1,38.565748,-78.297222,416.1,2026-04-20T17:52:12.000Z
trackpoint,Monday Morning Walk,1,38.565783,-78.297199,416.5,2026-04-20T17:52:17.000Z
trackpoint,Monday Morning Walk,1,38.56579,-78.297132,416.6,2026-04-20T17:52:22.000Z
trackpoint,Monday Morning Walk,1,38.565793,-78.297087,416.3,2026-04-20T17:52:27.000Z
trackpoint,Monday Morning Walk,1,38.565805,-78.297006,416.1,2026-04-20T17:52:32.000Z
trackpoint,Monday Morning Walk,1,38.565828,-78.296922,415.9,2026-04-20T17:52:37.000Z
trackpoint,Monday Morning Walk,1,38.565868,-78.296916,416,2026-04-20T17:52:42.000Z
trackpoint,Monday Morning Walk,1,38.565922,-78.296852,416.6,2026-04-20T17:52:47.000Z
trackpoint,Monday Morning Walk,1,38.565952,-78.296779,416.6,2026-04-20T17:52:52.000Z
trackpoint,Monday Morning Walk,1,38.565995,-78.296749,416.4,2026-04-20T17:52:57.000Z
trackpoint,Monday Morning Walk,1,38.566018,-78.296647,415.5,2026-04-20T17:53:02.000Z
trackpoint,Monday Morning Walk,1,38.566063,-78.296476,415,2026-04-20T17:53:08.000Z
trackpoint,Monday Morning Walk,1,38.566062,-78.296339,415.3,2026-04-20T17:53:14.000Z
trackpoint,Monday Morning Walk,1,38.566067,-78.296247,415.8,2026-04-20T17:53:19.000Z
trackpoint,Monday Morning Walk,1,38.566062,-78.296197,416,2026-04-20T17:53:24.000Z
trackpoint,Monday Morning Walk,1,38.566077,-78.296154,415.8,2026-04-20T17:53:29.000Z
trackpoint,Monday Morning Walk,1,38.566088,-78.296096,416,2026-04-20T17:53:34.000Z
trackpoint,Monday Morning Walk,1,38.566063,-78.296021,415.6,2026-04-20T17:53:39.000Z
trackpoint,Monday Morning Walk,1,38.566027,-78.295906,415.6,2026-04-20T17:53:44.000Z
trackpoint,Monday Morning Walk,1,38.565995,-78.295852,415.8,2026-04-20T17:53:49.000Z
trackpoint,Monday Morning Walk,1,38.565992,-78.295816,415.7,2026-04-20T17:53:54.000Z
trackpoint,Monday Morning Walk,1,38.566007,-78.295781,415.8,2026-04-20T17:53:59.000Z
trackpoint,Monday Morning Walk,1,38.566018,-78.295757,415.9,2026-04-20T17:54:04.000Z
trackpoint,Monday Morning Walk,1,38.566038,-78.295747,416.7,2026-04-20T17:54:09.000Z
trackpoint,Monday Morning Walk,1,38.566012,-78.295721,417.3,2026-04-20T17:54:15.000Z
trackpoint,Monday Morning Walk,1,38.56597,-78.295654,417.9,2026-04-20T17:54:20.000Z
trackpoint,Monday Morning Walk,1,38.565967,-78.295604,417.9,2026-04-20T17:54:25.000Z
trackpoint,Monday Morning Walk,1,38.565912,-78.295522,417.3,2026-04-20T17:54:30.000Z
trackpoint,Monday Morning Walk,1,38.565863,-78.295411,413.8,2026-04-20T17:54:35.000Z
trackpoint,Monday Morning Walk,1,38.56586,-78.295357,412.7,2026-04-20T17:54:40.000Z
trackpoint,Monday Morning Walk,1,38.565843,-78.295246,409.7,2026-04-20T17:54:45.000Z
trackpoint,Monday Morning Walk,1,38.565792,-78.295106,405.9,2026-04-20T17:54:50.000Z
trackpoint,Monday Morning Walk,1,38.565747,-78.294989,403,2026-04-20T17:54:55.000Z
trackpoint,Monday Morning Walk,1,38.565765,-78.294934,402.4,2026-04-20T17:55:00.000Z
trackpoint,Monday Morning Walk,1,38.5658,-78.294901,401.5,2026-04-20T17:55:05.000Z
trackpoint,Monday Morning Walk,1,38.565842,-78.294886,400.8,2026-04-20T17:55:10.000Z
trackpoint,Monday Morning Walk,1,38.565885,-78.294909,398.7,2026-04-20T17:55:16.000Z
trackpoint,Monday Morning Walk,1,38.565912,-78.294907,396.3,2026-04-20T17:55:21.000Z
trackpoint,Monday Morning Walk,1,38.56593,-78.294849,394.4,2026-04-20T17:55:26.000Z
trackpoint,Monday Morning Walk,1,38.56592,-78.294776,394.8,2026-04-20T17:55:31.000Z
trackpoint,Monday Morning Walk,1,38.565927,-78.294716,396.2,2026-04-20T17:55:36.000Z
trackpoint,Monday Morning Walk,1,38.565972,-78.294647,397.4,2026-04-20T17:55:41.000Z
trackpoint,Monday Morning Walk,1,38.566022,-78.294586,398.4,2026-04-20T17:55:46.000Z
trackpoint,Monday Morning Walk,1,38.566085,-78.294549,399.3,2026-04-20T17:55:51.000Z
trackpoint,Monday Morning Walk,1,38.566163,-78.294524,399.4,2026-04-20T17:55:56.000Z
trackpoint,Monday Morning Walk,1,38.566242,-78.294519,399.2,2026-04-20T17:56:01.000Z
trackpoint,Monday Morning Walk,1,38.566383,-78.294574,396.9,2026-04-20T17:56:06.000Z
trackpoint,Monday Morning Walk,1,38.566453,-78.294644,395.3,2026-04-20T17:56:11.000Z
trackpoint,Monday Morning Walk,1,38.566465,-78.294686,393.9,2026-04-20T17:56:17.000Z
trackpoint,Monday Morning Walk,1,38.566462,-78.294629,393.7,2026-04-20T17:56:22.000Z
trackpoint,Monday Morning Walk,1,38.566448,-78.294582,393.5,2026-04-20T17:56:27.000Z
trackpoint,Monday Morning Walk,1,38.566458,-78.294551,393.5,2026-04-20T17:56:32.000Z
trackpoint,Monday Morning Walk,1,38.566468,-78.294519,392.5,2026-04-20T17:56:37.000Z
trackpoint,Monday Morning Walk,1,38.56649,-78.294446,390,2026-04-20T17:56:42.000Z
trackpoint,Monday Morning Walk,1,38.566532,-78.294402,388.8,2026-04-20T17:56:47.000Z
trackpoint,Monday Morning Walk,1,38.566555,-78.294392,388.2,2026-04-20T17:56:52.000Z
trackpoint,Monday Morning Walk,1,38.566592,-78.294391,387.3,2026-04-20T17:56:57.000Z
trackpoint,Monday Morning Walk,1,38.566623,-78.294374,387.1,2026-04-20T17:57:02.000Z
trackpoint,Monday Morning Walk,1,38.566725,-78.294389,386.9,2026-04-20T17:57:07.000Z
trackpoint,Monday Morning Walk,1,38.566788,-78.294366,386.8,2026-04-20T17:57:13.000Z
trackpoint,Monday Morning Walk,1,38.566818,-78.294332,386.9,2026-04-20T17:57:18.000Z
trackpoint,Monday Morning Walk,1,38.566813,-78.294279,385,2026-04-20T17:57:23.000Z
trackpoint,Monday Morning Walk,1,38.566872,-78.294256,384.7,2026-04-20T17:57:28.000Z
trackpoint,Monday Morning Walk,1,38.566868,-78.294222,384.5,2026-04-20T17:57:33.000Z
trackpoint,Monday Morning Walk,1,38.566895,-78.294174,384.6,2026-04-20T17:57:38.000Z
trackpoint,Monday Morning Walk,1,38.566918,-78.294167,384.9,2026-04-20T17:57:43.000Z
trackpoint,Monday Morning Walk,1,38.56691,-78.294217,385.5,2026-04-20T17:57:48.000Z
trackpoint,Monday Morning Walk,1,38.566957,-78.294204,385.7,2026-04-20T17:57:53.000Z
trackpoint,Monday Morning Walk,1,38.567045,-78.294186,385.9,2026-04-20T17:57:58.000Z
trackpoint,Monday Morning Walk,1,38.567118,-78.294141,384.2,2026-04-20T17:58:03.000Z
trackpoint,Monday Morning Walk,1,38.567175,-78.294112,384.5,2026-04-20T17:58:08.000Z
trackpoint,Monday Morning Walk,1,38.567245,-78.294129,385.3,2026-04-20T17:58:14.000Z
trackpoint,Monday Morning Walk,1,38.567337,-78.294126,386.6,2026-04-20T17:58:19.000Z
trackpoint,Monday Morning Walk,1,38.567435,-78.294147,387.2,2026-04-20T17:58:24.000Z
trackpoint,Monday Morning Walk,1,38.567503,-78.294154,387.2,2026-04-20T17:58:29.000Z
trackpoint,Monday Morning Walk,1,38.56755,-78.294127,387.1,2026-04-20T17:58:34.000Z
trackpoint,Monday Morning Walk,1,38.567622,-78.294139,387,2026-04-20T17:58:39.000Z
trackpoint,Monday Morning Walk,1,38.567718,-78.294126,386.1,2026-04-20T17:58:44.000Z
trackpoint,Monday Morning Walk,1,38.567787,-78.294134,386,2026-04-20T17:58:49.000Z
trackpoint,Monday Morning Walk,1,38.56785,-78.294129,386.4,2026-04-20T17:58:54.000Z
trackpoint,Monday Morning Walk,1,38.567863,-78.294097,387.1,2026-04-20T17:58:59.000Z
trackpoint,Monday Morning Walk,1,38.567898,-78.294147,386.8,2026-04-20T17:59:04.000Z
trackpoint,Monday Morning Walk,1,38.567922,-78.294191,385.7,2026-04-20T17:59:10.000Z
trackpoint,Monday Morning Walk,1,38.568028,-78.294169,385.1,2026-04-20T17:59:15.000Z
trackpoint,Monday Morning Walk,1,38.568055,-78.294191,384.9,2026-04-20T17:59:20.000Z
trackpoint,Monday Morning Walk,1,38.568078,-78.294187,383.8,2026-04-20T17:59:25.000Z
trackpoint,Monday Morning Walk,1,38.568115,-78.294161,382.4,2026-04-20T17:59:30.000Z
trackpoint,Monday Morning Walk,1,38.56813,-78.294149,382.9,2026-04-20T17:59:35.000Z
trackpoint,Monday Morning Walk,1,38.568127,-78.294129,381.9,2026-04-20T17:59:40.000Z
trackpoint,Monday Morning Walk,1,38.568165,-78.294152,380.9,2026-04-20T17:59:45.000Z
trackpoint,Monday Morning Walk,1,38.568248,-78.294119,380.3,2026-04-20T17:59:50.000Z
trackpoint,Monday Morning Walk,1,38.568283,-78.294066,380.8,2026-04-20T17:59:55.000Z
trackpoint,Monday Morning Walk,1,38.568367,-78.293997,380.1,2026-04-20T18:00:00.000Z
trackpoint,Monday Morning Walk,1,38.568433,-78.293959,378.3,2026-04-20T18:00:05.000Z
trackpoint,Monday Morning Walk,1,38.568533,-78.293954,376.2,2026-04-20T18:00:11.000Z
trackpoint,Monday Morning Walk,1,38.568568,-78.293876,375.7,2026-04-20T18:00:16.000Z
trackpoint,Monday Morning Walk,1,38.568675,-78.293841,375.5,2026-04-20T18:00:21.000Z
trackpoint,Monday Morning Walk,1,38.568735,-78.293844,374,2026-04-20T18:00:26.000Z
trackpoint,Monday Morning Walk,1,38.56877,-78.293836,372.9,2026-04-20T18:00:31.000Z
trackpoint,Monday Morning Walk,1,38.568722,-78.293857,372.6,2026-04-20T18:00:36.000Z
trackpoint,Monday Morning Walk,1,38.568785,-78.293957,371.5,2026-04-20T18:00:41.000Z
trackpoint,Monday Morning Walk,1,38.568803,-78.293996,371,2026-04-20T18:00:46.000Z
trackpoint,Monday Morning Walk,1,38.568808,-78.294017,371.2,2026-04-20T18:00:51.000Z
trackpoint,Monday Morning Walk,1,38.568815,-78.294029,371.4,2026-04-20T18:00:56.000Z
trackpoint,Monday Morning Walk,1,38.568863,-78.294051,371.6,2026-04-20T18:01:01.000Z
trackpoint,Monday Morning Walk,1,38.568915,-78.294071,371.8,2026-04-20T18:01:06.000Z
trackpoint,Monday Morning Walk,1,38.568918,-78.293991,371.2,2026-04-20T18:01:11.000Z
trackpoint,Monday Morning Walk,1,38.568907,-78.293926,371,2026-04-20T18:01:17.000Z
trackpoint,Monday Morning Walk,1,38.568933,-78.293877,371.2,2026-04-20T18:01:22.000Z
trackpoint,Monday Morning Walk,1,38.56891,-78.293794,367.5,2026-04-20T18:01:27.000Z
trackpoint,Monday Morning Walk,1,38.568925,-78.293777,366.6,2026-04-20T18:01:32.000Z
trackpoint,Monday Morning Walk,1,38.568982,-78.293754,365.7,2026-04-20T18:01:37.000Z
trackpoint,Monday Morning Walk,1,38.56904,-78.293781,365.8,2026-04-20T18:01:42.000Z
trackpoint,Monday Morning Walk,1,38.5691,-78.293811,366,2026-04-20T18:01:47.000Z
trackpoint,Monday Morning Walk,1,38.569123,-78.293829,366.2,2026-04-20T18:01:52.000Z
trackpoint,Monday Morning Walk,1,38.569165,-78.293847,365.9,2026-04-20T18:01:57.000Z
trackpoint,Monday Morning Walk,1,38.569185,-78.293817,366.5,2026-04-20T18:02:02.000Z
trackpoint,Monday Morning Walk,1,38.56927,-78.293856,366.5,2026-04-20T18:02:07.000Z
trackpoint,Monday Morning Walk,1,38.569365,-78.293866,366.1,2026-04-20T18:02:13.000Z
trackpoint,Monday Morning Walk,1,38.569467,-78.293892,365.9,2026-04-20T18:02:18.000Z
trackpoint,Monday Morning Walk,1,38.569533,-78.293916,365.6,2026-04-20T18:02:23.000Z
trackpoint,Monday Morning Walk,1,38.56958,-78.293989,365.6,2026-04-20T18:02:28.000Z
trackpoint,Monday Morning Walk,1,38.569613,-78.293921,365.8,2026-04-20T18:02:33.000Z
trackpoint,Monday Morning Walk,1,38.56963,-78.293794,366.1,2026-04-20T18:02:38.000Z
trackpoint,Monday Morning Walk,1,38.569637,-78.293736,364.4,2026-04-20T18:02:43.000Z
trackpoint,Monday Morning Walk,1,38.569697,-78.293677,362.3,2026-04-20T18:02:48.000Z
trackpoint,Monday Morning Walk,1,38.569748,-78.293649,360.1,2026-04-20T18:02:53.000Z
trackpoint,Monday Morning Walk,1,38.569803,-78.293657,358.7,2026-04-20T18:02:58.000Z
trackpoint,Monday Morning Walk,1,38.569837,-78.293614,356.7,2026-04-20T18:03:03.000Z
trackpoint,Monday Morning Walk,1,38.569845,-78.293537,352.7,2026-04-20T18:03:08.000Z
trackpoint,Monday Morning Walk,1,38.569885,-78.293537,350.4,2026-04-20T18:03:14.000Z
trackpoint,Monday Morning Walk,1,38.569947,-78.293534,347.9,2026-04-20T18:03:19.000Z
trackpoint,Monday Morning Walk,1,38.569978,-78.293514,346.5,2026-04-20T18:03:24.000Z
trackpoint,Monday Morning Walk,1,38.570005,-78.293456,345,2026-04-20T18:03:29.000Z
trackpoint,Monday Morning Walk,1,38.57009,-78.293449,344.8,2026-04-20T18:03:34.000Z
trackpoint,Monday Morning Walk,1,38.57016,-78.293472,344.7,2026-04-20T18:03:39.000Z
trackpoint,Monday Morning Walk,1,38.570237,-78.293471,344,2026-04-20T18:03:44.000Z
trackpoint,Monday Morning Walk,1,38.570327,-78.293521,342.6,2026-04-20T18:03:49.000Z
trackpoint,Monday Morning Walk,1,38.57033,-78.293576,341.3,2026-04-20T18:03:54.000Z
trackpoint,Monday Morning Walk,1,38.570342,-78.293576,340.6,2026-04-20T18:03:59.000Z
trackpoint,Monday Morning Walk,1,38.570377,-78.293582,339.9,2026-04-20T18:04:04.000Z
trackpoint,Monday Morning Walk,1,38.570457,-78.293597,340.1,2026-04-20T18:04:09.000Z
trackpoint,Monday Morning Walk,1,38.570543,-78.293574,339.2,2026-04-20T18:04:14.000Z
trackpoint,Monday Morning Walk,1,38.570617,-78.293617,336.4,2026-04-20T18:04:20.000Z
trackpoint,Monday Morning Walk,1,38.57068,-78.293677,334.1,2026-04-20T18:04:25.000Z
trackpoint,Monday Morning Walk,1,38.570698,-78.293682,333.6,2026-04-20T18:04:30.000Z
trackpoint,Monday Morning Walk,1,38.5707,-78.293692,333.4,2026-04-20T18:04:35.000Z
trackpoint,Monday Morning Walk,1,38.570683,-78.293694,332,2026-04-20T18:04:40.000Z
trackpoint,Monday Morning Walk,1,38.570683,-78.293697,331.6,2026-04-20T18:04:45.000Z
trackpoint,Monday Morning Walk,1,38.570698,-78.293706,331.4,2026-04-20T18:04:50.000Z
trackpoint,Monday Morning Walk,1,38.570727,-78.293721,331.2,2026-04-20T18:04:55.000Z
trackpoint,Monday Morning Walk,1,38.570708,-78.293719,331,2026-04-20T18:05:00.000Z
trackpoint,Monday Morning Walk,1,38.570723,-78.293714,331,2026-04-20T18:05:05.000Z
trackpoint,Monday Morning Walk,1,38.570755,-78.293649,330.8,2026-04-20T18:05:10.000Z
trackpoint,Monday Morning Walk,1,38.57079,-78.293569,330.3,2026-04-20T18:05:16.000Z
trackpoint,Monday Morning Walk,1,38.570823,-78.293522,329.7,2026-04-20T18:05:21.000Z
trackpoint,Monday Morning Walk,1,38.570857,-78.293481,328.8,2026-04-20T18:05:26.000Z
trackpoint,Monday Morning Walk,1,38.570898,-78.293417,327.9,2026-04-20T18:05:31.000Z
trackpoint,Monday Morning Walk,1,38.570937,-78.293381,326.8,2026-04-20T18:05:36.000Z
trackpoint,Monday Morning Walk,1,38.57096,-78.293336,325.3,2026-04-20T18:05:41.000Z
trackpoint,Monday Morning Walk,1,38.570948,-78.293311,324.4,2026-04-20T18:05:46.000Z
trackpoint,Monday Morning Walk,1,38.570942,-78.293266,323.3,2026-04-20T18:05:51.000Z
trackpoint,Monday Morning Walk,1,38.570937,-78.293217,321.4,2026-04-20T18:05:56.000Z
trackpoint,Monday Morning Walk,1,38.570958,-78.293197,320.9,2026-04-20T18:06:01.000Z
trackpoint,Monday Morning Walk,1,38.570947,-78.293191,320.3,2026-04-20T18:06:06.000Z
trackpoint,Monday Morning Walk,1,38.570963,-78.293187,319.6,2026-04-20T18:06:11.000Z
trackpoint,Monday Morning Walk,1,38.570968,-78.293187,319.3,2026-04-20T18:06:17.000Z
trackpoint,Monday Morning Walk,1,38.571005,-78.293162,318.2,2026-04-20T18:06:22.000Z
trackpoint,Monday Morning Walk,1,38.57101,-78.293161,317.6,2026-04-20T18:06:27.000Z
trackpoint,Monday Morning Walk,1,38.571022,-78.293147,316.5,2026-04-20T18:06:32.000Z
trackpoint,Monday Morning Walk,1,38.571033,-78.293164,315.7,2026-04-20T18:06:37.000Z
trackpoint,Monday Morning Walk,1,38.571053,-78.293181,315.1,2026-04-20T18:06:42.000Z
trackpoint,Monday Morning Walk,1,38.571053,-78.293184,315.3,2026-04-20T18:06:47.000Z
trackpoint,Monday Morning Walk,1,38.571065,-78.293191,315.2,2026-04-20T18:06:52.000Z
trackpoint,Monday Morning Walk,1,38.571065,-78.293197,315.2,2026-04-20T18:06:57.000Z
trackpoint,Monday Morning Walk,1,38.571067,-78.293202,315.1,2026-04-20T18:07:02.000Z
trackpoint,Monday Morning Walk,1,38.571062,-78.293234,315.1,2026-04-20T18:07:07.000Z
trackpoint,Monday Morning Walk,1,38.571062,-78.293246,315.1,2026-04-20T18:07:13.000Z
trackpoint,Monday Morning Walk,1,38.571063,-78.293259,315,2026-04-20T18:07:17.000Z
trackpoint,Monday Morning Walk,1,38.571092,-78.293306,314.7,2026-04-20T18:07:23.000Z
trackpoint,Monday Morning Walk,1,38.571085,-78.293309,314,2026-04-20T18:07:30.000Z
trackpoint,Monday Morning Walk,1,38.57107,-78.293336,313,2026-04-20T18:07:39.000Z